fold,model,blend,target,horizon_step,horizon_minutes,mape,score_1_minus_mape,mae,rmse,samples
fold_1,direct_d3,0.0,generator_1,1,15,0.03156391158699989,0.9684360884130001,2.3762598037719727,3.84385347366333,1440
fold_1,direct_d3,0.1,generator_1,1,15,0.03142188489437103,0.968578115105629,2.3657631874084473,3.8345742225646973,1440
fold_1,direct_d3,0.15,generator_1,1,15,0.03141414001584053,0.9685858599841595,2.365365743637085,3.8337161540985107,1440
fold_1,direct_d3,0.2,generator_1,1,15,0.031465187668800354,0.9685348123311996,2.369081974029541,3.835383176803589,1440
fold_1,direct_d3,0.25,generator_1,1,15,0.0315721333026886,0.9684278666973114,2.37719988822937,3.839571952819824,1440
fold_1,direct_d3,0.3,generator_1,1,15,0.03173146769404411,0.9682685323059559,2.3891890048980713,3.8462743759155273,1440
fold_1,direct_d3,0.35,generator_1,1,15,0.031949736177921295,0.9680502638220787,2.40539813041687,3.8554768562316895,1440
fold_1,direct_d3,0.4,generator_1,1,15,0.03221256285905838,0.9677874371409416,2.425116539001465,3.867161750793457,1440
fold_1,direct_d3,0.5,generator_1,1,15,0.03286324441432953,0.9671367555856705,2.4743685722351074,3.897886037826538,1440
fold_1,direct_d3,0.0,generator_1,2,30,0.043275974690914154,0.9567240253090858,3.215257167816162,5.361660957336426,1440
fold_1,direct_d3,0.1,generator_1,2,30,0.04339379072189331,0.9566062092781067,3.2317826747894287,5.354412078857422,1440
fold_1,direct_d3,0.15,generator_1,2,30,0.04368565231561661,0.9563143476843834,3.2582452297210693,5.362574577331543,1440
fold_1,direct_d3,0.2,generator_1,2,30,0.04410579055547714,0.9558942094445229,3.295285940170288,5.378558158874512,1440
fold_1,direct_d3,0.25,generator_1,2,30,0.044662103056907654,0.9553378969430923,3.342456817626953,5.402293682098389,1440
fold_1,direct_d3,0.3,generator_1,2,30,0.04537392780184746,0.9546260721981525,3.400777816772461,5.433679580688477,1440
fold_1,direct_d3,0.35,generator_1,2,30,0.04622220620512962,0.9537777937948704,3.4695000648498535,5.472584247589111,1440
fold_1,direct_d3,0.4,generator_1,2,30,0.04719417542219162,0.9528058245778084,3.5479397773742676,5.518848896026611,1440
fold_1,direct_d3,0.5,generator_1,2,30,0.04941878467798233,0.9505812153220177,3.726475715637207,5.63270378112793,1440
fold_1,direct_d3,0.0,generator_1,3,45,0.05293743312358856,0.9470625668764114,3.907463312149048,6.586505889892578,1440
fold_1,direct_d3,0.1,generator_1,3,45,0.053137462586164474,0.9468625374138355,3.9407715797424316,6.580725193023682,1440
fold_1,direct_d3,0.15,generator_1,3,45,0.05364495888352394,0.9463550411164761,3.98873233795166,6.596893310546875,1440
fold_1,direct_d3,0.2,generator_1,3,45,0.054401639848947525,0.9455983601510525,4.055012226104736,6.625667095184326,1440
fold_1,direct_d3,0.25,generator_1,3,45,0.05539581552147865,0.9446041844785213,4.140717029571533,6.66688346862793,1440
fold_1,direct_d3,0.3,generator_1,3,45,0.05664811283349991,0.9433518871665001,4.247007846832275,6.7203145027160645,1440
fold_1,direct_d3,0.35,generator_1,3,45,0.05815352499485016,0.9418464750051498,4.372743129730225,6.785669326782227,1440
fold_1,direct_d3,0.4,generator_1,3,45,0.05983090400695801,0.940169095993042,4.511762619018555,6.862610340118408,1440
fold_1,direct_d3,0.5,generator_1,3,45,0.06356537342071533,0.9364346265792847,4.819581985473633,7.049670219421387,1440
fold_1,direct_d3,0.0,generator_1,4,60,0.06344591826200485,0.9365540817379951,4.6405253410339355,7.748594760894775,1440
fold_1,direct_d3,0.1,generator_1,4,60,0.06373673677444458,0.9362632632255554,4.684361934661865,7.739306926727295,1440
fold_1,direct_d3,0.15,generator_1,4,60,0.0644388273358345,0.9355611726641655,4.749659538269043,7.758174896240234,1440
fold_1,direct_d3,0.2,generator_1,4,60,0.0654720813035965,0.9345279186964035,4.8412322998046875,7.792596340179443,1440
fold_1,direct_d3,0.25,generator_1,4,60,0.06675459444522858,0.9332454055547714,4.95279598236084,7.842367172241211,1440
fold_1,direct_d3,0.3,generator_1,4,60,0.06832325458526611,0.9316767454147339,5.0854573249816895,7.90719747543335,1440
fold_1,direct_d3,0.35,generator_1,4,60,0.0701901763677597,0.9298098236322403,5.239529132843018,7.986720561981201,1440
fold_1,direct_d3,0.4,generator_1,4,60,0.07230374217033386,0.9276962578296661,5.411513805389404,8.0805025100708,1440
fold_1,direct_d3,0.5,generator_1,4,60,0.07705355435609818,0.9229464456439018,5.795222282409668,8.308838844299316,1440
fold_1,direct_d3,0.0,generator_1,5,75,0.07216058671474457,0.9278394132852554,5.2519426345825195,8.712187767028809,1440
fold_1,direct_d3,0.1,generator_1,5,75,0.072502002120018,0.927497997879982,5.307399272918701,8.696846008300781,1440
fold_1,direct_d3,0.15,generator_1,5,75,0.07338505983352661,0.9266149401664734,5.391659736633301,8.718725204467773,1440
fold_1,direct_d3,0.2,generator_1,5,75,0.07474828511476517,0.9252517148852348,5.51090669631958,8.760151863098145,1440
fold_1,direct_d3,0.25,generator_1,5,75,0.07648812979459763,0.9235118702054024,5.659560203552246,8.82085132598877,1440
fold_1,direct_d3,0.3,generator_1,5,75,0.07855988293886185,0.9214401170611382,5.83239221572876,8.900429725646973,1440
fold_1,direct_d3,0.35,generator_1,5,75,0.08091694116592407,0.9190830588340759,6.026687145233154,8.998385429382324,1440
fold_1,direct_d3,0.4,generator_1,5,75,0.08353714644908905,0.916462853550911,6.240616798400879,9.11412525177002,1440
fold_1,direct_d3,0.5,generator_1,5,75,0.08938412368297577,0.9106158763170242,6.7144904136657715,9.39622974395752,1440
fold_1,direct_d3,0.0,generator_1,6,90,0.08152056485414505,0.918479435145855,5.910423278808594,9.55147933959961,1440
fold_1,direct_d3,0.1,generator_1,6,90,0.08189855515956879,0.9181014448404312,5.976814270019531,9.536506652832031,1440
fold_1,direct_d3,0.15,generator_1,6,90,0.08287818729877472,0.9171218127012253,6.072757244110107,9.566816329956055,1440
fold_1,direct_d3,0.2,generator_1,6,90,0.08442326635122299,0.915576733648777,6.212764263153076,9.6220703125,1440
fold_1,direct_d3,0.25,generator_1,6,90,0.08652389049530029,0.9134761095046997,6.3949761390686035,9.70184326171875,1440
fold_1,direct_d3,0.3,generator_1,6,90,0.0890473797917366,0.9109526202082634,6.607215881347656,9.805538177490234,1440
fold_1,direct_d3,0.35,generator_1,6,90,0.09194057434797287,0.9080594256520271,6.847437858581543,9.932403564453125,1440
fold_1,direct_d3,0.4,generator_1,6,90,0.0951179787516594,0.9048820212483406,7.108626365661621,10.081565856933594,1440
fold_1,direct_d3,0.5,generator_1,6,90,0.10213856399059296,0.897861436009407,7.678421974182129,10.442818641662598,1440
fold_1,direct_d3,0.0,generator_1,7,105,0.08908943831920624,0.9109105616807938,6.44184684753418,10.235238075256348,1440
fold_1,direct_d3,0.1,generator_1,7,105,0.08946782350540161,0.9105321764945984,6.512383937835693,10.194619178771973,1440
fold_1,direct_d3,0.15,generator_1,7,105,0.09040175378322601,0.909598246216774,6.6068115234375,10.209817886352539,1440
fold_1,direct_d3,0.2,generator_1,7,105,0.09176404774188995,0.90823595225811,6.7356858253479,10.248602867126465,1440
fold_1,direct_d3,0.25,generator_1,7,105,0.09348369389772415,0.9065163061022758,6.892650127410889,10.310708045959473,1440
fold_1,direct_d3,0.3,generator_1,7,105,0.09555370360612869,0.9044462963938713,7.076151371002197,10.395716667175293,1440
fold_1,direct_d3,0.35,generator_1,7,105,0.09795729070901871,0.9020427092909813,7.2828240394592285,10.503070831298828,1440
fold_1,direct_d3,0.4,generator_1,7,105,0.10061430186033249,0.8993856981396675,7.5081257820129395,10.632094383239746,1440
fold_1,direct_d3,0.5,generator_1,7,105,0.10678169131278992,0.8932183086872101,8.021245956420898,10.951959609985352,1440
fold_1,direct_d3,0.0,generator_1,8,120,0.09574508666992188,0.9042549133300781,6.915420055389404,10.817008018493652,1440
fold_1,direct_d3,0.1,generator_1,8,120,0.09576530754566193,0.9042346924543381,6.961456298828125,10.764021873474121,1440
fold_1,direct_d3,0.15,generator_1,8,120,0.09659955650568008,0.9034004434943199,7.049498081207275,10.773859024047852,1440
fold_1,direct_d3,0.2,generator_1,8,120,0.0978870615363121,0.9021129384636879,7.174072265625,10.807882308959961,1440
fold_1,direct_d3,0.25,generator_1,8,120,0.09957592189311981,0.9004240781068802,7.327011585235596,10.865863800048828,1440
fold_1,direct_d3,0.3,generator_1,8,120,0.1016511470079422,0.8983488529920578,7.510662078857422,10.947423934936523,1440
fold_1,direct_d3,0.35,generator_1,8,120,0.10408878326416016,0.8959112167358398,7.722328186035156,11.052040100097656,1440
fold_1,direct_d3,0.4,generator_1,8,120,0.10679880529642105,0.893201194703579,7.9539713859558105,11.179065704345703,1440
fold_1,direct_d3,0.5,generator_1,8,120,0.11289986222982407,0.8871001377701759,8.46615982055664,11.497241020202637,1440
fold_1,direct_d3,0.0,generator_all,1,15,0.021867629140615463,0.9781323708593845,4.078977584838867,6.210054397583008,1440
fold_1,direct_d3,0.1,generator_all,1,15,0.021469391882419586,0.9785306081175804,4.006975173950195,6.071760177612305,1440
fold_1,direct_d3,0.15,generator_all,1,15,0.021304020658135414,0.9786959793418646,3.976793050765991,6.007741928100586,1440
fold_1,direct_d3,0.2,generator_all,1,15,0.02115679904818535,0.9788432009518147,3.9496304988861084,5.947292804718018,1440
fold_1,direct_d3,0.25,generator_all,1,15,0.021030468866229057,0.9789695311337709,3.925929069519043,5.89052152633667,1440
fold_1,direct_d3,0.3,generator_all,1,15,0.020920779556035995,0.979079220443964,3.9051785469055176,5.837536811828613,1440
fold_1,direct_d3,0.35,generator_all,1,15,0.02083425596356392,0.9791657440364361,3.8886799812316895,5.788441181182861,1440
fold_1,direct_d3,0.4,generator_all,1,15,0.02076624520123005,0.97923375479877,3.875553607940674,5.743336200714111,1440
fold_1,direct_d3,0.5,generator_all,1,15,0.020679375156760216,0.9793206248432398,3.8582851886749268,5.665466785430908,1440
fold_1,direct_d3,0.0,generator_all,2,30,0.03446066007018089,0.9655393399298191,6.363779067993164,9.929483413696289,1440
fold_1,direct_d3,0.1,generator_all,2,30,0.033536143600940704,0.9664638563990593,6.198935508728027,9.649209976196289,1440
fold_1,direct_d3,0.15,generator_all,2,30,0.03315744549036026,0.9668425545096397,6.130616664886475,9.519331932067871,1440
fold_1,direct_d3,0.2,generator_all,2,30,0.032814957201480865,0.9671850427985191,6.068393230438232,9.39667797088623,1440
fold_1,direct_d3,0.25,generator_all,2,30,0.03252815827727318,0.9674718417227268,6.01616096496582,9.281533241271973,1440
fold_1,direct_d3,0.3,generator_all,2,30,0.032303307205438614,0.9676966927945614,5.975009441375732,9.174181938171387,1440
fold_1,direct_d3,0.35,generator_all,2,30,0.03212161734700203,0.967878382652998,5.941624641418457,9.074898719787598,1440
fold_1,direct_d3,0.4,generator_all,2,30,0.03198710083961487,0.9680128991603851,5.916916370391846,8.983952522277832,1440
fold_1,direct_d3,0.5,generator_all,2,30,0.03184397518634796,0.968156024813652,5.890944480895996,8.82807445526123,1440
fold_1,direct_d3,0.0,generator_all,3,45,0.04592171683907509,0.9540782831609249,8.405503273010254,13.173080444335938,1440
fold_1,direct_d3,0.1,generator_all,3,45,0.04464316368103027,0.9553568363189697,8.171040534973145,12.789041519165039,1440
fold_1,direct_d3,0.15,generator_all,3,45,0.04416966438293457,0.9558303356170654,8.081217765808105,12.612238883972168,1440
fold_1,direct_d3,0.2,generator_all,3,45,0.04376891627907753,0.9562310837209225,8.00488567352295,12.446166038513184,1440
fold_1,direct_d3,0.25,generator_all,3,45,0.04343150183558464,0.9565684981644154,7.940128803253174,12.29125690460205,1440
fold_1,direct_d3,0.3,generator_all,3,45,0.043156519532203674,0.9568434804677963,7.88548469543457,12.14793872833252,1440
fold_1,direct_d3,0.35,generator_all,3,45,0.042958907783031464,0.9570410922169685,7.844158172607422,12.016627311706543,1440
fold_1,direct_d3,0.4,generator_all,3,45,0.04282350093126297,0.957176499068737,7.815018653869629,11.89771842956543,1440
fold_1,direct_d3,0.5,generator_all,3,45,0.04274166002869606,0.9572583399713039,7.79316520690918,11.698586463928223,1440
fold_1,direct_d3,0.0,generator_all,4,60,0.057118043303489685,0.9428819566965103,10.402521133422852,16.06088638305664,1440
fold_1,direct_d3,0.1,generator_all,4,60,0.055497873574495316,0.9445021264255047,10.096536636352539,15.584896087646484,1440
fold_1,direct_d3,0.15,generator_all,4,60,0.054959457367658615,0.9450405426323414,9.9873046875,15.3676118850708,1440
fold_1,direct_d3,0.2,generator_all,4,60,0.054570071399211884,0.9454299286007881,9.902657508850098,15.164937973022461,1440
fold_1,direct_d3,0.25,generator_all,4,60,0.05427944287657738,0.9457205571234226,9.835022926330566,14.977468490600586,1440
fold_1,direct_d3,0.3,generator_all,4,60,0.05408020690083504,0.945919793099165,9.78338623046875,14.805781364440918,1440
fold_1,direct_d3,0.35,generator_all,4,60,0.053969606757164,0.946030393242836,9.747576713562012,14.650430679321289,1440
fold_1,direct_d3,0.4,generator_all,4,60,0.053943391889333725,0.9460566081106663,9.728713989257812,14.511940956115723,1440
fold_1,direct_d3,0.5,generator_all,4,60,0.05416117236018181,0.9458388276398182,9.739789962768555,14.287449836730957,1440
fold_1,direct_d3,0.0,generator_all,5,75,0.06733841449022293,0.9326615855097771,12.210098266601562,18.528236389160156,1440
fold_1,direct_d3,0.1,generator_all,5,75,0.06538759171962738,0.9346124082803726,11.834193229675293,17.98466682434082,1440
fold_1,direct_d3,0.15,generator_all,5,75,0.06465888768434525,0.9353411123156548,11.687076568603516,17.735620498657227,1440
fold_1,direct_d3,0.2,generator_all,5,75,0.06412781774997711,0.9358721822500229,11.57194709777832,17.502609252929688,1440
fold_1,direct_d3,0.25,generator_all,5,75,0.06374243646860123,0.9362575635313988,11.480484008789062,17.286283493041992,1440
fold_1,direct_d3,0.3,generator_all,5,75,0.06346286088228226,0.9365371391177177,11.408431053161621,17.08727264404297,1440
fold_1,direct_d3,0.35,generator_all,5,75,0.06328794360160828,0.9367120563983917,11.355786323547363,16.906192779541016,1440
fold_1,direct_d3,0.4,generator_all,5,75,0.06318911910057068,0.9368108808994293,11.316829681396484,16.743623733520508,1440
fold_1,direct_d3,0.5,generator_all,5,75,0.0632871761918068,0.9367128238081932,11.294463157653809,16.476146697998047,1440
fold_1,direct_d3,0.0,generator_all,6,90,0.07712961733341217,0.9228703826665878,13.94482135772705,20.69964027404785,1440
fold_1,direct_d3,0.1,generator_all,6,90,0.07534248381853104,0.924657516181469,13.583663940429688,20.165334701538086,1440
fold_1,direct_d3,0.15,generator_all,6,90,0.07486208528280258,0.9251379147171974,13.460500717163086,19.92313003540039,1440
fold_1,direct_d3,0.2,generator_all,6,90,0.07449526339769363,0.9255047366023064,13.356035232543945,19.69838523864746,1440
fold_1,direct_d3,0.25,generator_all,6,90,0.07422534376382828,0.9257746562361717,13.269906044006348,19.491710662841797,1440
fold_1,direct_d3,0.3,generator_all,6,90,0.07407622039318085,0.9259237796068192,13.20614242553711,19.303682327270508,1440
fold_1,direct_d3,0.35,generator_all,6,90,0.07402493804693222,0.9259750619530678,13.160272598266602,19.134849548339844,1440
fold_1,direct_d3,0.4,generator_all,6,90,0.07406871765851974,0.9259312823414803,13.131322860717773,18.985729217529297,1440
fold_1,direct_d3,0.5,generator_all,6,90,0.07453128695487976,0.9254687130451202,13.139922142028809,18.748432159423828,1440
fold_1,direct_d3,0.0,generator_all,7,105,0.08517687022686005,0.91482312977314,15.34381103515625,22.480789184570312,1440
fold_1,direct_d3,0.1,generator_all,7,105,0.08335324376821518,0.9166467562317848,14.958544731140137,21.895700454711914,1440
fold_1,direct_d3,0.15,generator_all,7,105,0.08285491913557053,0.9171450808644295,14.819921493530273,21.63214683532715,1440
fold_1,direct_d3,0.2,generator_all,7,105,0.08246228843927383,0.9175377115607262,14.70008373260498,21.38888931274414,1440
fold_1,direct_d3,0.25,generator_all,7,105,0.08217354118824005,0.91782645881176,14.599332809448242,21.166629791259766,1440
fold_1,direct_d3,0.3,generator_all,7,105,0.08199915289878845,0.9180008471012115,14.519349098205566,20.966032028198242,1440
fold_1,direct_d3,0.35,generator_all,7,105,0.08197972178459167,0.9180202782154083,14.465659141540527,20.787729263305664,1440
fold_1,direct_d3,0.4,generator_all,7,105,0.08208952844142914,0.9179104715585709,14.435367584228516,20.632295608520508,1440
fold_1,direct_d3,0.5,generator_all,7,105,0.08274625241756439,0.9172537475824356,14.44898509979248,20.39204978942871,1440
fold_1,direct_d3,0.0,generator_all,8,120,0.09254614263772964,0.9074538573622704,16.64529037475586,23.961599349975586,1440
fold_1,direct_d3,0.1,generator_all,8,120,0.09091834723949432,0.9090816527605057,16.28647232055664,23.359710693359375,1440
fold_1,direct_d3,0.15,generator_all,8,120,0.09051914513111115,0.9094808548688889,16.16331672668457,23.09092140197754,1440
fold_1,direct_d3,0.2,generator_all,8,120,0.09021472930908203,0.909785270690918,16.057411193847656,22.84459686279297,1440
fold_1,direct_d3,0.25,generator_all,8,120,0.09000519663095474,0.9099948033690453,15.967777252197266,22.62147331237793,1440
fold_1,direct_d3,0.3,generator_all,8,120,0.0899379625916481,0.9100620374083519,15.901741981506348,22.422243118286133,1440
fold_1,direct_d3,0.35,generator_all,8,120,0.0899837389588356,0.9100162610411644,15.855899810791016,22.24754524230957,1440
fold_1,direct_d3,0.4,generator_all,8,120,0.09017515182495117,0.9098248481750488,15.837890625,22.097963333129883,1440
fold_1,direct_d3,0.5,generator_all,8,120,0.09085037559270859,0.9091496244072914,15.853431701660156,21.87612533569336,1440
fold_1,direct_d5,0.0,generator_1,1,15,0.03156391158699989,0.9684360884130001,2.3762598037719727,3.84385347366333,1440
fold_1,direct_d5,0.1,generator_1,1,15,0.031409427523612976,0.968590572476387,2.36498761177063,3.83447265625,1440
fold_1,direct_d5,0.15,generator_1,1,15,0.031384196132421494,0.9686158038675785,2.363232135772705,3.832740068435669,1440
fold_1,direct_d5,0.2,generator_1,1,15,0.03139405697584152,0.9686059430241585,2.3639822006225586,3.8329834938049316,1440
fold_1,direct_d5,0.25,generator_1,1,15,0.03146177530288696,0.968538224697113,2.3689863681793213,3.8352034091949463,1440
fold_1,direct_d5,0.3,generator_1,1,15,0.03156623616814613,0.9684337638318539,2.376760244369507,3.839395523071289,1440
fold_1,direct_d5,0.35,generator_1,1,15,0.03171631321310997,0.96828368678689,2.3876304626464844,3.8455538749694824,1440
fold_1,direct_d5,0.4,generator_1,1,15,0.03191162645816803,0.968088373541832,2.4020276069641113,3.8536691665649414,1440
fold_1,direct_d5,0.5,generator_1,1,15,0.03240271285176277,0.9675972871482372,2.438610553741455,3.8757176399230957,1440
fold_1,direct_d5,0.0,generator_1,2,30,0.043275974690914154,0.9567240253090858,3.215257167816162,5.361660957336426,1440
fold_1,direct_d5,0.1,generator_1,2,30,0.04337463900446892,0.9566253609955311,3.22904109954834,5.35280179977417,1440
fold_1,direct_d5,0.15,generator_1,2,30,0.04361762851476669,0.9563823714852333,3.250821828842163,5.358270168304443,1440
fold_1,direct_d5,0.2,generator_1,2,30,0.0439734123647213,0.9560265876352787,3.2818243503570557,5.370318412780762,1440
fold_1,direct_d5,0.25,generator_1,2,30,0.044453345239162445,0.9555466547608376,3.3224849700927734,5.388901710510254,1440
fold_1,direct_d5,0.3,generator_1,2,30,0.04504629597067833,0.9549537040293217,3.3710389137268066,5.413954257965088,1440
fold_1,direct_d5,0.35,generator_1,2,30,0.04574570804834366,0.9542542919516563,3.4276092052459717,5.445385456085205,1440
fold_1,direct_d5,0.4,generator_1,2,30,0.046564191579818726,0.9534358084201813,3.4936954975128174,5.483085632324219,1440
fold_1,direct_d5,0.5,generator_1,2,30,0.048453930765390396,0.9515460692346096,3.646012783050537,5.576766014099121,1440
fold_1,direct_d5,0.0,generator_1,3,45,0.05293743312358856,0.9470625668764114,3.907463312149048,6.586505889892578,1440
fold_1,direct_d5,0.1,generator_1,3,45,0.05313882976770401,0.946861170232296,3.9390482902526855,6.583364963531494,1440
fold_1,direct_d5,0.15,generator_1,3,45,0.05360022559762001,0.94639977440238,3.983443260192871,6.598967552185059,1440
fold_1,direct_d5,0.2,generator_1,3,45,0.054280269891023636,0.9457197301089764,4.043647766113281,6.625930309295654,1440
fold_1,direct_d5,0.25,generator_1,3,45,0.05516905337572098,0.944830946624279,4.120029926300049,6.664115905761719,1440
fold_1,direct_d5,0.3,generator_1,3,45,0.05631505697965622,0.9436849430203438,4.216710090637207,6.713331699371338,1440
fold_1,direct_d5,0.35,generator_1,3,45,0.05766894668340683,0.9423310533165932,4.330236434936523,6.773338794708252,1440
fold_1,direct_d5,0.4,generator_1,3,45,0.05920196697115898,0.940798033028841,4.457674503326416,6.843852519989014,1440
fold_1,direct_d5,0.5,generator_1,3,45,0.06263995915651321,0.9373600408434868,4.7421650886535645,7.015085697174072,1440
fold_1,direct_d5,0.0,generator_1,4,60,0.06344591826200485,0.9365540817379951,4.6405253410339355,7.748594760894775,1440
fold_1,direct_d5,0.1,generator_1,4,60,0.06363194435834885,0.9363680556416512,4.67144775390625,7.739555835723877,1440
fold_1,direct_d5,0.15,generator_1,4,60,0.06418199837207794,0.9358180016279221,4.7220306396484375,7.752597332000732,1440
fold_1,direct_d5,0.2,generator_1,4,60,0.0649581253528595,0.9350418746471405,4.79072380065918,7.777286052703857,1440
fold_1,direct_d5,0.25,generator_1,4,60,0.06594599783420563,0.9340540021657944,4.876245021820068,7.813509941101074,1440
fold_1,direct_d5,0.3,generator_1,4,60,0.06713525205850601,0.932864747941494,4.977564811706543,7.861111164093018,1440
fold_1,direct_d5,0.35,generator_1,4,60,0.06855715811252594,0.9314428418874741,5.095643520355225,7.919882774353027,1440
fold_1,direct_d5,0.4,generator_1,4,60,0.07017975300550461,0.9298202469944954,5.228399753570557,7.989580154418945,1440
fold_1,direct_d5,0.5,generator_1,4,60,0.07395107299089432,0.9260489270091057,5.530101299285889,8.160585403442383,1440
fold_1,direct_d5,0.0,generator_1,5,75,0.07216058671474457,0.9278394132852554,5.2519426345825195,8.712187767028809,1440
fold_1,direct_d5,0.1,generator_1,5,75,0.0724388062953949,0.9275611937046051,5.292209148406982,8.698221206665039,1440
fold_1,direct_d5,0.15,generator_1,5,75,0.07305930554866791,0.9269406944513321,5.349799633026123,8.71167278289795,1440
fold_1,direct_d5,0.2,generator_1,5,75,0.07407618314027786,0.9259238168597221,5.4366655349731445,8.738686561584473,1440
fold_1,direct_d5,0.25,generator_1,5,75,0.07540260255336761,0.9245973974466324,5.545863151550293,8.779134750366211,1440
fold_1,direct_d5,0.3,generator_1,5,75,0.07698120176792145,0.9230187982320786,5.674269199371338,8.83283519744873,1440
fold_1,direct_d5,0.35,generator_1,5,75,0.07881415635347366,0.9211858436465263,5.820522785186768,8.899547576904297,1440
fold_1,direct_d5,0.4,generator_1,5,75,0.08082088083028793,0.9191791191697121,5.980344772338867,8.978981018066406,1440
fold_1,direct_d5,0.5,generator_1,5,75,0.08529678732156754,0.9147032126784325,6.335855484008789,9.174636840820312,1440
fold_1,direct_d5,0.0,generator_1,6,90,0.08152056485414505,0.918479435145855,5.910423278808594,9.55147933959961,1440
fold_1,direct_d5,0.1,generator_1,6,90,0.0818595439195633,0.9181404560804367,5.963743686676025,9.539970397949219,1440
fold_1,direct_d5,0.15,generator_1,6,90,0.08266356587409973,0.9173364341259003,6.040095806121826,9.56281566619873,1440
fold_1,direct_d5,0.2,generator_1,6,90,0.08392072468996048,0.9160792753100395,6.150630474090576,9.604585647583008,1440
fold_1,direct_d5,0.25,generator_1,6,90,0.08556497097015381,0.9144350290298462,6.291754722595215,9.665035247802734,1440
fold_1,direct_d5,0.3,generator_1,6,90,0.08763919770717621,0.9123608022928238,6.46391487121582,9.743814468383789,1440
fold_1,direct_d5,0.35,generator_1,6,90,0.08997232466936111,0.9100276753306389,6.654111862182617,9.840484619140625,1440
fold_1,direct_d5,0.4,generator_1,6,90,0.09262451529502869,0.9073754847049713,6.86719274520874,9.954524993896484,1440
fold_1,direct_d5,0.5,generator_1,6,90,0.0986856073141098,0.9013143926858902,7.348081588745117,10.232300758361816,1440
fold_1,direct_d5,0.0,generator_1,7,105,0.08908943831920624,0.9109105616807938,6.44184684753418,10.235238075256348,1440
fold_1,direct_d5,0.1,generator_1,7,105,0.08938728272914886,0.9106127172708511,6.500024318695068,10.207331657409668,1440
fold_1,direct_d5,0.15,generator_1,7,105,0.09018029272556305,0.909819707274437,6.579009532928467,10.222017288208008,1440
fold_1,direct_d5,0.2,generator_1,7,105,0.09136486798524857,0.9086351320147514,6.689183235168457,10.255721092224121,1440
fold_1,direct_d5,0.25,generator_1,7,105,0.09285254776477814,0.9071474522352219,6.823383331298828,10.308258056640625,1440
fold_1,direct_d5,0.3,generator_1,7,105,0.09462741017341614,0.9053725898265839,6.979593753814697,10.379340171813965,1440
fold_1,direct_d5,0.35,generator_1,7,105,0.09671863913536072,0.9032813608646393,7.15778923034668,10.46859073638916,1440
fold_1,direct_d5,0.4,generator_1,7,105,0.09916244447231293,0.9008375555276871,7.3604044914245605,10.575550079345703,1440
fold_1,direct_d5,0.5,generator_1,7,105,0.10481512546539307,0.8951848745346069,7.821674346923828,10.840410232543945,1440
fold_1,direct_d5,0.0,generator_1,8,120,0.09574508666992188,0.9042549133300781,6.915420055389404,10.817008018493652,1440
fold_1,direct_d5,0.1,generator_1,8,120,0.09576082974672318,0.9042391702532768,6.952792644500732,10.780808448791504,1440
fold_1,direct_d5,0.15,generator_1,8,120,0.09638916701078415,0.9036108329892159,7.019002914428711,10.789121627807617,1440
fold_1,direct_d5,0.2,generator_1,8,120,0.09738945215940475,0.9026105478405952,7.115380764007568,10.815018653869629,1440
fold_1,direct_d5,0.25,generator_1,8,120,0.09870754927396774,0.9012924507260323,7.235127925872803,10.858373641967773,1440
fold_1,direct_d5,0.3,generator_1,8,120,0.10033058375120163,0.8996694162487984,7.3765950202941895,10.918977737426758,1440
fold_1,direct_d5,0.35,generator_1,8,120,0.10225153714418411,0.8977484628558159,7.5400309562683105,10.996546745300293,1440
fold_1,direct_d5,0.4,generator_1,8,120,0.1044544205069542,0.8955455794930458,7.724892616271973,11.090723991394043,1440
fold_1,direct_d5,0.5,generator_1,8,120,0.10952328890562057,0.8904767110943794,8.144242286682129,11.32717514038086,1440
fold_1,direct_d5,0.0,generator_all,1,15,0.021867629140615463,0.9781323708593845,4.078977584838867,6.210054397583008,1440
fold_1,direct_d5,0.1,generator_all,1,15,0.021492065861821175,0.9785079341381788,4.010561943054199,6.080643177032471,1440
fold_1,direct_d5,0.15,generator_all,1,15,0.02132873237133026,0.9786712676286697,3.9807677268981934,6.020566940307617,1440
fold_1,direct_d5,0.2,generator_all,1,15,0.021182915195822716,0.9788170848041773,3.9540534019470215,5.963705062866211,1440
fold_1,direct_d5,0.25,generator_all,1,15,0.021051833406090736,0.9789481665939093,3.9302048683166504,5.910149574279785,1440
fold_1,direct_d5,0.3,generator_all,1,15,0.02093932032585144,0.9790606796741486,3.9094786643981934,5.859989643096924,1440
fold_1,direct_d5,0.35,generator_all,1,15,0.02084907703101635,0.9791509229689837,3.892545461654663,5.813314437866211,1440
fold_1,direct_d5,0.4,generator_all,1,15,0.020776521414518356,0.9792234785854816,3.879138946533203,5.770208358764648,1440
fold_1,direct_d5,0.5,generator_all,1,15,0.020680759102106094,0.9793192408978939,3.8615078926086426,5.69502067565918,1440
fold_1,direct_d5,0.0,generator_all,2,30,0.03446066007018089,0.9655393399298191,6.363779067993164,9.929483413696289,1440
fold_1,direct_d5,0.1,generator_all,2,30,0.033597394824028015,0.966402605175972,6.209340572357178,9.66770076751709,1440
fold_1,direct_d5,0.15,generator_all,2,30,0.03322814777493477,0.9667718522250652,6.14343786239624,9.54609203338623,1440
fold_1,direct_d5,0.2,generator_all,2,30,0.03291384503245354,0.9670861549675465,6.086292743682861,9.430994987487793,1440
fold_1,direct_d5,0.25,generator_all,2,30,0.032629914581775665,0.9673700854182243,6.035035610198975,9.322651863098145,1440
fold_1,direct_d5,0.3,generator_all,2,30,0.03240101784467697,0.967598982155323,5.9938273429870605,9.221298217773438,1440
fold_1,direct_d5,0.35,generator_all,2,30,0.03222348913550377,0.9677765108644962,5.961789131164551,9.12717056274414,1440
fold_1,direct_d5,0.4,generator_all,2,30,0.03208669647574425,0.9679133035242558,5.937657833099365,9.040492057800293,1440
fold_1,direct_d5,0.5,generator_all,2,30,0.03196241706609726,0.9680375829339027,5.917464256286621,8.890335083007812,1440
fold_1,direct_d5,0.0,generator_all,3,45,0.04592171683907509,0.9540782831609249,8.405503273010254,13.173080444335938,1440
fold_1,direct_d5,0.1,generator_all,3,45,0.04470188170671463,0.9552981182932854,8.1857328414917,12.815980911254883,1440
fold_1,direct_d5,0.15,generator_all,3,45,0.04423363879323006,0.9557663612067699,8.100873947143555,12.650797843933105,1440
fold_1,direct_d5,0.2,generator_all,3,45,0.04383445158600807,0.9561655484139919,8.028053283691406,12.495003700256348,1440
fold_1,direct_d5,0.25,generator_all,3,45,0.04349905252456665,0.9565009474754333,7.967519760131836,12.348954200744629,1440
fold_1,direct_d5,0.3,generator_all,3,45,0.0432332344353199,0.9567667655646801,7.919312953948975,12.212998390197754,1440
fold_1,direct_d5,0.35,generator_all,3,45,0.043028369545936584,0.9569716304540634,7.8817057609558105,12.087475776672363,1440
fold_1,direct_d5,0.4,generator_all,3,45,0.04288020357489586,0.9571197964251041,7.8550848960876465,11.97271728515625,1440
fold_1,direct_d5,0.5,generator_all,3,45,0.04277396574616432,0.9572260342538357,7.837192058563232,11.776716232299805,1440
fold_1,direct_d5,0.0,generator_all,4,60,0.057118043303489685,0.9428819566965103,10.402521133422852,16.06088638305664,1440
fold_1,direct_d5,0.1,generator_all,4,60,0.05550934374332428,0.9444906562566757,10.098968505859375,15.616639137268066,1440
fold_1,direct_d5,0.15,generator_all,4,60,0.05492907762527466,0.9450709223747253,9.984723091125488,15.41142463684082,1440
fold_1,direct_d5,0.2,generator_all,4,60,0.05447966232895851,0.9455203376710415,9.893518447875977,15.218101501464844,1440
fold_1,direct_d5,0.25,generator_all,4,60,0.05410715192556381,0.9458928480744362,9.814859390258789,15.037126541137695,1440
fold_1,direct_d5,0.3,generator_all,4,60,0.05381929501891136,0.9461807049810886,9.751703262329102,14.868951797485352,1440
fold_1,direct_d5,0.35,generator_all,4,60,0.0536186657845974,0.9463813342154026,9.703975677490234,14.71401596069336,1440
fold_1,direct_d5,0.4,generator_all,4,60,0.053517602384090424,0.9464823976159096,9.674373626708984,14.572739601135254,1440
fold_1,direct_d5,0.5,generator_all,4,60,0.05347723886370659,0.9465227611362934,9.646854400634766,14.332747459411621,1440
fold_1,direct_d5,0.0,generator_all,5,75,0.06733841449022293,0.9326615855097771,12.210098266601562,18.528236389160156,1440
fold_1,direct_d5,0.1,generator_all,5,75,0.06555434316396713,0.9344456568360329,11.86493968963623,18.040634155273438,1440
fold_1,direct_d5,0.15,generator_all,5,75,0.06484084576368332,0.9351591542363167,11.72387409210205,17.81501579284668,1440
fold_1,direct_d5,0.2,generator_all,5,75,0.0642453208565712,0.9357546791434288,11.60421371459961,17.602148056030273,1440
fold_1,direct_d5,0.25,generator_all,5,75,0.06375456601381302,0.936245433986187,11.501532554626465,17.402498245239258,1440
fold_1,direct_d5,0.3,generator_all,5,75,0.06337209045886993,0.9366279095411301,11.418131828308105,17.216527938842773,1440
fold_1,direct_d5,0.35,generator_all,5,75,0.06309616565704346,0.9369038343429565,11.35394287109375,17.0446834564209,1440
fold_1,direct_d5,0.4,generator_all,5,75,0.06289960443973541,0.9371003955602646,11.304519653320312,16.88739585876465,1440
fold_1,direct_d5,0.5,generator_all,5,75,0.06273839622735977,0.9372616037726402,11.247729301452637,16.61811065673828,1440
fold_1,direct_d5,0.0,generator_all,6,90,0.07712961733341217,0.9228703826665878,13.94482135772705,20.69964027404785,1440
fold_1,direct_d5,0.1,generator_all,6,90,0.07529793679714203,0.924702063202858,13.592805862426758,20.18364715576172,1440
fold_1,direct_d5,0.15,generator_all,6,90,0.07463069260120392,0.9253693073987961,13.459123611450195,19.94546127319336,1440
fold_1,direct_d5,0.2,generator_all,6,90,0.07408872246742249,0.9259112775325775,13.34314250946045,19.72113037109375,1440
fold_1,direct_d5,0.25,generator_all,6,90,0.07367268949747086,0.9263273105025291,13.248213768005371,19.51112937927246,1440
fold_1,direct_d5,0.3,generator_all,6,90,0.07335539907217026,0.9266446009278297,13.170971870422363,19.315929412841797,1440
fold_1,direct_d5,0.35,generator_all,6,90,0.07314345985651016,0.9268565401434898,13.112787246704102,19.135982513427734,1440
fold_1,direct_d5,0.4,generator_all,6,90,0.07300729304552078,0.9269927069544792,13.06834602355957,18.971723556518555,1440
fold_1,direct_d5,0.5,generator_all,6,90,0.07295303046703339,0.9270469695329666,13.021896362304688,18.691877365112305,1440
fold_1,direct_d5,0.0,generator_all,7,105,0.08517687022686005,0.91482312977314,15.34381103515625,22.480789184570312,1440
fold_1,direct_d5,0.1,generator_all,7,105,0.08317826688289642,0.9168217331171036,14.953729629516602,21.923118591308594,1440
fold_1,direct_d5,0.15,generator_all,7,105,0.082364521920681,0.917635478079319,14.78647232055664,21.661996841430664,1440
fold_1,direct_d5,0.2,generator_all,7,105,0.08164536952972412,0.9183546304702759,14.636414527893066,21.413267135620117,1440
fold_1,direct_d5,0.25,generator_all,7,105,0.08105170726776123,0.9189482927322388,14.506396293640137,21.177364349365234,1440
fold_1,direct_d5,0.3,generator_all,7,105,0.08053525537252426,0.9194647446274757,14.389034271240234,20.954723358154297,1440
fold_1,direct_d5,0.35,generator_all,7,105,0.08012589067220688,0.9198741093277931,14.290546417236328,20.745771408081055,1440
fold_1,direct_d5,0.4,generator_all,7,105,0.07981523126363754,0.9201847687363625,14.210417747497559,20.55092430114746,1440
fold_1,direct_d5,0.5,generator_all,7,105,0.07947045564651489,0.9205295443534851,14.101640701293945,20.205150604248047,1440
fold_1,direct_d5,0.0,generator_all,8,120,0.09254614263772964,0.9074538573622704,16.64529037475586,23.961599349975586,1440
fold_1,direct_d5,0.1,generator_all,8,120,0.09070875495672226,0.9092912450432777,16.281505584716797,23.42869758605957,1440
fold_1,direct_d5,0.15,generator_all,8,120,0.0900072306394577,0.9099927693605423,16.12745475769043,23.18025016784668,1440
fold_1,direct_d5,0.2,generator_all,8,120,0.08940787613391876,0.9105921238660812,15.988606452941895,22.944334030151367,1440
fold_1,direct_d5,0.25,generator_all,8,120,0.08890832960605621,0.9110916703939438,15.867165565490723,22.721336364746094,1440
fold_1,direct_d5,0.3,generator_all,8,120,0.08844797313213348,0.9115520268678665,15.753157615661621,22.511640548706055,1440
fold_1,direct_d5,0.35,generator_all,8,120,0.08805324137210846,0.9119467586278915,15.65062427520752,22.31562614440918,1440
fold_1,direct_d5,0.4,generator_all,8,120,0.08776076883077621,0.9122392311692238,15.565290451049805,22.13365364074707,1440
fold_1,direct_d5,0.5,generator_all,8,120,0.08738652616739273,0.9126134738326073,15.434720993041992,21.81321144104004,1440
fold_2,direct_d3,0.0,generator_1,1,15,0.034366410225629807,0.9656335897743702,1.4209353923797607,2.2386233806610107,1440
fold_2,direct_d3,0.1,generator_1,1,15,0.0341067835688591,0.9658932164311409,1.4103494882583618,2.2268826961517334,1440
fold_2,direct_d3,0.15,generator_1,1,15,0.03398438170552254,0.9660156182944775,1.4053771495819092,2.22135853767395,1440
fold_2,direct_d3,0.2,generator_1,1,15,0.03387076407670975,0.9661292359232903,1.4007936716079712,2.216067314147949,1440
fold_2,direct_d3,0.25,generator_1,1,15,0.033765606582164764,0.9662343934178352,1.3965532779693604,2.2110111713409424,1440
fold_2,direct_d3,0.3,generator_1,1,15,0.03366521745920181,0.9663347825407982,1.3925026655197144,2.206191301345825,1440
fold_2,direct_d3,0.35,generator_1,1,15,0.0335705392062664,0.9664294607937336,1.3886860609054565,2.2016096115112305,1440
fold_2,direct_d3,0.4,generator_1,1,15,0.03348685801029205,0.966513141989708,1.3853565454483032,2.1972672939300537,1440
fold_2,direct_d3,0.5,generator_1,1,15,0.033339567482471466,0.9666604325175285,1.3795630931854248,2.1893069744110107,1440
fold_2,direct_d3,0.0,generator_1,2,30,0.04905669018626213,0.9509433098137379,2.025379180908203,3.1833860874176025,1440
fold_2,direct_d3,0.1,generator_1,2,30,0.048672400414943695,0.9513275995850563,2.0103657245635986,3.1656134128570557,1440
fold_2,direct_d3,0.15,generator_1,2,30,0.048488881438970566,0.9515111185610294,2.0032246112823486,3.1572213172912598,1440
fold_2,direct_d3,0.2,generator_1,2,30,0.04831358417868614,0.9516864158213139,1.9964498281478882,3.149162530899048,1440
fold_2,direct_d3,0.25,generator_1,2,30,0.04814974591135979,0.9518502540886402,1.9901491403579712,3.141439199447632,1440
fold_2,direct_d3,0.3,generator_1,2,30,0.04799534007906914,0.9520046599209309,1.9842208623886108,3.134054183959961,1440
fold_2,direct_d3,0.35,generator_1,2,30,0.047848690301179886,0.9521513096988201,1.9786072969436646,3.127009630203247,1440
fold_2,direct_d3,0.4,generator_1,2,30,0.047713492065668106,0.9522865079343319,1.9734605550765991,3.1203081607818604,1440
fold_2,direct_d3,0.5,generator_1,2,30,0.04749242588877678,0.9525075741112232,1.9651204347610474,3.107942581176758,1440
fold_2,direct_d3,0.0,generator_1,3,45,0.058899298310279846,0.9411007016897202,2.4220409393310547,3.8447861671447754,1440
fold_2,direct_d3,0.1,generator_1,3,45,0.05849184840917587,0.9415081515908241,2.406486749649048,3.818715810775757,1440
fold_2,direct_d3,0.15,generator_1,3,45,0.058313384652137756,0.9416866153478622,2.399874448776245,3.8062376976013184,1440
fold_2,direct_d3,0.2,generator_1,3,45,0.0581485815346241,0.9418514184653759,2.3938238620758057,3.7941370010375977,1440
fold_2,direct_d3,0.25,generator_1,3,45,0.05800878629088402,0.941991213709116,2.3888869285583496,3.782416582107544,1440
fold_2,direct_d3,0.3,generator_1,3,45,0.05789496749639511,0.9421050325036049,2.385082721710205,3.7710795402526855,1440
fold_2,direct_d3,0.35,generator_1,3,45,0.05780565366148949,0.9421943463385105,2.3824148178100586,3.7601301670074463,1440
fold_2,direct_d3,0.4,generator_1,3,45,0.057734403759241104,0.9422655962407589,2.3805696964263916,3.7495715618133545,1440
fold_2,direct_d3,0.5,generator_1,3,45,0.057644233107566833,0.9423557668924332,2.379124879837036,3.7296395301818848,1440
fold_2,direct_d3,0.0,generator_1,4,60,0.06910600513219833,0.9308939948678017,2.842660903930664,4.379054069519043,1440
fold_2,direct_d3,0.1,generator_1,4,60,0.06853269040584564,0.9314673095941544,2.8215017318725586,4.34352445602417,1440
fold_2,direct_d3,0.15,generator_1,4,60,0.06829970329999924,0.9317002967000008,2.813286781311035,4.326558589935303,1440
fold_2,direct_d3,0.2,generator_1,4,60,0.06808710843324661,0.9319128915667534,2.805943727493286,4.310134410858154,1440
fold_2,direct_d3,0.25,generator_1,4,60,0.0678916648030281,0.9321083351969719,2.799337863922119,4.294257164001465,1440
fold_2,direct_d3,0.3,generator_1,4,60,0.0677112266421318,0.9322887733578682,2.7933967113494873,4.278933048248291,1440
fold_2,direct_d3,0.35,generator_1,4,60,0.06755435466766357,0.9324456453323364,2.7884695529937744,4.264168739318848,1440
fold_2,direct_d3,0.4,generator_1,4,60,0.06741555780172348,0.9325844421982765,2.784320116043091,4.249969482421875,1440
fold_2,direct_d3,0.5,generator_1,4,60,0.0672067254781723,0.9327932745218277,2.778978109359741,4.2232890129089355,1440
fold_2,direct_d3,0.0,generator_1,5,75,0.07843227684497833,0.9215677231550217,3.2316243648529053,4.838404178619385,1440
fold_2,direct_d3,0.1,generator_1,5,75,0.07774519175291061,0.9222548082470894,3.2057793140411377,4.79423189163208,1440
fold_2,direct_d3,0.15,generator_1,5,75,0.07744834572076797,0.922551654279232,3.194896697998047,4.773138999938965,1440
fold_2,direct_d3,0.2,generator_1,5,75,0.07717521488666534,0.9228247851133347,3.185093879699707,4.752721309661865,1440
fold_2,direct_d3,0.25,generator_1,5,75,0.07691952586174011,0.9230804741382599,3.1760575771331787,4.732987403869629,1440
fold_2,direct_d3,0.3,generator_1,5,75,0.07668758183717728,0.9233124181628227,3.1680803298950195,4.713945388793945,1440
fold_2,direct_d3,0.35,generator_1,5,75,0.07647888362407684,0.9235211163759232,3.161165475845337,4.695602893829346,1440
fold_2,direct_d3,0.4,generator_1,5,75,0.07629285752773285,0.9237071424722672,3.1551804542541504,4.677969932556152,1440
fold_2,direct_d3,0.5,generator_1,5,75,0.07598361372947693,0.9240163862705231,3.1461124420166016,4.644860744476318,1440
fold_2,direct_d3,0.0,generator_1,6,90,0.08647526800632477,0.9135247319936752,3.5643534660339355,5.230025768280029,1440
fold_2,direct_d3,0.1,generator_1,6,90,0.08557700365781784,0.9144229963421822,3.530179738998413,5.1734299659729,1440
fold_2,direct_d3,0.15,generator_1,6,90,0.08518834412097931,0.9148116558790207,3.5158495903015137,5.146612644195557,1440
fold_2,direct_d3,0.2,generator_1,6,90,0.08483852446079254,0.9151614755392075,3.5033698081970215,5.120802879333496,1440
fold_2,direct_d3,0.25,generator_1,6,90,0.08452919870615005,0.91547080129385,3.492711067199707,5.096015930175781,1440
fold_2,direct_d3,0.3,generator_1,6,90,0.08425820618867874,0.9157417938113213,3.483772039413452,5.072268009185791,1440
fold_2,direct_d3,0.35,generator_1,6,90,0.08402679115533829,0.9159732088446617,3.4765591621398926,5.049572467803955,1440
fold_2,direct_d3,0.4,generator_1,6,90,0.08382471650838852,0.9161752834916115,3.470674753189087,5.027944087982178,1440
fold_2,direct_d3,0.5,generator_1,6,90,0.08353179693222046,0.9164682030677795,3.4638495445251465,4.987943649291992,1440
fold_2,direct_d3,0.0,generator_1,7,105,0.09424041956663132,0.9057595804333687,3.8819611072540283,5.565253734588623,1440
fold_2,direct_d3,0.1,generator_1,7,105,0.09314187616109848,0.9068581238389015,3.839885711669922,5.49970006942749,1440
fold_2,direct_d3,0.15,generator_1,7,105,0.09264262765645981,0.9073573723435402,3.82119083404541,5.468387603759766,1440
fold_2,direct_d3,0.2,generator_1,7,105,0.0921730175614357,0.9078269824385643,3.8038525581359863,5.438073635101318,1440
fold_2,direct_d3,0.25,generator_1,7,105,0.09174318611621857,0.9082568138837814,3.788313150405884,5.408775329589844,1440
fold_2,direct_d3,0.3,generator_1,7,105,0.09136424958705902,0.908635750412941,3.7750957012176514,5.380509853363037,1440
fold_2,direct_d3,0.35,generator_1,7,105,0.09102334827184677,0.9089766517281532,3.7636218070983887,5.353292465209961,1440
fold_2,direct_d3,0.4,generator_1,7,105,0.090704545378685,0.909295454621315,3.753148078918457,5.3271403312683105,1440
fold_2,direct_d3,0.5,generator_1,7,105,0.09016811847686768,0.9098318815231323,3.7366044521331787,5.278092384338379,1440
fold_2,direct_d3,0.0,generator_1,8,120,0.10060849785804749,0.8993915021419525,4.1388325691223145,5.8719587326049805,1440
fold_2,direct_d3,0.1,generator_1,8,120,0.09930640459060669,0.9006935954093933,4.089875221252441,5.795604705810547,1440
fold_2,direct_d3,0.15,generator_1,8,120,0.09876954555511475,0.9012304544448853,4.070709705352783,5.759398460388184,1440
fold_2,direct_d3,0.2,generator_1,8,120,0.09828849136829376,0.9017115086317062,4.0540266036987305,5.724539279937744,1440
fold_2,direct_d3,0.25,generator_1,8,120,0.09784556180238724,0.9021544381976128,4.039045810699463,5.6910529136657715,1440
fold_2,direct_d3,0.3,generator_1,8,120,0.09745816886425018,0.9025418311357498,4.026570796966553,5.658962726593018,1440
fold_2,direct_d3,0.35,generator_1,8,120,0.09713383764028549,0.9028661623597145,4.016963005065918,5.628292560577393,1440
fold_2,direct_d3,0.4,generator_1,8,120,0.09685587137937546,0.9031441286206245,4.009398937225342,5.599065780639648,1440
fold_2,direct_d3,0.5,generator_1,8,120,0.09642259776592255,0.9035774022340775,3.999917507171631,5.5450334548950195,1440
fold_2,direct_d3,0.0,generator_all,1,15,0.018177062273025513,0.9818229377269745,4.562545299530029,7.207851886749268,1440
fold_2,direct_d3,0.1,generator_all,1,15,0.01774752512574196,0.982252474874258,4.459378242492676,7.04290246963501,1440
fold_2,direct_d3,0.15,generator_all,1,15,0.017555972561240196,0.9824440274387598,4.413296222686768,6.964860916137695,1440
fold_2,direct_d3,0.2,generator_all,1,15,0.017383525148034096,0.9826164748519659,4.371541500091553,6.889910697937012,1440
fold_2,direct_d3,0.25,generator_all,1,15,0.017224449664354324,0.9827755503356457,4.333120346069336,6.818151950836182,1440
fold_2,direct_d3,0.3,generator_all,1,15,0.01707949861884117,0.9829205013811588,4.298192501068115,6.749688625335693,1440
fold_2,direct_d3,0.35,generator_all,1,15,0.016948984935879707,0.9830510150641203,4.266924858093262,6.684620380401611,1440
fold_2,direct_d3,0.4,generator_all,1,15,0.01683337241411209,0.9831666275858879,4.239470958709717,6.623047828674316,1440
fold_2,direct_d3,0.5,generator_all,1,15,0.016645174473524094,0.9833548255264759,4.195240497589111,6.510781288146973,1440
fold_2,direct_d3,0.0,generator_all,2,30,0.030040554702281952,0.969959445297718,7.4697747230529785,11.87929630279541,1440
fold_2,direct_d3,0.1,generator_all,2,30,0.02930336818099022,0.9706966318190098,7.29155158996582,11.613746643066406,1440
fold_2,direct_d3,0.15,generator_all,2,30,0.028984488919377327,0.9710155110806227,7.215043067932129,11.48854923248291,1440
fold_2,direct_d3,0.2,generator_all,2,30,0.028709543868899345,0.9712904561311007,7.149333953857422,11.368627548217773,1440
fold_2,direct_d3,0.25,generator_all,2,30,0.02845948189496994,0.9715405181050301,7.089703559875488,11.254150390625,1440
fold_2,direct_d3,0.3,generator_all,2,30,0.028224090114235878,0.9717759098857641,7.033711910247803,11.145285606384277,1440
fold_2,direct_d3,0.35,generator_all,2,30,0.02801060676574707,0.9719893932342529,6.983298301696777,11.04219913482666,1440
fold_2,direct_d3,0.4,generator_all,2,30,0.02781686745584011,0.9721831325441599,6.938113212585449,10.945054054260254,1440
fold_2,direct_d3,0.5,generator_all,2,30,0.02750318869948387,0.9724968113005161,6.8662800788879395,10.769222259521484,1440
fold_2,direct_d3,0.0,generator_all,3,45,0.040090564638376236,0.9599094353616238,9.94885540008545,15.638508796691895,1440
fold_2,direct_d3,0.1,generator_all,3,45,0.03906165063381195,0.960938349366188,9.701285362243652,15.274660110473633,1440
fold_2,direct_d3,0.15,generator_all,3,45,0.03861970826983452,0.9613802917301655,9.595085144042969,15.103260040283203,1440
fold_2,direct_d3,0.2,generator_all,3,45,0.0382295660674572,0.9617704339325428,9.50218391418457,14.939203262329102,1440
fold_2,direct_d3,0.25,generator_all,3,45,0.037866126745939255,0.9621338732540607,9.41607666015625,14.782732963562012,1440
fold_2,direct_d3,0.3,generator_all,3,45,0.03753336891531944,0.9624666310846806,9.338082313537598,14.634090423583984,1440
fold_2,direct_d3,0.35,generator_all,3,45,0.037235137075185776,0.9627648629248142,9.26910400390625,14.493520736694336,1440
fold_2,direct_d3,0.4,generator_all,3,45,0.036980267614126205,0.9630197323858738,9.21141242980957,14.361257553100586,1440
fold_2,direct_d3,0.5,generator_all,3,45,0.0365452878177166,0.9634547121822834,9.115013122558594,14.122573852539062,1440
fold_2,direct_d3,0.0,generator_all,4,60,0.04936646297574043,0.9506335370242596,12.233983993530273,18.81503677368164,1440
fold_2,direct_d3,0.1,generator_all,4,60,0.04804173484444618,0.9519582651555538,11.911559104919434,18.391237258911133,1440
fold_2,direct_d3,0.15,generator_all,4,60,0.04747334495186806,0.9525266550481319,11.775211334228516,18.191450119018555,1440
fold_2,direct_d3,0.2,generator_all,4,60,0.04697686806321144,0.9530231319367886,11.657370567321777,18.000097274780273,1440
fold_2,direct_d3,0.25,generator_all,4,60,0.04653514176607132,0.9534648582339287,11.553803443908691,17.81745147705078,1440
fold_2,direct_d3,0.3,generator_all,4,60,0.04615456610918045,0.9538454338908195,11.465723991394043,17.643783569335938,1440
fold_2,direct_d3,0.35,generator_all,4,60,0.04583274945616722,0.9541672505438328,11.39262580871582,17.47936248779297,1440
fold_2,direct_d3,0.4,generator_all,4,60,0.0455629862844944,0.9544370137155056,11.332748413085938,17.324451446533203,1440
fold_2,direct_d3,0.5,generator_all,4,60,0.04511219635605812,0.9548878036439419,11.23548412322998,17.044174194335938,1440
fold_2,direct_d3,0.0,generator_all,5,75,0.05768168345093727,0.9423183165490627,14.289566993713379,21.462692260742188,1440
fold_2,direct_d3,0.1,generator_all,5,75,0.05621286854147911,0.9437871314585209,13.932953834533691,20.967538833618164,1440
fold_2,direct_d3,0.15,generator_all,5,75,0.05556695908308029,0.9444330409169197,13.77826976776123,20.735105514526367,1440
fold_2,direct_d3,0.2,generator_all,5,75,0.054998524487018585,0.9450014755129814,13.644525527954102,20.513233184814453,1440
fold_2,direct_d3,0.25,generator_all,5,75,0.05448621138930321,0.9455137886106968,13.525670051574707,20.30226707458496,1440
fold_2,direct_d3,0.3,generator_all,5,75,0.05405386909842491,0.9459461309015751,13.427618026733398,20.102548599243164,1440
fold_2,direct_d3,0.35,generator_all,5,75,0.053677625954151154,0.9463223740458488,13.344045639038086,19.914419174194336,1440
fold_2,direct_d3,0.4,generator_all,5,75,0.05338100716471672,0.9466189928352833,13.281442642211914,19.73820686340332,1440
fold_2,direct_d3,0.5,generator_all,5,75,0.05294390395283699,0.947056096047163,13.19676399230957,19.422815322875977,1440
fold_2,direct_d3,0.0,generator_all,6,90,0.06492988020181656,0.9350701197981834,16.083654403686523,23.576641082763672,1440
fold_2,direct_d3,0.1,generator_all,6,90,0.06332040578126907,0.9366795942187309,15.693809509277344,23.030698776245117,1440
fold_2,direct_d3,0.15,generator_all,6,90,0.06265778094530106,0.9373422190546989,15.537604331970215,22.77497100830078,1440
fold_2,direct_d3,0.2,generator_all,6,90,0.06207326799631119,0.9379267320036888,15.402812004089355,22.531267166137695,1440
fold_2,direct_d3,0.25,generator_all,6,90,0.06155893951654434,0.9384410604834557,15.286871910095215,22.29998016357422,1440
fold_2,direct_d3,0.3,generator_all,6,90,0.06111936643719673,0.9388806335628033,15.190985679626465,22.081501007080078,1440
fold_2,direct_d3,0.35,generator_all,6,90,0.06075258180499077,0.9392474181950092,15.11363697052002,21.87621307373047,1440
fold_2,direct_d3,0.4,generator_all,6,90,0.06045914813876152,0.9395408518612385,15.05555248260498,21.684490203857422,1440
fold_2,direct_d3,0.5,generator_all,6,90,0.060043368488550186,0.9399566315114498,14.98231029510498,21.34317970275879,1440
fold_2,direct_d3,0.0,generator_all,7,105,0.07053549587726593,0.9294645041227341,17.456785202026367,25.309850692749023,1440
fold_2,direct_d3,0.1,generator_all,7,105,0.06893511116504669,0.9310648888349533,17.072946548461914,24.730239868164062,1440
fold_2,direct_d3,0.15,generator_all,7,105,0.06830229610204697,0.931697703897953,16.927749633789062,24.45783805847168,1440
fold_2,direct_d3,0.2,generator_all,7,105,0.06774400919675827,0.9322559908032417,16.802858352661133,24.19756507873535,1440
fold_2,direct_d3,0.25,generator_all,7,105,0.0672529935836792,0.9327470064163208,16.696346282958984,23.949817657470703,1440
fold_2,direct_d3,0.3,generator_all,7,105,0.06682006269693375,0.9331799373030663,16.60489845275879,23.714990615844727,1440
fold_2,direct_d3,0.35,generator_all,7,105,0.06646879762411118,0.9335312023758888,16.53441619873047,23.49346923828125,1440
fold_2,direct_d3,0.4,generator_all,7,105,0.0661492645740509,0.9338507354259491,16.472118377685547,23.28563117980957,1440
fold_2,direct_d3,0.5,generator_all,7,105,0.06566140055656433,0.9343385994434357,16.38558578491211,22.9124755859375,1440
fold_2,direct_d3,0.0,generator_all,8,120,0.07541573792695999,0.92458426207304,18.646808624267578,26.726089477539062,1440
fold_2,direct_d3,0.1,generator_all,8,120,0.07378507405519485,0.9262149259448051,18.26515007019043,26.078447341918945,1440
fold_2,direct_d3,0.15,generator_all,8,120,0.0731646940112114,0.9268353059887886,18.129430770874023,25.775175094604492,1440
fold_2,direct_d3,0.2,generator_all,8,120,0.07260092347860336,0.9273990765213966,18.00937271118164,25.48626136779785,1440
fold_2,direct_d3,0.25,generator_all,8,120,0.07210356742143631,0.9278964325785637,17.907238006591797,25.212202072143555,1440
fold_2,direct_d3,0.3,generator_all,8,120,0.07166402786970139,0.9283359721302986,17.820222854614258,24.953481674194336,1440
fold_2,direct_d3,0.35,generator_all,8,120,0.07127609103918076,0.9287239089608192,17.746246337890625,24.71058464050293,1440
fold_2,direct_d3,0.4,generator_all,8,120,0.07097233831882477,0.9290276616811752,17.69399070739746,24.483983993530273,1440
fold_2,direct_d3,0.5,generator_all,8,120,0.07051539421081543,0.9294846057891846,17.6291561126709,24.081472396850586,1440
fold_2,direct_d5,0.0,generator_1,1,15,0.034366410225629807,0.9656335897743702,1.4209353923797607,2.2386233806610107,1440
fold_2,direct_d5,0.1,generator_1,1,15,0.03404763340950012,0.9659523665904999,1.4079440832138062,2.223761558532715,1440
fold_2,direct_d5,0.15,generator_1,1,15,0.0339006744325161,0.9660993255674839,1.4020068645477295,2.2167370319366455,1440
fold_2,direct_d5,0.2,generator_1,1,15,0.03376154974102974,0.9662384502589703,1.396400809288025,2.2099874019622803,1440
fold_2,direct_d5,0.25,generator_1,1,15,0.033629074692726135,0.9663709253072739,1.3910870552062988,2.20351505279541,1440
fold_2,direct_d5,0.3,generator_1,1,15,0.033504240214824677,0.9664957597851753,1.3860703706741333,2.197322130203247,1440
fold_2,direct_d5,0.35,generator_1,1,15,0.0333891436457634,0.9666108563542366,1.381441593170166,2.191411256790161,1440
fold_2,direct_d5,0.4,generator_1,1,15,0.033285804092884064,0.9667141959071159,1.3773233890533447,2.185784339904785,1440
fold_2,direct_d5,0.5,generator_1,1,15,0.03310232609510422,0.9668976739048958,1.3700840473175049,2.1753926277160645,1440
fold_2,direct_d5,0.0,generator_1,2,30,0.04905669018626213,0.9509433098137379,2.025379180908203,3.1833860874176025,1440
fold_2,direct_d5,0.1,generator_1,2,30,0.04857928305864334,0.9514207169413567,2.0065457820892334,3.1588971614837646,1440
fold_2,direct_d5,0.15,generator_1,2,30,0.04835208132863045,0.9516479186713696,1.997589111328125,3.147272825241089,1440
fold_2,direct_d5,0.2,generator_1,2,30,0.04813547059893608,0.9518645294010639,1.9890366792678833,3.136068105697632,1440
fold_2,direct_d5,0.25,generator_1,2,30,0.04793011397123337,0.9520698860287666,1.980975866317749,3.1252877712249756,1440
fold_2,direct_d5,0.3,generator_1,2,30,0.04773802310228348,0.9522619768977165,1.973477840423584,3.114935874938965,1440
fold_2,direct_d5,0.35,generator_1,2,30,0.047562532126903534,0.9524374678730965,1.9666366577148438,3.1050169467926025,1440
fold_2,direct_d5,0.4,generator_1,2,30,0.047409482300281525,0.9525905176997185,1.9606541395187378,3.0955348014831543,1440
fold_2,direct_d5,0.5,generator_1,2,30,0.047154638916254044,0.952845361083746,1.9508850574493408,3.0778982639312744,1440
fold_2,direct_d5,0.0,generator_1,3,45,0.058899298310279846,0.9411007016897202,2.4220409393310547,3.8447861671447754,1440
fold_2,direct_d5,0.1,generator_1,3,45,0.05838761478662491,0.9416123852133751,2.4021997451782227,3.814075231552124,1440
fold_2,direct_d5,0.15,generator_1,3,45,0.05815582349896431,0.9418441765010357,2.393340826034546,3.799405574798584,1440
fold_2,direct_d5,0.2,generator_1,3,45,0.05795785039663315,0.9420421496033669,2.3859121799468994,3.785200357437134,1440
fold_2,direct_d5,0.25,generator_1,3,45,0.057780709117650986,0.942219290882349,2.3793795108795166,3.7714648246765137,1440
fold_2,direct_d5,0.3,generator_1,3,45,0.05763121694326401,0.942368783056736,2.3740670680999756,3.7582039833068848,1440
fold_2,direct_d5,0.35,generator_1,3,45,0.057506952434778214,0.9424930475652218,2.3698697090148926,3.7454233169555664,1440
fold_2,direct_d5,0.4,generator_1,3,45,0.05739898607134819,0.9426010139286518,2.366363763809204,3.7331271171569824,1440
fold_2,direct_d5,0.5,generator_1,3,45,0.057220399379730225,0.9427796006202698,2.360980272293091,3.7100086212158203,1440
fold_2,direct_d5,0.0,generator_1,4,60,0.06910600513219833,0.9308939948678017,2.842660903930664,4.379054069519043,1440
fold_2,direct_d5,0.1,generator_1,4,60,0.06845497339963913,0.9315450266003609,2.8181915283203125,4.336369037628174,1440
fold_2,direct_d5,0.15,generator_1,4,60,0.0681859627366066,0.9318140372633934,2.808392286300659,4.31595516204834,1440
fold_2,direct_d5,0.2,generator_1,4,60,0.0679381787776947,0.9320618212223053,2.7995188236236572,4.29617166519165,1440
fold_2,direct_d5,0.25,generator_1,4,60,0.06771431118249893,0.9322856888175011,2.7916455268859863,4.277027606964111,1440
fold_2,direct_d5,0.3,generator_1,4,60,0.0675107091665268,0.9324892908334732,2.7846689224243164,4.25853157043457,1440
fold_2,direct_d5,0.35,generator_1,4,60,0.06733104586601257,0.9326689541339874,2.7787365913391113,4.240692138671875,1440
fold_2,direct_d5,0.4,generator_1,4,60,0.06717482954263687,0.9328251704573631,2.773728370666504,4.223517894744873,1440
fold_2,direct_d5,0.5,generator_1,4,60,0.06689836829900742,0.9331016317009926,2.7652740478515625,4.191195487976074,1440
fold_2,direct_d5,0.0,generator_1,5,75,0.07843227684497833,0.9215677231550217,3.2316243648529053,4.838404178619385,1440
fold_2,direct_d5,0.1,generator_1,5,75,0.07757136225700378,0.9224286377429962,3.1990716457366943,4.780997276306152,1440
fold_2,direct_d5,0.15,generator_1,5,75,0.07720240205526352,0.9227975979447365,3.185497999191284,4.753744125366211,1440
fold_2,direct_d5,0.2,generator_1,5,75,0.07687301933765411,0.9231269806623459,3.173633098602295,4.727481365203857,1440
fold_2,direct_d5,0.25,generator_1,5,75,0.07657083868980408,0.9234291613101959,3.1629934310913086,4.7022247314453125,1440
fold_2,direct_d5,0.3,generator_1,5,75,0.07629367709159851,0.9237063229084015,3.1534667015075684,4.677990913391113,1440
fold_2,direct_d5,0.35,generator_1,5,75,0.07605135440826416,0.9239486455917358,3.14542293548584,4.6547956466674805,1440
fold_2,direct_d5,0.4,generator_1,5,75,0.07585006952285767,0.9241499304771423,3.1392011642456055,4.632654666900635,1440
fold_2,direct_d5,0.5,generator_1,5,75,0.0755503848195076,0.9244496151804924,3.131223440170288,4.591595649719238,1440
fold_2,direct_d5,0.0,generator_1,6,90,0.08647526800632477,0.9135247319936752,3.5643534660339355,5.230025768280029,1440
fold_2,direct_d5,0.1,generator_1,6,90,0.08545414358377457,0.9145458564162254,3.524676561355591,5.163966178894043,1440
fold_2,direct_d5,0.15,generator_1,6,90,0.08500482141971588,0.9149951785802841,3.5076231956481934,5.1326189041137695,1440
fold_2,direct_d5,0.2,generator_1,6,90,0.08459537476301193,0.9154046252369881,3.4923834800720215,5.102420806884766,1440
fold_2,direct_d5,0.25,generator_1,6,90,0.08421832323074341,0.9157816767692566,3.478525161743164,5.073392868041992,1440
fold_2,direct_d5,0.3,generator_1,6,90,0.08387456834316254,0.9161254316568375,3.4661617279052734,5.045555114746094,1440
fold_2,direct_d5,0.35,generator_1,6,90,0.08356697112321854,0.9164330288767815,3.4554035663604736,5.018927574157715,1440
fold_2,direct_d5,0.4,generator_1,6,90,0.08329781144857407,0.9167021885514259,3.446249008178711,4.993529319763184,1440
fold_2,direct_d5,0.5,generator_1,6,90,0.08289328962564468,0.9171067103743553,3.433993101119995,4.946495056152344,1440
fold_2,direct_d5,0.0,generator_1,7,105,0.09424041956663132,0.9057595804333687,3.8819611072540283,5.565253734588623,1440
fold_2,direct_d5,0.1,generator_1,7,105,0.09283477067947388,0.9071652293205261,3.8278729915618896,5.479684829711914,1440
fold_2,direct_d5,0.15,generator_1,7,105,0.09221195429563522,0.9077880457043648,3.8045010566711426,5.439062118530273,1440
fold_2,direct_d5,0.2,generator_1,7,105,0.09165103733539581,0.9083489626646042,3.783881187438965,5.3999247550964355,1440
fold_2,direct_d5,0.25,generator_1,7,105,0.09116914868354797,0.908830851316452,3.766900062561035,5.362303733825684,1440
fold_2,direct_d5,0.3,generator_1,7,105,0.09073541313409805,0.909264586865902,3.752201557159424,5.32623291015625,1440
fold_2,direct_d5,0.35,generator_1,7,105,0.09033556282520294,0.9096644371747971,3.739027261734009,5.291743278503418,1440
fold_2,direct_d5,0.4,generator_1,7,105,0.08998800814151764,0.9100119918584824,3.7280449867248535,5.258865833282471,1440
fold_2,direct_d5,0.5,generator_1,7,105,0.08939723670482635,0.9106027632951736,3.7108826637268066,5.198068618774414,1440
fold_2,direct_d5,0.0,generator_1,8,120,0.10060849785804749,0.8993915021419525,4.1388325691223145,5.8719587326049805,1440
fold_2,direct_d5,0.1,generator_1,8,120,0.09910039603710175,0.9008996039628983,4.080461502075195,5.781254768371582,1440
fold_2,direct_d5,0.15,generator_1,8,120,0.09847651422023773,0.9015234857797623,4.057190895080566,5.7380690574646,1440
fold_2,direct_d5,0.2,generator_1,8,120,0.09790915250778198,0.902090847492218,4.036435127258301,5.696371078491211,1440
fold_2,direct_d5,0.25,generator_1,8,120,0.09740869700908661,0.9025913029909134,4.018650531768799,5.65619421005249,1440
fold_2,direct_d5,0.3,generator_1,8,120,0.0969819575548172,0.9030180424451828,4.004066467285156,5.617570877075195,1440
fold_2,direct_d5,0.35,generator_1,8,120,0.0965987965464592,0.9034012034535408,3.9915642738342285,5.580533504486084,1440
fold_2,direct_d5,0.4,generator_1,8,120,0.09627043455839157,0.9037295654416084,3.9815497398376465,5.545114040374756,1440
fold_2,direct_d5,0.5,generator_1,8,120,0.09577161073684692,0.9042283892631531,3.9684038162231445,5.479251861572266,1440
fold_2,direct_d5,0.0,generator_all,1,15,0.018177062273025513,0.9818229377269745,4.562545299530029,7.207851886749268,1440
fold_2,direct_d5,0.1,generator_all,1,15,0.01772993989288807,0.9822700601071119,4.454649448394775,7.040261268615723,1440
fold_2,direct_d5,0.15,generator_all,1,15,0.017528261989355087,0.9824717380106449,4.405940532684326,6.960329055786133,1440
fold_2,direct_d5,0.2,generator_all,1,15,0.017345640808343887,0.9826543591916561,4.361467361450195,6.883093357086182,1440
fold_2,direct_d5,0.25,generator_all,1,15,0.017175687476992607,0.9828243125230074,4.319892883300781,6.808645725250244,1440
fold_2,direct_d5,0.3,generator_all,1,15,0.017017433419823647,0.9829825665801764,4.281280517578125,6.737077713012695,1440
fold_2,direct_d5,0.35,generator_all,1,15,0.016869867220520973,0.983130132779479,4.245410919189453,6.668482780456543,1440
fold_2,direct_d5,0.4,generator_all,1,15,0.016736844554543495,0.9832631554454565,4.213250637054443,6.6029534339904785,1440
fold_2,direct_d5,0.5,generator_all,1,15,0.01650417223572731,0.9834958277642727,4.1572394371032715,6.481460094451904,1440
fold_2,direct_d5,0.0,generator_all,2,30,0.030040554702281952,0.969959445297718,7.4697747230529785,11.87929630279541,1440
fold_2,direct_d5,0.1,generator_all,2,30,0.029302941635251045,0.970697058364749,7.291066646575928,11.615838050842285,1440
fold_2,direct_d5,0.15,generator_all,2,30,0.02898097224533558,0.9710190277546644,7.213490962982178,11.490939140319824,1440
fold_2,direct_d5,0.2,generator_all,2,30,0.02869306318461895,0.971306936815381,7.14438533782959,11.3707914352417,1440
fold_2,direct_d5,0.25,generator_all,2,30,0.028428416699171066,0.9715715833008289,7.080799579620361,11.255552291870117,1440
fold_2,direct_d5,0.3,generator_all,2,30,0.02818317338824272,0.9718168266117573,7.022184371948242,11.145370483398438,1440
fold_2,direct_d5,0.35,generator_all,2,30,0.027958745136857033,0.972041254863143,6.968937873840332,11.040399551391602,1440
fold_2,direct_d5,0.4,generator_all,2,30,0.02775598131120205,0.972244018688798,6.9211039543151855,10.940788269042969,1440
fold_2,direct_d5,0.5,generator_all,2,30,0.027422264218330383,0.9725777357816696,6.84368371963501,10.758234024047852,1440
fold_2,direct_d5,0.0,generator_all,3,45,0.040090564638376236,0.9599094353616238,9.94885540008545,15.638508796691895,1440
fold_2,direct_d5,0.1,generator_all,3,45,0.03906000405550003,0.9609399959445,9.699722290039062,15.273029327392578,1440
fold_2,direct_d5,0.15,generator_all,3,45,0.038612186908721924,0.9613878130912781,9.591513633728027,15.099348068237305,1440
fold_2,direct_d5,0.2,generator_all,3,45,0.038197487592697144,0.9618025124073029,9.491430282592773,14.931989669799805,1440
fold_2,direct_d5,0.25,generator_all,3,45,0.037811558693647385,0.9621884413063526,9.398777961730957,14.771169662475586,1440
fold_2,direct_d5,0.3,generator_all,3,45,0.03746321424841881,0.9625367857515812,9.316181182861328,14.617103576660156,1440
fold_2,direct_d5,0.35,generator_all,3,45,0.037144847214221954,0.962855152785778,9.241436958312988,14.470005989074707,1440
fold_2,direct_d5,0.4,generator_all,3,45,0.03685903549194336,0.9631409645080566,9.17485237121582,14.330092430114746,1440
fold_2,direct_d5,0.5,generator_all,3,45,0.03637347370386124,0.9636265262961388,9.06419849395752,14.072664260864258,1440
fold_2,direct_d5,0.0,generator_all,4,60,0.04936646297574043,0.9506335370242596,12.233983993530273,18.81503677368164,1440
fold_2,direct_d5,0.1,generator_all,4,60,0.04807047173380852,0.9519295282661915,11.920506477355957,18.394649505615234,1440
fold_2,direct_d5,0.15,generator_all,4,60,0.04750363156199455,0.9524963684380054,11.785042762756348,18.195621490478516,1440
fold_2,direct_d5,0.2,generator_all,4,60,0.046997927129268646,0.9530020728707314,11.664956092834473,18.004371643066406,1440
fold_2,direct_d5,0.25,generator_all,4,60,0.04654056578874588,0.9534594342112541,11.55715560913086,17.821147918701172,1440
fold_2,direct_d5,0.3,generator_all,4,60,0.046143293380737305,0.9538567066192627,11.464550971984863,17.646202087402344,1440
fold_2,direct_d5,0.35,generator_all,4,60,0.045803409069776535,0.9541965909302235,11.386361122131348,17.479782104492188,1440
fold_2,direct_d5,0.4,generator_all,4,60,0.04550895839929581,0.9544910416007042,11.319375991821289,17.322134017944336,1440
fold_2,direct_d5,0.5,generator_all,4,60,0.04500290006399155,0.9549970999360085,11.20686149597168,17.03411102294922,1440
fold_2,direct_d5,0.0,generator_all,5,75,0.05768168345093727,0.9423183165490627,14.289566993713379,21.462692260742188,1440
fold_2,direct_d5,0.1,generator_all,5,75,0.05621016398072243,0.9437898360192776,13.933536529541016,20.955596923828125,1440
fold_2,direct_d5,0.15,generator_all,5,75,0.05555414780974388,0.9444458521902561,13.776427268981934,20.716449737548828,1440
fold_2,direct_d5,0.2,generator_all,5,75,0.054967161267995834,0.9450328387320042,13.63746452331543,20.487354278564453,1440
fold_2,direct_d5,0.25,generator_all,5,75,0.054433610290288925,0.9455663897097111,13.512741088867188,20.268653869628906,1440
fold_2,direct_d5,0.3,generator_all,5,75,0.05398378521203995,0.94601621478796,13.40964126586914,20.060686111450195,1440
fold_2,direct_d5,0.35,generator_all,5,75,0.053583625704050064,0.9464163742959499,13.319379806518555,19.863784790039062,1440
fold_2,direct_d5,0.4,generator_all,5,75,0.05322575941681862,0.9467742405831814,13.240111351013184,19.67828941345215,1440
fold_2,direct_d5,0.5,generator_all,5,75,0.05265079066157341,0.9473492093384266,13.117143630981445,19.342798233032227,1440
fold_2,direct_d5,0.0,generator_all,6,90,0.06492988020181656,0.9350701197981834,16.083654403686523,23.576641082763672,1440
fold_2,direct_d5,0.1,generator_all,6,90,0.06341783702373505,0.936582162976265,15.72144889831543,23.044754028320312,1440
fold_2,direct_d5,0.15,generator_all,6,90,0.0627758800983429,0.9372241199016571,15.571257591247559,22.79464340209961,1440
fold_2,direct_d5,0.2,generator_all,6,90,0.062179312109947205,0.9378206878900528,15.433600425720215,22.55556297302246,1440
fold_2,direct_d5,0.25,generator_all,6,90,0.061640940606594086,0.9383590593934059,15.311905860900879,22.327865600585938,1440
fold_2,direct_d5,0.3,generator_all,6,90,0.06118154153227806,0.9388184584677219,15.210384368896484,22.11190414428711,1440
fold_2,direct_d5,0.35,generator_all,6,90,0.06079257279634476,0.9392074272036552,15.127219200134277,21.908023834228516,1440
fold_2,direct_d5,0.4,generator_all,6,90,0.060465551912784576,0.9395344480872154,15.060343742370605,21.71656608581543,1440
fold_2,direct_d5,0.5,generator_all,6,90,0.05999479815363884,0.9400052018463612,14.973581314086914,21.372230529785156,1440
fold_2,direct_d5,0.0,generator_all,7,105,0.07053549587726593,0.9294645041227341,17.456785202026367,25.309850692749023,1440
fold_2,direct_d5,0.1,generator_all,7,105,0.068924181163311,0.931075818836689,17.07070541381836,24.741777420043945,1440
fold_2,direct_d5,0.15,generator_all,7,105,0.06827422231435776,0.9317257776856422,16.920949935913086,24.474590301513672,1440
fold_2,direct_d5,0.2,generator_all,7,105,0.06770605593919754,0.9322939440608025,16.79355812072754,24.219131469726562,1440
fold_2,direct_d5,0.25,generator_all,7,105,0.06720615178346634,0.9327938482165337,16.684398651123047,23.975780487060547,1440
fold_2,direct_d5,0.3,generator_all,7,105,0.06678329408168793,0.9332167059183121,16.59516143798828,23.744909286499023,1440
fold_2,direct_d5,0.35,generator_all,7,105,0.0664067193865776,0.9335932806134224,16.518253326416016,23.52688217163086,1440
fold_2,direct_d5,0.4,generator_all,7,105,0.0660930946469307,0.9339069053530693,16.45735740661621,23.32206153869629,1440
fold_2,direct_d5,0.5,generator_all,7,105,0.06562503427267075,0.9343749657273293,16.37596321105957,22.95343017578125,1440
fold_2,direct_d5,0.0,generator_all,8,120,0.07541573792695999,0.92458426207304,18.646808624267578,26.726089477539062,1440
fold_2,direct_d5,0.1,generator_all,8,120,0.07372818887233734,0.9262718111276627,18.253143310546875,26.068185806274414,1440
fold_2,direct_d5,0.15,generator_all,8,120,0.07307341694831848,0.9269265830516815,18.10980987548828,25.76028823852539,1440
fold_2,direct_d5,0.2,generator_all,8,120,0.07251008599996567,0.9274899140000343,17.991193771362305,25.467111587524414,1440
fold_2,direct_d5,0.25,generator_all,8,120,0.07201153039932251,0.9279884696006775,17.88945770263672,25.189172744750977,1440
fold_2,direct_d5,0.3,generator_all,8,120,0.07159499078989029,0.9284050092101097,17.80972671508789,24.926977157592773,1440
fold_2,direct_d5,0.35,generator_all,8,120,0.07124541699886322,0.9287545830011368,17.747411727905273,24.681032180786133,1440
fold_2,direct_d5,0.4,generator_all,8,120,0.07096248865127563,0.9290375113487244,17.702436447143555,24.451824188232422,1440
fold_2,direct_d5,0.5,generator_all,8,120,0.07058967649936676,0.9294103235006332,17.663923263549805,24.045499801635742,1440
fold_3,direct_d3,0.0,generator_1,1,15,0.027609962970018387,0.9723900370299816,2.8940157890319824,4.343934059143066,1423
fold_3,direct_d3,0.1,generator_1,1,15,0.027469880878925323,0.9725301191210747,2.8819327354431152,4.324875831604004,1423
fold_3,direct_d3,0.15,generator_1,1,15,0.027429571375250816,0.9725704286247492,2.8792364597320557,4.317899227142334,1423
fold_3,direct_d3,0.2,generator_1,1,15,0.027406154200434685,0.9725938457995653,2.878404140472412,4.312636852264404,1423
fold_3,direct_d3,0.25,generator_1,1,15,0.027397383004426956,0.972602616995573,2.8791162967681885,4.309094429016113,1423
fold_3,direct_d3,0.3,generator_1,1,15,0.02740342915058136,0.9725965708494186,2.8814187049865723,4.307276248931885,1423
fold_3,direct_d3,0.35,generator_1,1,15,0.02742226980626583,0.9725777301937342,2.885075569152832,4.30718469619751,1423
fold_3,direct_d3,0.4,generator_1,1,15,0.027453318238258362,0.9725466817617416,2.889988422393799,4.30881929397583,1423
fold_3,direct_d3,0.5,generator_1,1,15,0.027571875602006912,0.9724281243979931,2.9060585498809814,4.317258834838867,1423
fold_3,direct_d3,0.0,generator_1,2,30,0.03794446215033531,0.9620555378496647,3.9504013061523438,5.941202163696289,1423
fold_3,direct_d3,0.1,generator_1,2,30,0.037756942212581635,0.9622430577874184,3.934753656387329,5.896501064300537,1423
fold_3,direct_d3,0.15,generator_1,2,30,0.03769446164369583,0.9623055383563042,3.9305241107940674,5.878272533416748,1423
fold_3,direct_d3,0.2,generator_1,2,30,0.0376572348177433,0.9623427651822567,3.9291701316833496,5.862827777862549,1423
fold_3,direct_d3,0.25,generator_1,2,30,0.0376397930085659,0.9623602069914341,3.930001735687256,5.850188732147217,1423
fold_3,direct_d3,0.3,generator_1,2,30,0.037646375596523285,0.9623536244034767,3.9334514141082764,5.8403730392456055,1423
fold_3,direct_d3,0.35,generator_1,2,30,0.03767039626836777,0.9623296037316322,3.938680410385132,5.833395481109619,1423
fold_3,direct_d3,0.4,generator_1,2,30,0.037714749574661255,0.9622852504253387,3.946044683456421,5.829266548156738,1423
fold_3,direct_d3,0.5,generator_1,2,30,0.03790055960416794,0.9620994403958321,3.9711968898773193,5.829573154449463,1423
fold_3,direct_d3,0.0,generator_1,3,45,0.045877065509557724,0.9541229344904423,4.774826526641846,7.216490745544434,1423
fold_3,direct_d3,0.1,generator_1,3,45,0.04556842893362045,0.9544315710663795,4.751290321350098,7.143270492553711,1423
fold_3,direct_d3,0.15,generator_1,3,45,0.04550570249557495,0.954494297504425,4.7496747970581055,7.116631507873535,1423
fold_3,direct_d3,0.2,generator_1,3,45,0.04551547020673752,0.9544845297932625,4.756188869476318,7.096746921539307,1423
fold_3,direct_d3,0.25,generator_1,3,45,0.04560786113142967,0.9543921388685703,4.77185583114624,7.083673000335693,1423
fold_3,direct_d3,0.3,generator_1,3,45,0.045772913843393326,0.9542270861566067,4.79537296295166,7.077447891235352,1423
fold_3,direct_d3,0.35,generator_1,3,45,0.045992136001586914,0.9540078639984131,4.824948787689209,7.078089237213135,1423
fold_3,direct_d3,0.4,generator_1,3,45,0.04626030474901199,0.953739695250988,4.859792709350586,7.085595607757568,1423
fold_3,direct_d3,0.5,generator_1,3,45,0.04695836082100868,0.9530416391789913,4.947203636169434,7.121095180511475,1423
fold_3,direct_d3,0.0,generator_1,4,60,0.055551256984472275,0.9444487430155277,5.7941107749938965,8.561657905578613,1423
fold_3,direct_d3,0.1,generator_1,4,60,0.05501684546470642,0.9449831545352936,5.752811431884766,8.467710494995117,1423
fold_3,direct_d3,0.15,generator_1,4,60,0.05490592122077942,0.9450940787792206,5.748782634735107,8.434795379638672,1423
fold_3,direct_d3,0.2,generator_1,4,60,0.05490107834339142,0.9450989216566086,5.756420612335205,8.411410331726074,1423
fold_3,direct_d3,0.25,generator_1,4,60,0.05501445382833481,0.9449855461716652,5.777075290679932,8.39763355255127,1423
fold_3,direct_d3,0.3,generator_1,4,60,0.05522103235125542,0.9447789676487446,5.808534622192383,8.393514633178711,1423
fold_3,direct_d3,0.35,generator_1,4,60,0.055490195751190186,0.9445098042488098,5.846999645233154,8.399065971374512,1423
fold_3,direct_d3,0.4,generator_1,4,60,0.05584624409675598,0.944153755903244,5.894408226013184,8.414268493652344,1423
fold_3,direct_d3,0.5,generator_1,4,60,0.05677630752325058,0.9432236924767494,6.013615131378174,8.473388671875,1423
fold_3,direct_d3,0.0,generator_1,5,75,0.062458936125040054,0.93754106387496,6.532320022583008,9.458108901977539,1423
fold_3,direct_d3,0.1,generator_1,5,75,0.061521630734205246,0.9384783692657948,6.4501261711120605,9.314041137695312,1423
fold_3,direct_d3,0.15,generator_1,5,75,0.06121841073036194,0.9387815892696381,6.427655220031738,9.2590913772583,1423
fold_3,direct_d3,0.2,generator_1,5,75,0.0610436387360096,0.9389563612639904,6.419407367706299,9.215816497802734,1423
fold_3,direct_d3,0.25,generator_1,5,75,0.060948360711336136,0.9390516392886639,6.4195966720581055,9.184380531311035,1423
fold_3,direct_d3,0.3,generator_1,5,75,0.06095501780509949,0.9390449821949005,6.431087493896484,9.164907455444336,1423
fold_3,direct_d3,0.35,generator_1,5,75,0.06107142195105553,0.9389285780489445,6.454587459564209,9.157472610473633,1423
fold_3,direct_d3,0.4,generator_1,5,75,0.06132243573665619,0.9386775642633438,6.492798328399658,9.162104606628418,1423
fold_3,direct_d3,0.5,generator_1,5,75,0.062153831124305725,0.9378461688756943,6.604659557342529,9.207451820373535,1423
fold_3,direct_d3,0.0,generator_1,6,90,0.06867434829473495,0.931325651705265,7.194429874420166,10.386507987976074,1423
fold_3,direct_d3,0.1,generator_1,6,90,0.06752913445234299,0.932470865547657,7.094881057739258,10.231331825256348,1423
fold_3,direct_d3,0.15,generator_1,6,90,0.0671839639544487,0.9328160360455513,7.070626735687256,10.175271034240723,1423
fold_3,direct_d3,0.2,generator_1,6,90,0.06699857860803604,0.933001421391964,7.063956260681152,10.133901596069336,1423
fold_3,direct_d3,0.25,generator_1,6,90,0.06695662438869476,0.9330433756113052,7.073089122772217,10.107401847839355,1423
fold_3,direct_d3,0.3,generator_1,6,90,0.06702802330255508,0.9329719766974449,7.094314098358154,10.0958890914917,1423
fold_3,direct_d3,0.35,generator_1,6,90,0.06722152978181839,0.9327784702181816,7.128641128540039,10.09941577911377,1423
fold_3,direct_d3,0.4,generator_1,6,90,0.06757611036300659,0.9324238896369934,7.181372165679932,10.117963790893555,1423
fold_3,direct_d3,0.5,generator_1,6,90,0.06864987313747406,0.9313501268625259,7.326650142669678,10.199737548828125,1423
fold_3,direct_d3,0.0,generator_1,7,105,0.07389960438013077,0.9261003956198692,7.745500087738037,11.134293556213379,1423
fold_3,direct_d3,0.1,generator_1,7,105,0.07267670333385468,0.9273232966661453,7.63592004776001,10.960701942443848,1423
fold_3,direct_d3,0.15,generator_1,7,105,0.07222256064414978,0.9277774393558502,7.598188877105713,10.889653205871582,1423
fold_3,direct_d3,0.2,generator_1,7,105,0.07187175750732422,0.9281282424926758,7.57220458984375,10.829389572143555,1423
fold_3,direct_d3,0.25,generator_1,7,105,0.07162849605083466,0.9283715039491653,7.55811882019043,10.780092239379883,1423
fold_3,direct_d3,0.3,generator_1,7,105,0.07147493958473206,0.9285250604152679,7.554429531097412,10.74190902709961,1423
fold_3,direct_d3,0.35,generator_1,7,105,0.07141339778900146,0.9285866022109985,7.5609941482543945,10.714962005615234,1423
fold_3,direct_d3,0.4,generator_1,7,105,0.0714571475982666,0.9285428524017334,7.579043865203857,10.699334144592285,1423
fold_3,direct_d3,0.5,generator_1,7,105,0.07175502181053162,0.9282449781894684,7.638020038604736,10.702202796936035,1423
fold_3,direct_d3,0.0,generator_1,8,120,0.07755813002586365,0.9224418699741364,8.157136917114258,11.642637252807617,1423
fold_3,direct_d3,0.1,generator_1,8,120,0.07621096819639206,0.9237890318036079,8.03705883026123,11.479595184326172,1423
fold_3,direct_d3,0.15,generator_1,8,120,0.07571794837713242,0.9242820516228676,7.996262550354004,11.416402816772461,1423
fold_3,direct_d3,0.2,generator_1,8,120,0.0753478929400444,0.9246521070599556,7.969687461853027,11.365713119506836,1423
fold_3,direct_d3,0.25,generator_1,8,120,0.0751214399933815,0.9248785600066185,7.959184646606445,11.327695846557617,1423
fold_3,direct_d3,0.3,generator_1,8,120,0.07505924254655838,0.9249407574534416,7.966301918029785,11.302478790283203,1423
fold_3,direct_d3,0.35,generator_1,8,120,0.07514239102602005,0.92485760897398,7.989437580108643,11.290145874023438,1423
fold_3,direct_d3,0.4,generator_1,8,120,0.07535591721534729,0.9246440827846527,8.026693344116211,11.290740966796875,1423
fold_3,direct_d3,0.5,generator_1,8,120,0.07614193111658096,0.923858068883419,8.139516830444336,11.330660820007324,1423
fold_3,direct_d3,0.0,generator_all,1,15,0.016578083857893944,0.9834219161421061,5.14412784576416,8.061871528625488,1423
fold_3,direct_d3,0.1,generator_all,1,15,0.016301419585943222,0.9836985804140568,5.06221866607666,7.930158615112305,1423
fold_3,direct_d3,0.15,generator_all,1,15,0.016182519495487213,0.9838174805045128,5.027095317840576,7.868725776672363,1423
fold_3,direct_d3,0.2,generator_all,1,15,0.0160739254206419,0.9839260745793581,4.994924545288086,7.810333728790283,1423
fold_3,direct_d3,0.25,generator_all,1,15,0.015974389389157295,0.9840256106108427,4.96552848815918,7.755053997039795,1423
fold_3,direct_d3,0.3,generator_all,1,15,0.015884200111031532,0.9841157998889685,4.938948154449463,7.702952861785889,1423
fold_3,direct_d3,0.35,generator_all,1,15,0.015804221853613853,0.9841957781463861,4.915527820587158,7.6540937423706055,1423
fold_3,direct_d3,0.4,generator_all,1,15,0.015734149143099785,0.9842658508569002,4.895148277282715,7.6085405349731445,1423
fold_3,direct_d3,0.5,generator_all,1,15,0.01561711821705103,0.984382881782949,4.861525535583496,7.527585029602051,1423
fold_3,direct_d3,0.0,generator_all,2,30,0.025849835947155952,0.974150164052844,7.9883551597595215,12.54464054107666,1423
fold_3,direct_d3,0.1,generator_all,2,30,0.02523730881512165,0.9747626911848783,7.802557468414307,12.257667541503906,1423
fold_3,direct_d3,0.15,generator_all,2,30,0.024970311671495438,0.9750296883285046,7.72181510925293,12.122124671936035,1423
fold_3,direct_d3,0.2,generator_all,2,30,0.024725694209337234,0.9752743057906628,7.64805793762207,11.992117881774902,1423
fold_3,direct_d3,0.25,generator_all,2,30,0.02450401708483696,0.975495982915163,7.581288814544678,11.867831230163574,1423
fold_3,direct_d3,0.3,generator_all,2,30,0.024304132908582687,0.9756958670914173,7.5209245681762695,11.749444961547852,1423
fold_3,direct_d3,0.35,generator_all,2,30,0.024126635864377022,0.975873364135623,7.467248439788818,11.637139320373535,1423
fold_3,direct_d3,0.4,generator_all,2,30,0.02397123910486698,0.976028760895133,7.4199957847595215,11.531091690063477,1423
fold_3,direct_d3,0.5,generator_all,2,30,0.023701367899775505,0.9762986321002245,7.337873458862305,11.338464736938477,1423
fold_3,direct_d3,0.0,generator_all,3,45,0.03452293947339058,0.9654770605266094,10.652626037597656,16.254003524780273,1423
fold_3,direct_d3,0.1,generator_all,3,45,0.03361910581588745,0.9663808941841125,10.379268646240234,15.852168083190918,1423
fold_3,direct_d3,0.15,generator_all,3,45,0.033229339867830276,0.9667706601321697,10.261527061462402,15.662359237670898,1423
fold_3,direct_d3,0.2,generator_all,3,45,0.03287176787853241,0.9671282321214676,10.153409957885742,15.480324745178223,1423
fold_3,direct_d3,0.25,generator_all,3,45,0.032546285539865494,0.9674537144601345,10.055187225341797,15.306340217590332,1423
fold_3,direct_d3,0.3,generator_all,3,45,0.03225487098097801,0.967745129019022,9.967790603637695,15.140685081481934,1423
fold_3,direct_d3,0.35,generator_all,3,45,0.03199423849582672,0.9680057615041733,9.889881134033203,14.983633995056152,1423
fold_3,direct_d3,0.4,generator_all,3,45,0.03177347406744957,0.9682265259325504,9.823766708374023,14.83545970916748,1423
fold_3,direct_d3,0.5,generator_all,3,45,0.03144390508532524,0.9685560949146748,9.725083351135254,14.566813468933105,1423
fold_3,direct_d3,0.0,generator_all,4,60,0.04247618094086647,0.9575238190591335,13.129419326782227,19.468996047973633,1423
fold_3,direct_d3,0.1,generator_all,4,60,0.04142343997955322,0.9585765600204468,12.811352729797363,19.0080623626709,1423
fold_3,direct_d3,0.15,generator_all,4,60,0.040969688445329666,0.9590303115546703,12.674271583557129,18.79030990600586,1423
fold_3,direct_d3,0.2,generator_all,4,60,0.04054870828986168,0.9594512917101383,12.546568870544434,18.581436157226562,1423
fold_3,direct_d3,0.25,generator_all,4,60,0.0401686429977417,0.9598313570022583,12.431687355041504,18.381742477416992,1423
fold_3,direct_d3,0.3,generator_all,4,60,0.039830587804317474,0.9601694121956825,12.330705642700195,18.191530227661133,1423
fold_3,direct_d3,0.35,generator_all,4,60,0.039522647857666016,0.960477352142334,12.239459037780762,18.0111026763916,1423
fold_3,direct_d3,0.4,generator_all,4,60,0.03925009444355965,0.9607499055564404,12.159538269042969,17.84075355529785,1423
fold_3,direct_d3,0.5,generator_all,4,60,0.038834426552057266,0.9611655734479427,12.040160179138184,17.53145408630371,1423
fold_3,direct_d3,0.0,generator_all,5,75,0.049257103353738785,0.9507428966462612,15.234405517578125,22.1178035736084,1423
fold_3,direct_d3,0.1,generator_all,5,75,0.04809896647930145,0.9519010335206985,14.883342742919922,21.607812881469727,1423
fold_3,direct_d3,0.15,generator_all,5,75,0.04758090898394585,0.9524190910160542,14.727347373962402,21.36829376220703,1423
fold_3,direct_d3,0.2,generator_all,5,75,0.04709833860397339,0.9529016613960266,14.582571983337402,21.139562606811523,1423
fold_3,direct_d3,0.25,generator_all,5,75,0.0466495119035244,0.9533504880964756,14.448662757873535,20.921974182128906,1423
fold_3,direct_d3,0.3,generator_all,5,75,0.04625421017408371,0.9537457898259163,14.33187484741211,20.715877532958984,1423
fold_3,direct_d3,0.35,generator_all,5,75,0.04590996354818344,0.9540900364518166,14.231005668640137,20.521623611450195,1423
fold_3,direct_d3,0.4,generator_all,5,75,0.04562263563275337,0.9543773643672466,14.148341178894043,20.33954620361328,1423
fold_3,direct_d3,0.5,generator_all,5,75,0.04519549384713173,0.9548045061528683,14.030143737792969,20.01323890686035,1423
fold_3,direct_d3,0.0,generator_all,6,90,0.055284030735492706,0.9447159692645073,17.10329246520996,24.392398834228516,1423
fold_3,direct_d3,0.1,generator_all,6,90,0.05398346856236458,0.9460165314376354,16.70929527282715,23.85126304626465,1423
fold_3,direct_d3,0.15,generator_all,6,90,0.05340207368135452,0.9465979263186455,16.53467559814453,23.59857940673828,1423
fold_3,direct_d3,0.2,generator_all,6,90,0.052885752171278,0.947114247828722,16.380876541137695,23.358341217041016,1423
fold_3,direct_d3,0.25,generator_all,6,90,0.05241211876273155,0.9475878812372684,16.240877151489258,23.130931854248047,1423
fold_3,direct_d3,0.3,generator_all,6,90,0.0519862100481987,0.9480137899518013,16.11631965637207,22.916738510131836,1423
fold_3,direct_d3,0.35,generator_all,6,90,0.051609400659799576,0.9483905993402004,16.007619857788086,22.71613121032715,1423
fold_3,direct_d3,0.4,generator_all,6,90,0.05129898339509964,0.9487010166049004,15.920109748840332,22.529476165771484,1423
fold_3,direct_d3,0.5,generator_all,6,90,0.05082756653428078,0.9491724334657192,15.792387962341309,22.199398040771484,1423
fold_3,direct_d3,0.0,generator_all,7,105,0.060042958706617355,0.9399570412933826,18.563161849975586,26.230043411254883,1423
fold_3,direct_d3,0.1,generator_all,7,105,0.0586046539247036,0.9413953460752964,18.12856101989746,25.663673400878906,1423
fold_3,direct_d3,0.15,generator_all,7,105,0.057998593896627426,0.9420014061033726,17.9483699798584,25.402973175048828,1423
fold_3,direct_d3,0.2,generator_all,7,105,0.05747435614466667,0.9425256438553333,17.79501724243164,25.157894134521484,1423
fold_3,direct_d3,0.25,generator_all,7,105,0.057007938623428345,0.9429920613765717,17.6606388092041,24.928895950317383,1423
fold_3,direct_d3,0.3,generator_all,7,105,0.056616272777318954,0.943383727222681,17.55116844177246,24.716426849365234,1423
fold_3,direct_d3,0.35,generator_all,7,105,0.05629831552505493,0.9437016844749451,17.46558952331543,24.52091407775879,1423
fold_3,direct_d3,0.4,generator_all,7,105,0.05605805665254593,0.9439419433474541,17.40511131286621,24.3427677154541,1423
fold_3,direct_d3,0.5,generator_all,7,105,0.0557791031897068,0.9442208968102932,17.347497940063477,24.040081024169922,1423
fold_3,direct_d3,0.0,generator_all,8,120,0.06411588937044144,0.9358841106295586,19.823543548583984,27.73310661315918,1423
fold_3,direct_d3,0.1,generator_all,8,120,0.06262718886137009,0.9373728111386299,19.373029708862305,27.15488052368164,1423
fold_3,direct_d3,0.15,generator_all,8,120,0.06197084113955498,0.938029158860445,19.175878524780273,26.88788604736328,1423
fold_3,direct_d3,0.2,generator_all,8,120,0.06138456612825394,0.9386154338717461,19.00145721435547,26.63623809814453,1423
fold_3,direct_d3,0.25,generator_all,8,120,0.06086535379290581,0.9391346462070942,18.849102020263672,26.400373458862305,1423
fold_3,direct_d3,0.3,generator_all,8,120,0.06042717397212982,0.9395728260278702,18.723155975341797,26.18071746826172,1423
fold_3,direct_d3,0.35,generator_all,8,120,0.060079824179410934,0.9399201758205891,18.627161026000977,25.977685928344727,1423
fold_3,direct_d3,0.4,generator_all,8,120,0.05980592966079712,0.9401940703392029,18.555517196655273,25.79166603088379,1423
fold_3,direct_d3,0.5,generator_all,8,120,0.059460364282131195,0.9405396357178688,18.477014541625977,25.472126007080078,1423
fold_3,direct_d5,0.0,generator_1,1,15,0.027609962970018387,0.9723900370299816,2.8940157890319824,4.343934059143066,1423
fold_3,direct_d5,0.1,generator_1,1,15,0.027469398453831673,0.9725306015461683,2.882485866546631,4.325047969818115,1423
fold_3,direct_d5,0.15,generator_1,1,15,0.027431035414338112,0.9725689645856619,2.880267858505249,4.3183112144470215,1423
fold_3,direct_d5,0.2,generator_1,1,15,0.027408922091126442,0.9725910779088736,2.8798601627349854,4.313391208648682,1423
fold_3,direct_d5,0.25,generator_1,1,15,0.027402184903621674,0.9725978150963783,2.881110668182373,4.310293197631836,1423
fold_3,direct_d5,0.3,generator_1,1,15,0.027411358430981636,0.9725886415690184,2.8840391635894775,4.309021949768066,1423
fold_3,direct_d5,0.35,generator_1,1,15,0.02743118815124035,0.9725688118487597,2.8881561756134033,4.309579372406006,1423
fold_3,direct_d5,0.4,generator_1,1,15,0.027459271252155304,0.9725407287478447,2.893134117126465,4.3119635581970215,1423
fold_3,direct_d5,0.5,generator_1,1,15,0.027567017823457718,0.9724329821765423,2.9084889888763428,4.322200298309326,1423
fold_3,direct_d5,0.0,generator_1,2,30,0.03794446215033531,0.9620555378496647,3.9504013061523438,5.941202163696289,1423
fold_3,direct_d5,0.1,generator_1,2,30,0.037760693579912186,0.9622393064200878,3.9357030391693115,5.900760650634766,1423
fold_3,direct_d5,0.15,generator_1,2,30,0.037695251405239105,0.9623047485947609,3.931297540664673,5.883946418762207,1423
fold_3,direct_d5,0.2,generator_1,2,30,0.037647709250450134,0.9623522907495499,3.9288673400878906,5.869429111480713,1423
fold_3,direct_d5,0.25,generator_1,2,30,0.03762790933251381,0.9623720906674862,3.9294025897979736,5.857226371765137,1423
fold_3,direct_d5,0.3,generator_1,2,30,0.03762601688504219,0.9623739831149578,3.931941270828247,5.847352981567383,1423
fold_3,direct_d5,0.35,generator_1,2,30,0.03763555362820625,0.9623644463717937,3.935530662536621,5.83981990814209,1423
fold_3,direct_d5,0.4,generator_1,2,30,0.03766254335641861,0.9623374566435814,3.940826654434204,5.83463716506958,1423
fold_3,direct_d5,0.5,generator_1,2,30,0.03780285269021988,0.9621971473097801,3.9606595039367676,5.831343650817871,1423
fold_3,direct_d5,0.0,generator_1,3,45,0.045877065509557724,0.9541229344904423,4.774826526641846,7.216490745544434,1423
fold_3,direct_d5,0.1,generator_1,3,45,0.04558533802628517,0.9544146619737148,4.753169059753418,7.1531853675842285,1423
fold_3,direct_d5,0.15,generator_1,3,45,0.04552412033081055,0.9544758796691895,4.7516560554504395,7.129971981048584,1423
fold_3,direct_d5,0.2,generator_1,3,45,0.04551965743303299,0.954480342566967,4.756295680999756,7.112462997436523,1423
fold_3,direct_d5,0.25,generator_1,3,45,0.04558952897787094,0.9544104710221291,4.768571853637695,7.100699424743652,1423
fold_3,direct_d5,0.3,generator_1,3,45,0.04573803395032883,0.9542619660496712,4.789278507232666,7.094710826873779,1423
fold_3,direct_d5,0.35,generator_1,3,45,0.04594522342085838,0.9540547765791416,4.816367149353027,7.094511032104492,1423
fold_3,direct_d5,0.4,generator_1,3,45,0.04620133340358734,0.9537986665964127,4.848947048187256,7.100101470947266,1423
fold_3,direct_d5,0.5,generator_1,3,45,0.04684240743517876,0.9531575925648212,4.92861270904541,7.1285834312438965,1423
fold_3,direct_d5,0.0,generator_1,4,60,0.055551256984472275,0.9444487430155277,5.7941107749938965,8.561657905578613,1423
fold_3,direct_d5,0.1,generator_1,4,60,0.05508939549326897,0.944910604506731,5.761696815490723,8.47726821899414,1423
fold_3,direct_d5,0.15,generator_1,4,60,0.054994821548461914,0.9450051784515381,5.7596845626831055,8.447952270507812,1423
fold_3,direct_d5,0.2,generator_1,4,60,0.05498603731393814,0.9450139626860619,5.766941070556641,8.427352905273438,1423
fold_3,direct_d5,0.25,generator_1,4,60,0.05509515479207039,0.9449048452079296,5.787304401397705,8.41553020477295,1423
fold_3,direct_d5,0.3,generator_1,4,60,0.05527912825345993,0.9447208717465401,5.815740585327148,8.412524223327637,1423
fold_3,direct_d5,0.35,generator_1,4,60,0.05555648356676102,0.944443516433239,5.854007720947266,8.418343544006348,1423
fold_3,direct_d5,0.4,generator_1,4,60,0.05590803548693657,0.9440919645130634,5.9000420570373535,8.43297004699707,1423
fold_3,direct_d5,0.5,generator_1,4,60,0.056816812604665756,0.9431831873953342,6.014341831207275,8.488433837890625,1423
fold_3,direct_d5,0.0,generator_1,5,75,0.062458936125040054,0.93754106387496,6.532320022583008,9.458108901977539,1423
fold_3,direct_d5,0.1,generator_1,5,75,0.06168663501739502,0.938313364982605,6.468852996826172,9.345148086547852,1423
fold_3,direct_d5,0.15,generator_1,5,75,0.06145283579826355,0.9385471642017365,6.453179359436035,9.302785873413086,1423
fold_3,direct_d5,0.2,generator_1,5,75,0.06131838262081146,0.9386816173791885,6.4485764503479,9.27001667022705,1423
fold_3,direct_d5,0.25,generator_1,5,75,0.06126314774155617,0.9387368522584438,6.452574729919434,9.246941566467285,1423
fold_3,direct_d5,0.3,generator_1,5,75,0.06129208952188492,0.9387079104781151,6.465282440185547,9.233635902404785,1423
fold_3,direct_d5,0.35,generator_1,5,75,0.061425257474184036,0.938574742525816,6.488738536834717,9.230138778686523,1423
fold_3,direct_d5,0.4,generator_1,5,75,0.061662279069423676,0.9383377209305763,6.52279806137085,9.236464500427246,1423
fold_3,direct_d5,0.5,generator_1,5,75,0.06239516660571098,0.937604833394289,6.618823528289795,9.27846622467041,1423
fold_3,direct_d5,0.0,generator_1,6,90,0.06867434829473495,0.931325651705265,7.194429874420166,10.386507987976074,1423
fold_3,direct_d5,0.1,generator_1,6,90,0.0676833912730217,0.9323166087269783,7.111567497253418,10.258447647094727,1423
fold_3,direct_d5,0.15,generator_1,6,90,0.06736624985933304,0.932633750140667,7.0896830558776855,10.210799217224121,1423
fold_3,direct_d5,0.2,generator_1,6,90,0.067191943526268,0.932808056473732,7.083357810974121,10.17428970336914,1423
fold_3,direct_d5,0.25,generator_1,6,90,0.06712883710861206,0.9328711628913879,7.089099884033203,10.149036407470703,1423
fold_3,direct_d5,0.3,generator_1,6,90,0.06716304272413254,0.9328369572758675,7.104347229003906,10.135126113891602,1423
fold_3,direct_d5,0.35,generator_1,6,90,0.0672869086265564,0.9327130913734436,7.1291093826293945,10.13260269165039,1423
fold_3,direct_d5,0.4,generator_1,6,90,0.06753309071063995,0.93246690928936,7.167176723480225,10.141477584838867,1423
fold_3,direct_d5,0.5,generator_1,6,90,0.06842909008264542,0.9315709099173546,7.28749418258667,10.193260192871094,1423
fold_3,direct_d5,0.0,generator_1,7,105,0.07389960438013077,0.9261003956198692,7.745500087738037,11.134293556213379,1423
fold_3,direct_d5,0.1,generator_1,7,105,0.07292654365301132,0.9270734563469887,7.66825008392334,11.0040283203125,1423
fold_3,direct_d5,0.15,generator_1,7,105,0.07263624668121338,0.9273637533187866,7.650872230529785,10.95651912689209,1423
fold_3,direct_d5,0.2,generator_1,7,105,0.07247328758239746,0.9275267124176025,7.6472625732421875,10.920976638793945,1423
fold_3,direct_d5,0.25,generator_1,7,105,0.07241011410951614,0.9275898858904839,7.654478549957275,10.897516250610352,1423
fold_3,direct_d5,0.3,generator_1,7,105,0.07244322448968887,0.9275567755103111,7.6724324226379395,10.88621711730957,1423
fold_3,direct_d5,0.35,generator_1,7,105,0.0726003423333168,0.9273996576666832,7.7040534019470215,10.887118339538574,1423
fold_3,direct_d5,0.4,generator_1,7,105,0.07286030054092407,0.9271396994590759,7.7466044425964355,10.900215148925781,1423
fold_3,direct_d5,0.5,generator_1,7,105,0.07366514205932617,0.9263348579406738,7.861923694610596,10.962782859802246,1423
fold_3,direct_d5,0.0,generator_1,8,120,0.07755813002586365,0.9224418699741364,8.157136917114258,11.642637252807617,1423
fold_3,direct_d5,0.1,generator_1,8,120,0.07634592056274414,0.9236540794372559,8.049674034118652,11.505600929260254,1423
fold_3,direct_d5,0.15,generator_1,8,120,0.0758419930934906,0.9241580069065094,8.006141662597656,11.448458671569824,1423
fold_3,direct_d5,0.2,generator_1,8,120,0.07543464004993439,0.9245653599500656,7.972538948059082,11.39905834197998,1423
fold_3,direct_d5,0.25,generator_1,8,120,0.07513026893138885,0.9248697310686111,7.950031280517578,11.357500076293945,1423
fold_3,direct_d5,0.3,generator_1,8,120,0.07491430640220642,0.9250856935977936,7.936712265014648,11.323868751525879,1423
fold_3,direct_d5,0.35,generator_1,8,120,0.07478633522987366,0.9252136647701263,7.932895183563232,11.298238754272461,1423
fold_3,direct_d5,0.4,generator_1,8,120,0.07476896792650223,0.9252310320734978,7.94113302230835,11.280661582946777,1423
fold_3,direct_d5,0.5,generator_1,8,120,0.0749848410487175,0.9250151589512825,7.9828104972839355,11.269801139831543,1423
fold_3,direct_d5,0.0,generator_all,1,15,0.016578083857893944,0.9834219161421061,5.14412784576416,8.061871528625488,1423
fold_3,direct_d5,0.1,generator_all,1,15,0.016324810683727264,0.9836751893162727,5.0693254470825195,7.944067001342773,1423
fold_3,direct_d5,0.15,generator_all,1,15,0.016216816380620003,0.98378318361938,5.037502765655518,7.888901710510254,1423
fold_3,direct_d5,0.2,generator_all,1,15,0.01611853577196598,0.983881464228034,5.008498668670654,7.836297035217285,1423
fold_3,direct_d5,0.25,generator_all,1,15,0.0160276647657156,0.9839723352342844,4.981845855712891,7.786305904388428,1423
fold_3,direct_d5,0.3,generator_all,1,15,0.015944574028253555,0.9840554259717464,4.957602024078369,7.738977909088135,1423
fold_3,direct_d5,0.35,generator_all,1,15,0.015868550166487694,0.9841314498335123,4.935445308685303,7.694364070892334,1423
fold_3,direct_d5,0.4,generator_all,1,15,0.015800420194864273,0.9841995798051357,4.915737152099609,7.652510166168213,1423
fold_3,direct_d5,0.5,generator_all,1,15,0.015691734850406647,0.9843082651495934,4.884749889373779,7.577263832092285,1423
fold_3,direct_d5,0.0,generator_all,2,30,0.025849835947155952,0.974150164052844,7.9883551597595215,12.54464054107666,1423
fold_3,direct_d5,0.1,generator_all,2,30,0.025287218391895294,0.9747127816081047,7.819789409637451,12.281546592712402,1423
fold_3,direct_d5,0.15,generator_all,2,30,0.025044262409210205,0.9749557375907898,7.747124671936035,12.157197952270508,1423
fold_3,direct_d5,0.2,generator_all,2,30,0.02481965348124504,0.975180346518755,7.68029260635376,12.037846565246582,1423
fold_3,direct_d5,0.25,generator_all,2,30,0.02462100423872471,0.9753789957612753,7.621799468994141,11.923645973205566,1423
fold_3,direct_d5,0.3,generator_all,2,30,0.02444026991724968,0.9755597300827503,7.56881046295166,11.814742088317871,1423
fold_3,direct_d5,0.35,generator_all,2,30,0.024281004443764687,0.9757189955562353,7.521893501281738,11.711285591125488,1423
fold_3,direct_d5,0.4,generator_all,2,30,0.024136004969477654,0.9758639950305223,7.479257583618164,11.613419532775879,1423
fold_3,direct_d5,0.5,generator_all,2,30,0.02388191968202591,0.9761180803179741,7.404892444610596,11.435029029846191,1423
fold_3,direct_d5,0.0,generator_all,3,45,0.03452293947339058,0.9654770605266094,10.652626037597656,16.254003524780273,1423
fold_3,direct_d5,0.1,generator_all,3,45,0.0336935818195343,0.9663064181804657,10.405296325683594,15.882757186889648,1423
fold_3,direct_d5,0.15,generator_all,3,45,0.03333040326833725,0.9666695967316628,10.297664642333984,15.708189010620117,1423
fold_3,direct_d5,0.2,generator_all,3,45,0.0330062210559845,0.9669937789440155,10.201627731323242,15.541325569152832,1423
fold_3,direct_d5,0.25,generator_all,3,45,0.03270922973752022,0.9672907702624798,10.113838195800781,15.382417678833008,1423
fold_3,direct_d5,0.3,generator_all,3,45,0.032441623508930206,0.9675583764910698,10.035725593566895,15.23171329498291,1423
fold_3,direct_d5,0.35,generator_all,3,45,0.03220008686184883,0.9677999131381512,9.96586799621582,15.089460372924805,1423
fold_3,direct_d5,0.4,generator_all,3,45,0.03199773281812668,0.9680022671818733,9.907902717590332,14.955899238586426,1423
fold_3,direct_d5,0.5,generator_all,3,45,0.03168290853500366,0.9683170914649963,9.82030963897705,14.715780258178711,1423
fold_3,direct_d5,0.0,generator_all,4,60,0.04247618094086647,0.9575238190591335,13.129419326782227,19.468996047973633,1423
fold_3,direct_d5,0.1,generator_all,4,60,0.04143918678164482,0.9585608132183552,12.820466041564941,19.027530670166016,1423
fold_3,direct_d5,0.15,generator_all,4,60,0.0409918911755085,0.9590081088244915,12.687640190124512,18.820981979370117,1423
fold_3,direct_d5,0.2,generator_all,4,60,0.040580637753009796,0.9594193622469902,12.565546989440918,18.62431526184082,1423
fold_3,direct_d5,0.25,generator_all,4,60,0.040223486721515656,0.9597765132784843,12.460322380065918,18.43784523010254,1423
fold_3,direct_d5,0.3,generator_all,4,60,0.03991500660777092,0.9600849933922291,12.37125015258789,18.261882781982422,1423
fold_3,direct_d5,0.35,generator_all,4,60,0.03962462395429611,0.9603753760457039,12.288023948669434,18.096736907958984,1423
fold_3,direct_d5,0.4,generator_all,4,60,0.039362456649541855,0.9606375433504581,12.213885307312012,17.942707061767578,1423
fold_3,direct_d5,0.5,generator_all,4,60,0.03899550437927246,0.9610044956207275,12.113890647888184,17.66912841796875,1423
fold_3,direct_d5,0.0,generator_all,5,75,0.049257103353738785,0.9507428966462612,15.234405517578125,22.1178035736084,1423
fold_3,direct_d5,0.1,generator_all,5,75,0.048093125224113464,0.9519068747758865,14.884899139404297,21.61562156677246,1423
fold_3,direct_d5,0.15,generator_all,5,75,0.04757644236087799,0.952423557639122,14.731101036071777,21.3806209564209,1423
fold_3,direct_d5,0.2,generator_all,5,75,0.04709385707974434,0.9529061429202557,14.587562561035156,21.156829833984375,1423
fold_3,direct_d5,0.25,generator_all,5,75,0.04663730412721634,0.9533626958727837,14.452367782592773,20.944608688354492,1423
fold_3,direct_d5,0.3,generator_all,5,75,0.04623270034790039,0.9537672996520996,14.333806037902832,20.744312286376953,1423
fold_3,direct_d5,0.35,generator_all,5,75,0.04588807374238968,0.9541119262576103,14.23437786102295,20.55628776550293,1423
fold_3,direct_d5,0.4,generator_all,5,75,0.04557814821600914,0.9544218517839909,14.14608383178711,20.380874633789062,1423
fold_3,direct_d5,0.5,generator_all,5,75,0.04511234536767006,0.9548876546323299,14.017745971679688,20.069183349609375,1423
fold_3,direct_d5,0.0,generator_all,6,90,0.055284030735492706,0.9447159692645073,17.10329246520996,24.392398834228516,1423
fold_3,direct_d5,0.1,generator_all,6,90,0.05407930910587311,0.9459206908941269,16.740570068359375,23.898706436157227,1423
fold_3,direct_d5,0.15,generator_all,6,90,0.053543515503406525,0.9464564844965935,16.580598831176758,23.66887855529785,1423
fold_3,direct_d5,0.2,generator_all,6,90,0.053060781210660934,0.9469392187893391,16.437559127807617,23.450841903686523,1423
fold_3,direct_d5,0.25,generator_all,6,90,0.052608370780944824,0.9473916292190552,16.304262161254883,23.244935989379883,1423
fold_3,direct_d5,0.3,generator_all,6,90,0.05220106244087219,0.9477989375591278,16.185565948486328,23.05147933959961,1423
fold_3,direct_d5,0.35,generator_all,6,90,0.05184046924114227,0.9481595307588577,16.081783294677734,22.870790481567383,1423
fold_3,direct_d5,0.4,generator_all,6,90,0.05152209848165512,0.9484779015183449,15.99147891998291,22.703174591064453,1423
fold_3,direct_d5,0.5,generator_all,6,90,0.051076196134090424,0.9489238038659096,15.871021270751953,22.408308029174805,1423
fold_3,direct_d5,0.0,generator_all,7,105,0.060042958706617355,0.9399570412933826,18.563161849975586,26.230043411254883,1423
fold_3,direct_d5,0.1,generator_all,7,105,0.05860050395131111,0.9413994960486889,18.126501083374023,25.673078536987305,1423
fold_3,direct_d5,0.15,generator_all,7,105,0.057978734374046326,0.9420212656259537,17.940919876098633,25.415328979492188,1423
fold_3,direct_d5,0.2,generator_all,7,105,0.05742327496409416,0.9425767250359058,17.776939392089844,25.17197608947754,1423
fold_3,direct_d5,0.25,generator_all,7,105,0.056925222277641296,0.9430747777223587,17.63157081604004,24.943435668945312,1423
fold_3,direct_d5,0.3,generator_all,7,105,0.05648581311106682,0.9435141868889332,17.505714416503906,24.73012351989746,1423
fold_3,direct_d5,0.35,generator_all,7,105,0.056143227964639664,0.9438567720353603,17.411304473876953,24.53243637084961,1423
fold_3,direct_d5,0.4,generator_all,7,105,0.05587504059076309,0.9441249594092369,17.34086036682129,24.350749969482422,1423
fold_3,direct_d5,0.5,generator_all,7,105,0.05552190914750099,0.944478090852499,17.256662368774414,24.036813735961914,1423
fold_3,direct_d5,0.0,generator_all,8,120,0.06411588937044144,0.9358841106295586,19.823543548583984,27.73310661315918,1423
fold_3,direct_d5,0.1,generator_all,8,120,0.06259755045175552,0.9374024495482445,19.36943817138672,27.16949462890625,1423
fold_3,direct_d5,0.15,generator_all,8,120,0.06192105636000633,0.9380789436399937,19.169023513793945,26.910140991210938,1423
fold_3,direct_d5,0.2,generator_all,8,120,0.061318039894104004,0.938681960105896,18.99243927001953,26.666349411010742,1423
fold_3,direct_d5,0.25,generator_all,8,120,0.06076342612504959,0.9392365738749504,18.83169937133789,26.438549041748047,1423
fold_3,direct_d5,0.3,generator_all,8,120,0.06030793860554695,0.939692061394453,18.703529357910156,26.227155685424805,1423
fold_3,direct_d5,0.35,generator_all,8,120,0.059931252151727676,0.9400687478482723,18.601259231567383,26.032567977905273,1423
fold_3,direct_d5,0.4,generator_all,8,120,0.05963553860783577,0.9403644613921642,18.525461196899414,25.85516929626465,1423
fold_3,direct_d5,0.5,generator_all,8,120,0.05927849933505058,0.9407215006649494,18.449438095092773,25.553327560424805,1423
