fold,window,blend,target,horizon_step,horizon_minutes,mape,score_1_minus_mape,mae,rmse,samples
fold_1,all_history,0.0,generator_1,1,15,0.0315639115869998,0.968436088413,2.3762598037719727,3.84385347366333,1440
fold_1,all_history,0.1,generator_1,1,15,0.031421884894371,0.968578115105629,2.3657631874084477,3.834574222564697,1440
fold_1,all_history,0.15,generator_1,1,15,0.0314141400158405,0.9685858599841596,2.365365743637085,3.833716154098511,1440
fold_1,all_history,0.2,generator_1,1,15,0.0314651876688003,0.9685348123311996,2.369081974029541,3.835383176803589,1440
fold_1,all_history,0.25,generator_1,1,15,0.0315721333026886,0.9684278666973114,2.37719988822937,3.839571952819824,1440
fold_1,all_history,0.3,generator_1,1,15,0.0317314676940441,0.968268532305956,2.3891890048980717,3.8462743759155273,1440
fold_1,all_history,0.35,generator_1,1,15,0.0319497361779212,0.9680502638220788,2.40539813041687,3.8554768562316895,1440
fold_1,all_history,0.4,generator_1,1,15,0.0322125628590583,0.9677874371409416,2.425116539001465,3.867161750793457,1440
fold_1,all_history,0.5,generator_1,1,15,0.0328632444143295,0.9671367555856704,2.4743685722351074,3.897886037826538,1440
fold_1,all_history,0.0,generator_1,2,30,0.0432759746909141,0.9567240253090858,3.215257167816162,5.361660957336426,1440
fold_1,all_history,0.1,generator_1,2,30,0.0433937907218933,0.9566062092781068,3.2317826747894287,5.354412078857422,1440
fold_1,all_history,0.15,generator_1,2,30,0.0436856523156166,0.9563143476843834,3.2582452297210693,5.362574577331543,1440
fold_1,all_history,0.2,generator_1,2,30,0.0441057905554771,0.9558942094445227,3.295285940170288,5.378558158874512,1440
fold_1,all_history,0.25,generator_1,2,30,0.0446621030569076,0.9553378969430923,3.342456817626953,5.402293682098389,1440
fold_1,all_history,0.3,generator_1,2,30,0.0453739278018474,0.9546260721981524,3.400777816772461,5.433679580688477,1440
fold_1,all_history,0.35,generator_1,2,30,0.0462222062051296,0.9537777937948704,3.469500064849853,5.472584247589111,1440
fold_1,all_history,0.4,generator_1,2,30,0.0471941754221916,0.9528058245778084,3.547939777374268,5.518848896026611,1440
fold_1,all_history,0.5,generator_1,2,30,0.0494187846779823,0.9505812153220176,3.726475715637207,5.63270378112793,1440
fold_1,all_history,0.0,generator_1,3,45,0.0529374331235885,0.9470625668764114,3.907463312149048,6.586505889892578,1440
fold_1,all_history,0.1,generator_1,3,45,0.0531374625861644,0.9468625374138356,3.940771579742432,6.580725193023682,1440
fold_1,all_history,0.15,generator_1,3,45,0.0536449588835239,0.946355041116476,3.98873233795166,6.596893310546875,1440
fold_1,all_history,0.2,generator_1,3,45,0.0544016398489475,0.9455983601510524,4.055012226104736,6.625667095184326,1440
fold_1,all_history,0.25,generator_1,3,45,0.0553958155214786,0.9446041844785212,4.140717029571533,6.66688346862793,1440
fold_1,all_history,0.3,generator_1,3,45,0.0566481128334999,0.9433518871665,4.247007846832275,6.7203145027160645,1440
fold_1,all_history,0.35,generator_1,3,45,0.0581535249948501,0.9418464750051498,4.372743129730225,6.785669326782227,1440
fold_1,all_history,0.4,generator_1,3,45,0.059830904006958,0.940169095993042,4.511762619018555,6.862610340118408,1440
fold_1,all_history,0.5,generator_1,3,45,0.0635653734207153,0.9364346265792848,4.819581985473633,7.049670219421387,1440
fold_1,all_history,0.0,generator_1,4,60,0.0634459182620048,0.9365540817379951,4.640525341033936,7.748594760894775,1440
fold_1,all_history,0.1,generator_1,4,60,0.0637367367744445,0.9362632632255554,4.684361934661865,7.739306926727295,1440
fold_1,all_history,0.15,generator_1,4,60,0.0644388273358345,0.9355611726641656,4.749659538269043,7.758174896240234,1440
fold_1,all_history,0.2,generator_1,4,60,0.0654720813035965,0.9345279186964036,4.841232299804688,7.792596340179443,1440
fold_1,all_history,0.25,generator_1,4,60,0.0667545944452285,0.9332454055547714,4.95279598236084,7.842367172241211,1440
fold_1,all_history,0.3,generator_1,4,60,0.0683232545852661,0.931676745414734,5.0854573249816895,7.90719747543335,1440
fold_1,all_history,0.35,generator_1,4,60,0.0701901763677597,0.9298098236322404,5.239529132843018,7.986720561981201,1440
fold_1,all_history,0.4,generator_1,4,60,0.0723037421703338,0.927696257829666,5.411513805389404,8.0805025100708,1440
fold_1,all_history,0.5,generator_1,4,60,0.0770535543560981,0.9229464456439018,5.795222282409668,8.308838844299316,1440
fold_1,all_history,0.0,generator_1,5,75,0.0721605867147445,0.9278394132852554,5.25194263458252,8.712187767028809,1440
fold_1,all_history,0.1,generator_1,5,75,0.072502002120018,0.927497997879982,5.307399272918701,8.696846008300781,1440
fold_1,all_history,0.15,generator_1,5,75,0.0733850598335266,0.9266149401664734,5.391659736633301,8.718725204467773,1440
fold_1,all_history,0.2,generator_1,5,75,0.0747482851147651,0.9252517148852348,5.51090669631958,8.760151863098145,1440
fold_1,all_history,0.25,generator_1,5,75,0.0764881297945976,0.9235118702054024,5.659560203552246,8.82085132598877,1440
fold_1,all_history,0.3,generator_1,5,75,0.0785598829388618,0.9214401170611382,5.83239221572876,8.900429725646973,1440
fold_1,all_history,0.35,generator_1,5,75,0.080916941165924,0.919083058834076,6.026687145233154,8.998385429382324,1440
fold_1,all_history,0.4,generator_1,5,75,0.083537146449089,0.916462853550911,6.240616798400879,9.11412525177002,1440
fold_1,all_history,0.5,generator_1,5,75,0.0893841236829757,0.9106158763170242,6.714490413665772,9.39622974395752,1440
fold_1,all_history,0.0,generator_1,6,90,0.081520564854145,0.918479435145855,5.910423278808594,9.55147933959961,1440
fold_1,all_history,0.1,generator_1,6,90,0.0818985551595687,0.9181014448404312,5.976814270019531,9.536506652832031,1440
fold_1,all_history,0.15,generator_1,6,90,0.0828781872987747,0.9171218127012252,6.072757244110107,9.566816329956056,1440
fold_1,all_history,0.2,generator_1,6,90,0.0844232663512229,0.915576733648777,6.212764263153076,9.6220703125,1440
fold_1,all_history,0.25,generator_1,6,90,0.0865238904953002,0.9134761095046996,6.394976139068604,9.70184326171875,1440
fold_1,all_history,0.3,generator_1,6,90,0.0890473797917366,0.9109526202082634,6.607215881347656,9.805538177490234,1440
fold_1,all_history,0.35,generator_1,6,90,0.0919405743479728,0.9080594256520272,6.847437858581543,9.932403564453123,1440
fold_1,all_history,0.4,generator_1,6,90,0.0951179787516594,0.9048820212483406,7.108626365661621,10.081565856933594,1440
fold_1,all_history,0.5,generator_1,6,90,0.1021385639905929,0.897861436009407,7.678421974182129,10.442818641662598,1440
fold_1,all_history,0.0,generator_1,7,105,0.0890894383192062,0.9109105616807938,6.44184684753418,10.235238075256348,1440
fold_1,all_history,0.1,generator_1,7,105,0.0894678235054016,0.9105321764945984,6.512383937835693,10.194619178771973,1440
fold_1,all_history,0.15,generator_1,7,105,0.090401753783226,0.909598246216774,6.6068115234375,10.20981788635254,1440
fold_1,all_history,0.2,generator_1,7,105,0.0917640477418899,0.90823595225811,6.7356858253479,10.248602867126465,1440
fold_1,all_history,0.25,generator_1,7,105,0.0934836938977241,0.9065163061022758,6.892650127410889,10.310708045959473,1440
fold_1,all_history,0.3,generator_1,7,105,0.0955537036061286,0.9044462963938712,7.076151371002197,10.395716667175291,1440
fold_1,all_history,0.35,generator_1,7,105,0.0979572907090187,0.9020427092909812,7.2828240394592285,10.503070831298828,1440
fold_1,all_history,0.4,generator_1,7,105,0.1006143018603324,0.8993856981396675,7.5081257820129395,10.632094383239746,1440
fold_1,all_history,0.5,generator_1,7,105,0.1067816913127899,0.8932183086872101,8.021245956420898,10.951959609985352,1440
fold_1,all_history,0.0,generator_1,8,120,0.0957450866699218,0.904254913330078,6.915420055389404,10.817008018493652,1440
fold_1,all_history,0.1,generator_1,8,120,0.0957653075456619,0.904234692454338,6.961456298828125,10.76402187347412,1440
fold_1,all_history,0.15,generator_1,8,120,0.09659955650568,0.90340044349432,7.049498081207275,10.773859024047852,1440
fold_1,all_history,0.2,generator_1,8,120,0.0978870615363121,0.902112938463688,7.174072265625,10.80788230895996,1440
fold_1,all_history,0.25,generator_1,8,120,0.0995759218931198,0.9004240781068802,7.327011585235596,10.865863800048828,1440
fold_1,all_history,0.3,generator_1,8,120,0.1016511470079422,0.8983488529920578,7.510662078857422,10.947423934936523,1440
fold_1,all_history,0.35,generator_1,8,120,0.1040887832641601,0.8959112167358398,7.722328186035156,11.052040100097656,1440
fold_1,all_history,0.4,generator_1,8,120,0.106798805296421,0.893201194703579,7.95397138595581,11.179065704345703,1440
fold_1,all_history,0.5,generator_1,8,120,0.112899862229824,0.8871001377701759,8.46615982055664,11.497241020202637,1440
fold_1,all_history,0.0,generator_all,1,15,0.0218676291406154,0.9781323708593844,4.078977584838867,6.210054397583008,1440
fold_1,all_history,0.1,generator_all,1,15,0.0214693918824195,0.9785306081175804,4.006975173950195,6.071760177612305,1440
fold_1,all_history,0.15,generator_all,1,15,0.0213040206581354,0.9786959793418646,3.976793050765991,6.007741928100586,1440
fold_1,all_history,0.2,generator_all,1,15,0.0211567990481853,0.9788432009518148,3.949630498886109,5.947292804718018,1440
fold_1,all_history,0.25,generator_all,1,15,0.021030468866229,0.9789695311337708,3.925929069519043,5.89052152633667,1440
fold_1,all_history,0.3,generator_all,1,15,0.0209207795560359,0.979079220443964,3.9051785469055176,5.837536811828613,1440
fold_1,all_history,0.35,generator_all,1,15,0.0208342559635639,0.979165744036436,3.8886799812316895,5.788441181182861,1440
fold_1,all_history,0.4,generator_all,1,15,0.02076624520123,0.97923375479877,3.875553607940674,5.743336200714111,1440
fold_1,all_history,0.5,generator_all,1,15,0.0206793751567602,0.9793206248432398,3.858285188674927,5.665466785430908,1440
fold_1,all_history,0.0,generator_all,2,30,0.0344606600701808,0.9655393399298192,6.363779067993164,9.929483413696287,1440
fold_1,all_history,0.1,generator_all,2,30,0.0335361436009407,0.9664638563990592,6.198935508728027,9.649209976196287,1440
fold_1,all_history,0.15,generator_all,2,30,0.0331574454903602,0.9668425545096396,6.130616664886475,9.519331932067873,1440
fold_1,all_history,0.2,generator_all,2,30,0.0328149572014808,0.9671850427985192,6.068393230438232,9.39667797088623,1440
fold_1,all_history,0.25,generator_all,2,30,0.0325281582772731,0.9674718417227268,6.01616096496582,9.281533241271973,1440
fold_1,all_history,0.3,generator_all,2,30,0.0323033072054386,0.9676966927945614,5.975009441375732,9.174181938171388,1440
fold_1,all_history,0.35,generator_all,2,30,0.032121617347002,0.967878382652998,5.941624641418457,9.074898719787598,1440
fold_1,all_history,0.4,generator_all,2,30,0.0319871008396148,0.9680128991603852,5.916916370391846,8.983952522277832,1440
fold_1,all_history,0.5,generator_all,2,30,0.0318439751863479,0.968156024813652,5.890944480895996,8.82807445526123,1440
fold_1,all_history,0.0,generator_all,3,45,0.045921716839075,0.9540782831609248,8.405503273010254,13.173080444335938,1440
fold_1,all_history,0.1,generator_all,3,45,0.0446431636810302,0.9553568363189696,8.171040534973145,12.78904151916504,1440
fold_1,all_history,0.15,generator_all,3,45,0.0441696643829345,0.9558303356170654,8.081217765808105,12.612238883972168,1440
fold_1,all_history,0.2,generator_all,3,45,0.0437689162790775,0.9562310837209224,8.00488567352295,12.446166038513184,1440
fold_1,all_history,0.25,generator_all,3,45,0.0434315018355846,0.9565684981644154,7.940128803253174,12.29125690460205,1440
fold_1,all_history,0.3,generator_all,3,45,0.0431565195322036,0.9568434804677964,7.88548469543457,12.14793872833252,1440
fold_1,all_history,0.35,generator_all,3,45,0.0429589077830314,0.9570410922169684,7.844158172607422,12.016627311706545,1440
fold_1,all_history,0.4,generator_all,3,45,0.0428235009312629,0.957176499068737,7.815018653869629,11.89771842956543,1440
fold_1,all_history,0.5,generator_all,3,45,0.042741660028696,0.957258339971304,7.79316520690918,11.698586463928224,1440
fold_1,all_history,0.0,generator_all,4,60,0.0571180433034896,0.9428819566965104,10.402521133422852,16.06088638305664,1440
fold_1,all_history,0.1,generator_all,4,60,0.0554978735744953,0.9445021264255048,10.09653663635254,15.584896087646484,1440
fold_1,all_history,0.15,generator_all,4,60,0.0549594573676586,0.9450405426323414,9.9873046875,15.3676118850708,1440
fold_1,all_history,0.2,generator_all,4,60,0.0545700713992118,0.945429928600788,9.902657508850098,15.16493797302246,1440
fold_1,all_history,0.25,generator_all,4,60,0.0542794428765773,0.9457205571234226,9.835022926330566,14.977468490600586,1440
fold_1,all_history,0.3,generator_all,4,60,0.054080206900835,0.945919793099165,9.78338623046875,14.805781364440918,1440
fold_1,all_history,0.35,generator_all,4,60,0.053969606757164,0.946030393242836,9.747576713562012,14.650430679321287,1440
fold_1,all_history,0.4,generator_all,4,60,0.0539433918893337,0.9460566081106664,9.728713989257812,14.511940956115724,1440
fold_1,all_history,0.5,generator_all,4,60,0.0541611723601818,0.9458388276398182,9.739789962768556,14.287449836730955,1440
fold_1,all_history,0.0,generator_all,5,75,0.0673384144902229,0.9326615855097772,12.210098266601562,18.52823638916016,1440
fold_1,all_history,0.1,generator_all,5,75,0.0653875917196273,0.9346124082803726,11.834193229675291,17.98466682434082,1440
fold_1,all_history,0.15,generator_all,5,75,0.0646588876843452,0.9353411123156548,11.687076568603516,17.735620498657227,1440
fold_1,all_history,0.2,generator_all,5,75,0.0641278177499771,0.9358721822500228,11.57194709777832,17.502609252929688,1440
fold_1,all_history,0.25,generator_all,5,75,0.0637424364686012,0.9362575635313988,11.480484008789062,17.286283493041992,1440
fold_1,all_history,0.3,generator_all,5,75,0.0634628608822822,0.9365371391177176,11.40843105316162,17.08727264404297,1440
fold_1,all_history,0.35,generator_all,5,75,0.0632879436016082,0.9367120563983916,11.355786323547363,16.906192779541016,1440
fold_1,all_history,0.4,generator_all,5,75,0.0631891191005706,0.9368108808994292,11.316829681396484,16.743623733520508,1440
fold_1,all_history,0.5,generator_all,5,75,0.0632871761918068,0.9367128238081932,11.294463157653809,16.476146697998047,1440
fold_1,all_history,0.0,generator_all,6,90,0.0771296173334121,0.9228703826665878,13.94482135772705,20.69964027404785,1440
fold_1,all_history,0.1,generator_all,6,90,0.075342483818531,0.924657516181469,13.583663940429688,20.16533470153809,1440
fold_1,all_history,0.15,generator_all,6,90,0.0748620852828025,0.9251379147171974,13.460500717163086,19.92313003540039,1440
fold_1,all_history,0.2,generator_all,6,90,0.0744952633976936,0.9255047366023064,13.356035232543944,19.69838523864746,1440
fold_1,all_history,0.25,generator_all,6,90,0.0742253437638282,0.9257746562361716,13.269906044006348,19.4917106628418,1440
fold_1,all_history,0.3,generator_all,6,90,0.0740762203931808,0.9259237796068192,13.20614242553711,19.303682327270508,1440
fold_1,all_history,0.35,generator_all,6,90,0.0740249380469322,0.9259750619530678,13.160272598266602,19.134849548339844,1440
fold_1,all_history,0.4,generator_all,6,90,0.0740687176585197,0.9259312823414804,13.131322860717772,18.985729217529297,1440
fold_1,all_history,0.5,generator_all,6,90,0.0745312869548797,0.9254687130451202,13.139922142028809,18.748432159423828,1440
fold_1,all_history,0.0,generator_all,7,105,0.08517687022686,0.91482312977314,15.34381103515625,22.480789184570312,1440
fold_1,all_history,0.1,generator_all,7,105,0.0833532437682151,0.9166467562317848,14.958544731140137,21.895700454711918,1440
fold_1,all_history,0.15,generator_all,7,105,0.0828549191355705,0.9171450808644296,14.819921493530272,21.63214683532715,1440
fold_1,all_history,0.2,generator_all,7,105,0.0824622884392738,0.9175377115607262,14.70008373260498,21.38888931274414,1440
fold_1,all_history,0.25,generator_all,7,105,0.08217354118824,0.91782645881176,14.599332809448242,21.16662979125977,1440
fold_1,all_history,0.3,generator_all,7,105,0.0819991528987884,0.9180008471012115,14.519349098205566,20.96603202819824,1440
fold_1,all_history,0.35,generator_all,7,105,0.0819797217845916,0.9180202782154084,14.465659141540527,20.787729263305664,1440
fold_1,all_history,0.4,generator_all,7,105,0.0820895284414291,0.9179104715585708,14.435367584228516,20.632295608520508,1440
fold_1,all_history,0.5,generator_all,7,105,0.0827462524175643,0.9172537475824356,14.44898509979248,20.39204978942871,1440
fold_1,all_history,0.0,generator_all,8,120,0.0925461426377296,0.9074538573622704,16.64529037475586,23.961599349975582,1440
fold_1,all_history,0.1,generator_all,8,120,0.0909183472394943,0.9090816527605056,16.28647232055664,23.35971069335937,1440
fold_1,all_history,0.15,generator_all,8,120,0.0905191451311111,0.9094808548688889,16.16331672668457,23.09092140197754,1440
fold_1,all_history,0.2,generator_all,8,120,0.090214729309082,0.909785270690918,16.057411193847656,22.84459686279297,1440
fold_1,all_history,0.25,generator_all,8,120,0.0900051966309547,0.9099948033690451,15.967777252197266,22.62147331237793,1440
fold_1,all_history,0.3,generator_all,8,120,0.0899379625916481,0.910062037408352,15.901741981506348,22.422243118286133,1440
fold_1,all_history,0.35,generator_all,8,120,0.0899837389588356,0.9100162610411644,15.855899810791016,22.24754524230957,1440
fold_1,all_history,0.4,generator_all,8,120,0.0901751518249511,0.9098248481750488,15.837890625,22.097963333129883,1440
fold_1,all_history,0.5,generator_all,8,120,0.0908503755927085,0.9091496244072914,15.853431701660156,21.87612533569336,1440
fold_2,all_history,0.0,generator_1,1,15,0.0343664102256298,0.9656335897743702,1.4209353923797607,2.2386233806610107,1440
fold_2,all_history,0.1,generator_1,1,15,0.0341067835688591,0.9658932164311408,1.4103494882583618,2.2268826961517334,1440
fold_2,all_history,0.15,generator_1,1,15,0.0339843817055225,0.9660156182944776,1.4053771495819092,2.22135853767395,1440
fold_2,all_history,0.2,generator_1,1,15,0.0338707640767097,0.9661292359232904,1.4007936716079712,2.216067314147949,1440
fold_2,all_history,0.25,generator_1,1,15,0.0337656065821647,0.9662343934178352,1.3965532779693604,2.2110111713409424,1440
fold_2,all_history,0.3,generator_1,1,15,0.0336652174592018,0.9663347825407982,1.3925026655197144,2.206191301345825,1440
fold_2,all_history,0.35,generator_1,1,15,0.0335705392062664,0.9664294607937336,1.3886860609054563,2.2016096115112305,1440
fold_2,all_history,0.4,generator_1,1,15,0.033486858010292,0.966513141989708,1.3853565454483032,2.1972672939300537,1440
fold_2,all_history,0.5,generator_1,1,15,0.0333395674824714,0.9666604325175284,1.3795630931854248,2.1893069744110107,1440
fold_2,all_history,0.0,generator_1,2,30,0.0490566901862621,0.950943309813738,2.025379180908203,3.1833860874176025,1440
fold_2,all_history,0.1,generator_1,2,30,0.0486724004149436,0.9513275995850564,2.010365724563598,3.165613412857056,1440
fold_2,all_history,0.15,generator_1,2,30,0.0484888814389705,0.9515111185610294,2.0032246112823486,3.15722131729126,1440
fold_2,all_history,0.2,generator_1,2,30,0.0483135841786861,0.951686415821314,1.996449828147888,3.149162530899048,1440
fold_2,all_history,0.25,generator_1,2,30,0.0481497459113597,0.9518502540886402,1.9901491403579712,3.141439199447632,1440
fold_2,all_history,0.3,generator_1,2,30,0.0479953400790691,0.9520046599209308,1.9842208623886108,3.134054183959961,1440
fold_2,all_history,0.35,generator_1,2,30,0.0478486903011798,0.95215130969882,1.9786072969436648,3.127009630203247,1440
fold_2,all_history,0.4,generator_1,2,30,0.0477134920656681,0.952286507934332,1.9734605550765991,3.1203081607818604,1440
fold_2,all_history,0.5,generator_1,2,30,0.0474924258887767,0.9525075741112232,1.9651204347610476,3.107942581176758,1440
fold_2,all_history,0.0,generator_1,3,45,0.0588992983102798,0.9411007016897202,2.4220409393310547,3.844786167144776,1440
fold_2,all_history,0.1,generator_1,3,45,0.0584918484091758,0.941508151590824,2.406486749649048,3.818715810775757,1440
fold_2,all_history,0.15,generator_1,3,45,0.0583133846521377,0.9416866153478622,2.399874448776245,3.8062376976013184,1440
fold_2,all_history,0.2,generator_1,3,45,0.0581485815346241,0.941851418465376,2.3938238620758057,3.7941370010375977,1440
fold_2,all_history,0.25,generator_1,3,45,0.058008786290884,0.941991213709116,2.3888869285583496,3.782416582107544,1440
fold_2,all_history,0.3,generator_1,3,45,0.0578949674963951,0.9421050325036048,2.385082721710205,3.7710795402526855,1440
fold_2,all_history,0.35,generator_1,3,45,0.0578056536614894,0.9421943463385104,2.3824148178100586,3.7601301670074463,1440
fold_2,all_history,0.4,generator_1,3,45,0.0577344037592411,0.9422655962407588,2.380569696426392,3.7495715618133545,1440
fold_2,all_history,0.5,generator_1,3,45,0.0576442331075668,0.9423557668924332,2.379124879837036,3.7296395301818848,1440
fold_2,all_history,0.0,generator_1,4,60,0.0691060051321983,0.9308939948678016,2.842660903930664,4.379054069519043,1440
fold_2,all_history,0.1,generator_1,4,60,0.0685326904058456,0.9314673095941544,2.8215017318725586,4.34352445602417,1440
fold_2,all_history,0.15,generator_1,4,60,0.0682997032999992,0.9317002967000008,2.813286781311035,4.326558589935303,1440
fold_2,all_history,0.2,generator_1,4,60,0.0680871084332466,0.9319128915667534,2.805943727493286,4.310134410858154,1440
fold_2,all_history,0.25,generator_1,4,60,0.0678916648030281,0.932108335196972,2.799337863922119,4.294257164001465,1440
fold_2,all_history,0.3,generator_1,4,60,0.0677112266421318,0.9322887733578682,2.7933967113494877,4.278933048248291,1440
fold_2,all_history,0.35,generator_1,4,60,0.0675543546676635,0.9324456453323364,2.7884695529937744,4.264168739318848,1440
fold_2,all_history,0.4,generator_1,4,60,0.0674155578017234,0.9325844421982764,2.784320116043091,4.249969482421875,1440
fold_2,all_history,0.5,generator_1,4,60,0.0672067254781723,0.9327932745218276,2.778978109359741,4.223289012908936,1440
fold_2,all_history,0.0,generator_1,5,75,0.0784322768449783,0.9215677231550216,3.2316243648529053,4.838404178619385,1440
fold_2,all_history,0.1,generator_1,5,75,0.0777451917529106,0.9222548082470894,3.2057793140411377,4.79423189163208,1440
fold_2,all_history,0.15,generator_1,5,75,0.0774483457207679,0.922551654279232,3.194896697998047,4.773138999938965,1440
fold_2,all_history,0.2,generator_1,5,75,0.0771752148866653,0.9228247851133348,3.185093879699707,4.752721309661865,1440
fold_2,all_history,0.25,generator_1,5,75,0.0769195258617401,0.92308047413826,3.1760575771331787,4.732987403869629,1440
fold_2,all_history,0.3,generator_1,5,75,0.0766875818371772,0.9233124181628228,3.1680803298950195,4.713945388793945,1440
fold_2,all_history,0.35,generator_1,5,75,0.0764788836240768,0.9235211163759232,3.161165475845337,4.695602893829346,1440
fold_2,all_history,0.4,generator_1,5,75,0.0762928575277328,0.9237071424722672,3.1551804542541504,4.677969932556152,1440
fold_2,all_history,0.5,generator_1,5,75,0.0759836137294769,0.9240163862705232,3.1461124420166016,4.644860744476318,1440
fold_2,all_history,0.0,generator_1,6,90,0.0864752680063247,0.9135247319936752,3.5643534660339355,5.230025768280029,1440
fold_2,all_history,0.1,generator_1,6,90,0.0855770036578178,0.9144229963421822,3.530179738998413,5.1734299659729,1440
fold_2,all_history,0.15,generator_1,6,90,0.0851883441209793,0.9148116558790208,3.5158495903015137,5.146612644195557,1440
fold_2,all_history,0.2,generator_1,6,90,0.0848385244607925,0.9151614755392076,3.503369808197021,5.120802879333496,1440
fold_2,all_history,0.25,generator_1,6,90,0.08452919870615,0.91547080129385,3.492711067199707,5.096015930175781,1440
fold_2,all_history,0.3,generator_1,6,90,0.0842582061886787,0.9157417938113211,3.483772039413452,5.072268009185791,1440
fold_2,all_history,0.35,generator_1,6,90,0.0840267911553382,0.9159732088446616,3.4765591621398926,5.049572467803955,1440
fold_2,all_history,0.4,generator_1,6,90,0.0838247165083885,0.9161752834916116,3.470674753189087,5.027944087982178,1440
fold_2,all_history,0.5,generator_1,6,90,0.0835317969322204,0.9164682030677797,3.4638495445251465,4.987943649291992,1440
fold_2,all_history,0.0,generator_1,7,105,0.0942404195666313,0.9057595804333688,3.881961107254028,5.565253734588623,1440
fold_2,all_history,0.1,generator_1,7,105,0.0931418761610984,0.9068581238389016,3.839885711669922,5.49970006942749,1440
fold_2,all_history,0.15,generator_1,7,105,0.0926426276564598,0.9073573723435402,3.82119083404541,5.468387603759766,1440
fold_2,all_history,0.2,generator_1,7,105,0.0921730175614357,0.9078269824385644,3.8038525581359854,5.438073635101318,1440
fold_2,all_history,0.25,generator_1,7,105,0.0917431861162185,0.9082568138837814,3.788313150405884,5.408775329589844,1440
fold_2,all_history,0.3,generator_1,7,105,0.091364249587059,0.908635750412941,3.7750957012176514,5.380509853363037,1440
fold_2,all_history,0.35,generator_1,7,105,0.0910233482718467,0.9089766517281532,3.7636218070983887,5.353292465209961,1440
fold_2,all_history,0.4,generator_1,7,105,0.090704545378685,0.909295454621315,3.753148078918457,5.327140331268311,1440
fold_2,all_history,0.5,generator_1,7,105,0.0901681184768676,0.9098318815231324,3.7366044521331783,5.278092384338379,1440
fold_2,all_history,0.0,generator_1,8,120,0.1006084978580474,0.8993915021419525,4.1388325691223145,5.8719587326049805,1440
fold_2,all_history,0.1,generator_1,8,120,0.0993064045906066,0.9006935954093933,4.089875221252441,5.795604705810547,1440
fold_2,all_history,0.15,generator_1,8,120,0.0987695455551147,0.9012304544448853,4.070709705352783,5.759398460388184,1440
fold_2,all_history,0.2,generator_1,8,120,0.0982884913682937,0.9017115086317062,4.0540266036987305,5.724539279937744,1440
fold_2,all_history,0.25,generator_1,8,120,0.0978455618023872,0.9021544381976128,4.039045810699463,5.691052913665772,1440
fold_2,all_history,0.3,generator_1,8,120,0.0974581688642501,0.9025418311357498,4.026570796966553,5.658962726593018,1440
fold_2,all_history,0.35,generator_1,8,120,0.0971338376402854,0.9028661623597144,4.016963005065918,5.628292560577393,1440
fold_2,all_history,0.4,generator_1,8,120,0.0968558713793754,0.9031441286206244,4.009398937225342,5.599065780639648,1440
fold_2,all_history,0.5,generator_1,8,120,0.0964225977659225,0.9035774022340776,3.999917507171631,5.54503345489502,1440
fold_2,all_history,0.0,generator_all,1,15,0.0181770622730255,0.9818229377269744,4.562545299530029,7.207851886749268,1440
fold_2,all_history,0.1,generator_all,1,15,0.0177475251257419,0.982252474874258,4.459378242492676,7.04290246963501,1440
fold_2,all_history,0.15,generator_all,1,15,0.0175559725612401,0.9824440274387598,4.413296222686768,6.964860916137695,1440
fold_2,all_history,0.2,generator_all,1,15,0.017383525148034,0.982616474851966,4.371541500091553,6.889910697937012,1440
fold_2,all_history,0.25,generator_all,1,15,0.0172244496643543,0.9827755503356456,4.333120346069336,6.818151950836182,1440
fold_2,all_history,0.3,generator_all,1,15,0.0170794986188411,0.9829205013811588,4.298192501068115,6.749688625335693,1440
fold_2,all_history,0.35,generator_all,1,15,0.0169489849358797,0.9830510150641204,4.266924858093262,6.684620380401611,1440
fold_2,all_history,0.4,generator_all,1,15,0.016833372414112,0.983166627585888,4.239470958709717,6.623047828674316,1440
fold_2,all_history,0.5,generator_all,1,15,0.016645174473524,0.983354825526476,4.195240497589111,6.510781288146973,1440
fold_2,all_history,0.0,generator_all,2,30,0.0300405547022819,0.969959445297718,7.469774723052978,11.87929630279541,1440
fold_2,all_history,0.1,generator_all,2,30,0.0293033681809902,0.9706966318190098,7.29155158996582,11.613746643066406,1440
fold_2,all_history,0.15,generator_all,2,30,0.0289844889193773,0.9710155110806228,7.215043067932129,11.48854923248291,1440
fold_2,all_history,0.2,generator_all,2,30,0.0287095438688993,0.9712904561311008,7.149333953857422,11.368627548217772,1440
fold_2,all_history,0.25,generator_all,2,30,0.0284594818949699,0.97154051810503,7.089703559875488,11.254150390625,1440
fold_2,all_history,0.3,generator_all,2,30,0.0282240901142358,0.971775909885764,7.033711910247803,11.145285606384276,1440
fold_2,all_history,0.35,generator_all,2,30,0.028010606765747,0.9719893932342528,6.983298301696777,11.04219913482666,1440
fold_2,all_history,0.4,generator_all,2,30,0.0278168674558401,0.97218313254416,6.938113212585449,10.945054054260254,1440
fold_2,all_history,0.5,generator_all,2,30,0.0275031886994838,0.972496811300516,6.86628007888794,10.769222259521484,1440
fold_2,all_history,0.0,generator_all,3,45,0.0400905646383762,0.9599094353616238,9.94885540008545,15.638508796691896,1440
fold_2,all_history,0.1,generator_all,3,45,0.0390616506338119,0.960938349366188,9.701285362243652,15.274660110473633,1440
fold_2,all_history,0.15,generator_all,3,45,0.0386197082698345,0.9613802917301656,9.595085144042969,15.103260040283203,1440
fold_2,all_history,0.2,generator_all,3,45,0.0382295660674572,0.9617704339325428,9.50218391418457,14.939203262329102,1440
fold_2,all_history,0.25,generator_all,3,45,0.0378661267459392,0.9621338732540607,9.41607666015625,14.782732963562012,1440
fold_2,all_history,0.3,generator_all,3,45,0.0375333689153194,0.9624666310846806,9.338082313537598,14.634090423583984,1440
fold_2,all_history,0.35,generator_all,3,45,0.0372351370751857,0.9627648629248142,9.26910400390625,14.493520736694336,1440
fold_2,all_history,0.4,generator_all,3,45,0.0369802676141262,0.9630197323858738,9.21141242980957,14.361257553100586,1440
fold_2,all_history,0.5,generator_all,3,45,0.0365452878177166,0.9634547121822834,9.115013122558594,14.122573852539062,1440
fold_2,all_history,0.0,generator_all,4,60,0.0493664629757404,0.9506335370242596,12.233983993530272,18.81503677368164,1440
fold_2,all_history,0.1,generator_all,4,60,0.0480417348444461,0.9519582651555538,11.911559104919434,18.391237258911133,1440
fold_2,all_history,0.15,generator_all,4,60,0.047473344951868,0.952526655048132,11.775211334228516,18.191450119018555,1440
fold_2,all_history,0.2,generator_all,4,60,0.0469768680632114,0.9530231319367886,11.657370567321776,18.000097274780273,1440
fold_2,all_history,0.25,generator_all,4,60,0.0465351417660713,0.9534648582339288,11.553803443908691,17.81745147705078,1440
fold_2,all_history,0.3,generator_all,4,60,0.0461545661091804,0.9538454338908195,11.465723991394045,17.643783569335938,1440
fold_2,all_history,0.35,generator_all,4,60,0.0458327494561672,0.9541672505438328,11.39262580871582,17.47936248779297,1440
fold_2,all_history,0.4,generator_all,4,60,0.0455629862844944,0.9544370137155056,11.332748413085938,17.324451446533203,1440
fold_2,all_history,0.5,generator_all,4,60,0.0451121963560581,0.954887803643942,11.23548412322998,17.044174194335938,1440
fold_2,all_history,0.0,generator_all,5,75,0.0576816834509372,0.9423183165490628,14.28956699371338,21.462692260742188,1440
fold_2,all_history,0.1,generator_all,5,75,0.0562128685414791,0.9437871314585208,13.932953834533691,20.967538833618164,1440
fold_2,all_history,0.15,generator_all,5,75,0.0555669590830802,0.9444330409169196,13.77826976776123,20.735105514526367,1440
fold_2,all_history,0.2,generator_all,5,75,0.0549985244870185,0.9450014755129814,13.644525527954102,20.513233184814453,1440
fold_2,all_history,0.25,generator_all,5,75,0.0544862113893032,0.9455137886106968,13.525670051574709,20.30226707458496,1440
fold_2,all_history,0.3,generator_all,5,75,0.0540538690984249,0.9459461309015752,13.427618026733398,20.102548599243164,1440
fold_2,all_history,0.35,generator_all,5,75,0.0536776259541511,0.9463223740458488,13.344045639038086,19.914419174194336,1440
fold_2,all_history,0.4,generator_all,5,75,0.0533810071647167,0.9466189928352832,13.281442642211914,19.73820686340332,1440
fold_2,all_history,0.5,generator_all,5,75,0.0529439039528369,0.947056096047163,13.19676399230957,19.422815322875977,1440
fold_2,all_history,0.0,generator_all,6,90,0.0649298802018165,0.9350701197981834,16.083654403686523,23.576641082763672,1440
fold_2,all_history,0.1,generator_all,6,90,0.063320405781269,0.9366795942187308,15.693809509277344,23.03069877624512,1440
fold_2,all_history,0.15,generator_all,6,90,0.062657780945301,0.9373422190546988,15.537604331970217,22.77497100830078,1440
fold_2,all_history,0.2,generator_all,6,90,0.0620732679963111,0.9379267320036888,15.402812004089355,22.53126716613769,1440
fold_2,all_history,0.25,generator_all,6,90,0.0615589395165443,0.9384410604834555,15.286871910095217,22.29998016357422,1440
fold_2,all_history,0.3,generator_all,6,90,0.0611193664371967,0.9388806335628032,15.190985679626465,22.08150100708008,1440
fold_2,all_history,0.35,generator_all,6,90,0.0607525818049907,0.9392474181950092,15.11363697052002,21.87621307373047,1440
fold_2,all_history,0.4,generator_all,6,90,0.0604591481387615,0.9395408518612384,15.05555248260498,21.684490203857425,1440
fold_2,all_history,0.5,generator_all,6,90,0.0600433684885501,0.9399566315114498,14.98231029510498,21.34317970275879,1440
fold_2,all_history,0.0,generator_all,7,105,0.0705354958772659,0.929464504122734,17.456785202026367,25.309850692749023,1440
fold_2,all_history,0.1,generator_all,7,105,0.0689351111650466,0.9310648888349532,17.072946548461914,24.730239868164062,1440
fold_2,all_history,0.15,generator_all,7,105,0.0683022961020469,0.931697703897953,16.927749633789062,24.45783805847168,1440
fold_2,all_history,0.2,generator_all,7,105,0.0677440091967582,0.9322559908032416,16.802858352661133,24.19756507873535,1440
fold_2,all_history,0.25,generator_all,7,105,0.0672529935836792,0.9327470064163208,16.696346282958984,23.949817657470703,1440
fold_2,all_history,0.3,generator_all,7,105,0.0668200626969337,0.9331799373030664,16.60489845275879,23.714990615844727,1440
fold_2,all_history,0.35,generator_all,7,105,0.0664687976241111,0.9335312023758888,16.53441619873047,23.49346923828125,1440
fold_2,all_history,0.4,generator_all,7,105,0.0661492645740509,0.9338507354259492,16.472118377685547,23.28563117980957,1440
fold_2,all_history,0.5,generator_all,7,105,0.0656614005565643,0.9343385994434356,16.38558578491211,22.9124755859375,1440
fold_2,all_history,0.0,generator_all,8,120,0.0754157379269599,0.92458426207304,18.646808624267575,26.726089477539062,1440
fold_2,all_history,0.1,generator_all,8,120,0.0737850740551948,0.9262149259448051,18.26515007019043,26.078447341918945,1440
fold_2,all_history,0.15,generator_all,8,120,0.0731646940112114,0.9268353059887886,18.129430770874023,25.77517509460449,1440
fold_2,all_history,0.2,generator_all,8,120,0.0726009234786033,0.9273990765213966,18.00937271118164,25.48626136779785,1440
fold_2,all_history,0.25,generator_all,8,120,0.0721035674214363,0.9278964325785636,17.907238006591797,25.212202072143555,1440
fold_2,all_history,0.3,generator_all,8,120,0.0716640278697013,0.9283359721302986,17.820222854614258,24.953481674194336,1440
fold_2,all_history,0.35,generator_all,8,120,0.0712760910391807,0.9287239089608192,17.746246337890625,24.71058464050293,1440
fold_2,all_history,0.4,generator_all,8,120,0.0709723383188247,0.9290276616811752,17.69399070739746,24.483983993530277,1440
fold_2,all_history,0.5,generator_all,8,120,0.0705153942108154,0.9294846057891846,17.6291561126709,24.081472396850582,1440
fold_3,all_history,0.0,generator_1,1,15,0.0276099629700183,0.9723900370299816,2.8940157890319824,4.343934059143066,1423
fold_3,all_history,0.1,generator_1,1,15,0.0274698808789253,0.9725301191210748,2.8819327354431152,4.324875831604004,1423
fold_3,all_history,0.15,generator_1,1,15,0.0274295713752508,0.9725704286247492,2.879236459732056,4.317899227142334,1423
fold_3,all_history,0.2,generator_1,1,15,0.0274061542004346,0.9725938457995652,2.878404140472412,4.312636852264404,1423
fold_3,all_history,0.25,generator_1,1,15,0.0273973830044269,0.972602616995573,2.8791162967681885,4.309094429016113,1423
fold_3,all_history,0.3,generator_1,1,15,0.0274034291505813,0.9725965708494186,2.8814187049865723,4.307276248931885,1423
fold_3,all_history,0.35,generator_1,1,15,0.0274222698062658,0.9725777301937342,2.885075569152832,4.30718469619751,1423
fold_3,all_history,0.4,generator_1,1,15,0.0274533182382583,0.9725466817617416,2.889988422393799,4.30881929397583,1423
fold_3,all_history,0.5,generator_1,1,15,0.0275718756020069,0.9724281243979932,2.906058549880981,4.317258834838867,1423
fold_3,all_history,0.0,generator_1,2,30,0.0379444621503353,0.9620555378496648,3.950401306152344,5.941202163696289,1423
fold_3,all_history,0.1,generator_1,2,30,0.0377569422125816,0.9622430577874184,3.934753656387329,5.896501064300537,1423
fold_3,all_history,0.15,generator_1,2,30,0.0376944616436958,0.9623055383563042,3.9305241107940674,5.878272533416748,1423
fold_3,all_history,0.2,generator_1,2,30,0.0376572348177433,0.9623427651822568,3.9291701316833496,5.862827777862549,1423
fold_3,all_history,0.25,generator_1,2,30,0.0376397930085659,0.962360206991434,3.930001735687256,5.850188732147217,1423
fold_3,all_history,0.3,generator_1,2,30,0.0376463755965232,0.9623536244034768,3.933451414108277,5.8403730392456055,1423
fold_3,all_history,0.35,generator_1,2,30,0.0376703962683677,0.9623296037316322,3.938680410385132,5.833395481109619,1423
fold_3,all_history,0.4,generator_1,2,30,0.0377147495746612,0.9622852504253387,3.946044683456421,5.829266548156738,1423
fold_3,all_history,0.5,generator_1,2,30,0.0379005596041679,0.962099440395832,3.9711968898773193,5.829573154449463,1423
fold_3,all_history,0.0,generator_1,3,45,0.0458770655095577,0.9541229344904424,4.774826526641846,7.216490745544434,1423
fold_3,all_history,0.1,generator_1,3,45,0.0455684289336204,0.9544315710663795,4.751290321350098,7.143270492553711,1423
fold_3,all_history,0.15,generator_1,3,45,0.0455057024955749,0.954494297504425,4.7496747970581055,7.116631507873535,1423
fold_3,all_history,0.2,generator_1,3,45,0.0455154702067375,0.9544845297932624,4.756188869476318,7.096746921539307,1423
fold_3,all_history,0.25,generator_1,3,45,0.0456078611314296,0.9543921388685704,4.77185583114624,7.083673000335693,1423
fold_3,all_history,0.3,generator_1,3,45,0.0457729138433933,0.9542270861566068,4.79537296295166,7.077447891235352,1423
fold_3,all_history,0.35,generator_1,3,45,0.0459921360015869,0.9540078639984132,4.824948787689209,7.078089237213135,1423
fold_3,all_history,0.4,generator_1,3,45,0.0462603047490119,0.953739695250988,4.859792709350586,7.085595607757568,1423
fold_3,all_history,0.5,generator_1,3,45,0.0469583608210086,0.9530416391789912,4.947203636169434,7.121095180511475,1423
fold_3,all_history,0.0,generator_1,4,60,0.0555512569844722,0.9444487430155276,5.7941107749938965,8.561657905578613,1423
fold_3,all_history,0.1,generator_1,4,60,0.0550168454647064,0.9449831545352936,5.752811431884766,8.467710494995117,1423
fold_3,all_history,0.15,generator_1,4,60,0.0549059212207794,0.9450940787792206,5.748782634735107,8.434795379638672,1423
fold_3,all_history,0.2,generator_1,4,60,0.0549010783433914,0.9450989216566086,5.756420612335205,8.411410331726074,1423
fold_3,all_history,0.25,generator_1,4,60,0.0550144538283348,0.9449855461716652,5.777075290679932,8.39763355255127,1423
fold_3,all_history,0.3,generator_1,4,60,0.0552210323512554,0.9447789676487446,5.808534622192383,8.393514633178711,1423
fold_3,all_history,0.35,generator_1,4,60,0.0554901957511901,0.9445098042488098,5.846999645233154,8.399065971374512,1423
fold_3,all_history,0.4,generator_1,4,60,0.0558462440967559,0.944153755903244,5.894408226013184,8.414268493652344,1423
fold_3,all_history,0.5,generator_1,4,60,0.0567763075232505,0.9432236924767494,6.013615131378174,8.473388671875,1423
fold_3,all_history,0.0,generator_1,5,75,0.06245893612504,0.93754106387496,6.532320022583008,9.45810890197754,1423
fold_3,all_history,0.1,generator_1,5,75,0.0615216307342052,0.9384783692657948,6.4501261711120605,9.314041137695312,1423
fold_3,all_history,0.15,generator_1,5,75,0.0612184107303619,0.938781589269638,6.427655220031738,9.2590913772583,1423
fold_3,all_history,0.2,generator_1,5,75,0.0610436387360096,0.9389563612639904,6.419407367706299,9.215816497802734,1423
fold_3,all_history,0.25,generator_1,5,75,0.0609483607113361,0.939051639288664,6.4195966720581055,9.184380531311035,1423
fold_3,all_history,0.3,generator_1,5,75,0.0609550178050994,0.9390449821949004,6.431087493896484,9.164907455444336,1423
fold_3,all_history,0.35,generator_1,5,75,0.0610714219510555,0.9389285780489444,6.454587459564209,9.157472610473633,1423
fold_3,all_history,0.4,generator_1,5,75,0.0613224357366561,0.9386775642633438,6.492798328399658,9.162104606628418,1423
fold_3,all_history,0.5,generator_1,5,75,0.0621538311243057,0.9378461688756944,6.604659557342529,9.207451820373535,1423
fold_3,all_history,0.0,generator_1,6,90,0.0686743482947349,0.931325651705265,7.194429874420166,10.386507987976074,1423
fold_3,all_history,0.1,generator_1,6,90,0.0675291344523429,0.932470865547657,7.094881057739258,10.231331825256348,1423
fold_3,all_history,0.15,generator_1,6,90,0.0671839639544487,0.9328160360455512,7.070626735687256,10.175271034240724,1423
fold_3,all_history,0.2,generator_1,6,90,0.066998578608036,0.933001421391964,7.063956260681152,10.133901596069336,1423
fold_3,all_history,0.25,generator_1,6,90,0.0669566243886947,0.9330433756113052,7.073089122772217,10.107401847839355,1423
fold_3,all_history,0.3,generator_1,6,90,0.067028023302555,0.9329719766974448,7.094314098358154,10.0958890914917,1423
fold_3,all_history,0.35,generator_1,6,90,0.0672215297818183,0.9327784702181816,7.128641128540039,10.09941577911377,1423
fold_3,all_history,0.4,generator_1,6,90,0.0675761103630065,0.9324238896369934,7.181372165679932,10.117963790893556,1423
fold_3,all_history,0.5,generator_1,6,90,0.068649873137474,0.931350126862526,7.326650142669678,10.199737548828123,1423
fold_3,all_history,0.0,generator_1,7,105,0.0738996043801307,0.9261003956198692,7.745500087738037,11.13429355621338,1423
fold_3,all_history,0.1,generator_1,7,105,0.0726767033338546,0.9273232966661452,7.63592004776001,10.960701942443848,1423
fold_3,all_history,0.15,generator_1,7,105,0.0722225606441497,0.9277774393558502,7.598188877105713,10.889653205871582,1423
fold_3,all_history,0.2,generator_1,7,105,0.0718717575073242,0.9281282424926758,7.57220458984375,10.829389572143556,1423
fold_3,all_history,0.25,generator_1,7,105,0.0716284960508346,0.9283715039491652,7.55811882019043,10.780092239379885,1423
fold_3,all_history,0.3,generator_1,7,105,0.071474939584732,0.928525060415268,7.554429531097412,10.74190902709961,1423
fold_3,all_history,0.35,generator_1,7,105,0.0714133977890014,0.9285866022109984,7.560994148254394,10.714962005615234,1423
fold_3,all_history,0.4,generator_1,7,105,0.0714571475982666,0.9285428524017334,7.579043865203857,10.699334144592283,1423
fold_3,all_history,0.5,generator_1,7,105,0.0717550218105316,0.9282449781894684,7.638020038604736,10.702202796936035,1423
fold_3,all_history,0.0,generator_1,8,120,0.0775581300258636,0.9224418699741364,8.157136917114258,11.642637252807615,1423
fold_3,all_history,0.1,generator_1,8,120,0.076210968196392,0.923789031803608,8.03705883026123,11.479595184326172,1423
fold_3,all_history,0.15,generator_1,8,120,0.0757179483771324,0.9242820516228676,7.996262550354004,11.41640281677246,1423
fold_3,all_history,0.2,generator_1,8,120,0.0753478929400444,0.9246521070599556,7.969687461853027,11.365713119506836,1423
fold_3,all_history,0.25,generator_1,8,120,0.0751214399933815,0.9248785600066184,7.959184646606445,11.327695846557615,1423
fold_3,all_history,0.3,generator_1,8,120,0.0750592425465583,0.9249407574534416,7.966301918029785,11.302478790283203,1423
fold_3,all_history,0.35,generator_1,8,120,0.07514239102602,0.92485760897398,7.989437580108643,11.290145874023438,1423
fold_3,all_history,0.4,generator_1,8,120,0.0753559172153472,0.9246440827846528,8.026693344116211,11.290740966796877,1423
fold_3,all_history,0.5,generator_1,8,120,0.0761419311165809,0.923858068883419,8.139516830444336,11.330660820007324,1423
fold_3,all_history,0.0,generator_all,1,15,0.0165780838578939,0.983421916142106,5.14412784576416,8.061871528625488,1423
fold_3,all_history,0.1,generator_all,1,15,0.0163014195859432,0.9836985804140568,5.06221866607666,7.930158615112305,1423
fold_3,all_history,0.15,generator_all,1,15,0.0161825194954872,0.9838174805045128,5.027095317840576,7.868725776672363,1423
fold_3,all_history,0.2,generator_all,1,15,0.0160739254206419,0.983926074579358,4.994924545288086,7.810333728790283,1423
fold_3,all_history,0.25,generator_all,1,15,0.0159743893891572,0.9840256106108428,4.96552848815918,7.755053997039795,1423
fold_3,all_history,0.3,generator_all,1,15,0.0158842001110315,0.9841157998889684,4.938948154449463,7.702952861785889,1423
fold_3,all_history,0.35,generator_all,1,15,0.0158042218536138,0.984195778146386,4.915527820587158,7.654093742370605,1423
fold_3,all_history,0.4,generator_all,1,15,0.0157341491430997,0.9842658508569002,4.895148277282715,7.608540534973144,1423
fold_3,all_history,0.5,generator_all,1,15,0.015617118217051,0.984382881782949,4.861525535583496,7.527585029602051,1423
fold_3,all_history,0.0,generator_all,2,30,0.0258498359471559,0.974150164052844,7.9883551597595215,12.54464054107666,1423
fold_3,all_history,0.1,generator_all,2,30,0.0252373088151216,0.9747626911848783,7.802557468414307,12.257667541503906,1423
fold_3,all_history,0.15,generator_all,2,30,0.0249703116714954,0.9750296883285046,7.72181510925293,12.122124671936035,1423
fold_3,all_history,0.2,generator_all,2,30,0.0247256942093372,0.9752743057906628,7.64805793762207,11.992117881774902,1423
fold_3,all_history,0.25,generator_all,2,30,0.0245040170848369,0.975495982915163,7.581288814544678,11.867831230163574,1423
fold_3,all_history,0.3,generator_all,2,30,0.0243041329085826,0.9756958670914172,7.520924568176269,11.749444961547852,1423
fold_3,all_history,0.35,generator_all,2,30,0.024126635864377,0.975873364135623,7.467248439788818,11.637139320373535,1423
fold_3,all_history,0.4,generator_all,2,30,0.0239712391048669,0.976028760895133,7.4199957847595215,11.531091690063477,1423
fold_3,all_history,0.5,generator_all,2,30,0.0237013678997755,0.9762986321002244,7.337873458862305,11.338464736938477,1423
fold_3,all_history,0.0,generator_all,3,45,0.0345229394733905,0.9654770605266094,10.652626037597656,16.254003524780273,1423
fold_3,all_history,0.1,generator_all,3,45,0.0336191058158874,0.9663808941841124,10.379268646240234,15.852168083190918,1423
fold_3,all_history,0.15,generator_all,3,45,0.0332293398678302,0.9667706601321696,10.261527061462402,15.662359237670898,1423
fold_3,all_history,0.2,generator_all,3,45,0.0328717678785324,0.9671282321214676,10.153409957885742,15.480324745178224,1423
fold_3,all_history,0.25,generator_all,3,45,0.0325462855398654,0.9674537144601344,10.055187225341797,15.306340217590332,1423
fold_3,all_history,0.3,generator_all,3,45,0.032254870980978,0.967745129019022,9.967790603637695,15.140685081481934,1423
fold_3,all_history,0.35,generator_all,3,45,0.0319942384958267,0.9680057615041732,9.889881134033203,14.983633995056152,1423
fold_3,all_history,0.4,generator_all,3,45,0.0317734740674495,0.9682265259325504,9.823766708374023,14.83545970916748,1423
fold_3,all_history,0.5,generator_all,3,45,0.0314439050853252,0.9685560949146748,9.725083351135254,14.566813468933104,1423
fold_3,all_history,0.0,generator_all,4,60,0.0424761809408664,0.9575238190591336,13.129419326782228,19.468996047973636,1423
fold_3,all_history,0.1,generator_all,4,60,0.0414234399795532,0.9585765600204468,12.811352729797363,19.0080623626709,1423
fold_3,all_history,0.15,generator_all,4,60,0.0409696884453296,0.9590303115546704,12.674271583557127,18.79030990600586,1423
fold_3,all_history,0.2,generator_all,4,60,0.0405487082898616,0.9594512917101384,12.546568870544434,18.58143615722656,1423
fold_3,all_history,0.25,generator_all,4,60,0.0401686429977417,0.9598313570022584,12.431687355041504,18.381742477416992,1423
fold_3,all_history,0.3,generator_all,4,60,0.0398305878043174,0.9601694121956824,12.330705642700195,18.191530227661133,1423
fold_3,all_history,0.35,generator_all,4,60,0.039522647857666,0.960477352142334,12.239459037780762,18.0111026763916,1423
fold_3,all_history,0.4,generator_all,4,60,0.0392500944435596,0.9607499055564404,12.159538269042969,17.84075355529785,1423
fold_3,all_history,0.5,generator_all,4,60,0.0388344265520572,0.9611655734479428,12.040160179138184,17.53145408630371,1423
fold_3,all_history,0.0,generator_all,5,75,0.0492571033537387,0.9507428966462612,15.234405517578123,22.1178035736084,1423
fold_3,all_history,0.1,generator_all,5,75,0.0480989664793014,0.9519010335206984,14.883342742919922,21.607812881469727,1423
fold_3,all_history,0.15,generator_all,5,75,0.0475809089839458,0.9524190910160542,14.727347373962402,21.36829376220703,1423
fold_3,all_history,0.2,generator_all,5,75,0.0470983386039733,0.9529016613960266,14.582571983337402,21.139562606811523,1423
fold_3,all_history,0.25,generator_all,5,75,0.0466495119035244,0.9533504880964756,14.448662757873535,20.921974182128903,1423
fold_3,all_history,0.3,generator_all,5,75,0.0462542101740837,0.9537457898259164,14.33187484741211,20.715877532958984,1423
fold_3,all_history,0.35,generator_all,5,75,0.0459099635481834,0.9540900364518166,14.231005668640137,20.521623611450195,1423
fold_3,all_history,0.4,generator_all,5,75,0.0456226356327533,0.9543773643672466,14.148341178894045,20.33954620361328,1423
fold_3,all_history,0.5,generator_all,5,75,0.0451954938471317,0.9548045061528684,14.030143737792969,20.01323890686035,1423
fold_3,all_history,0.0,generator_all,6,90,0.0552840307354927,0.9447159692645072,17.10329246520996,24.39239883422852,1423
fold_3,all_history,0.1,generator_all,6,90,0.0539834685623645,0.9460165314376354,16.70929527282715,23.85126304626465,1423
fold_3,all_history,0.15,generator_all,6,90,0.0534020736813545,0.9465979263186456,16.53467559814453,23.59857940673828,1423
fold_3,all_history,0.2,generator_all,6,90,0.052885752171278,0.947114247828722,16.380876541137695,23.358341217041016,1423
fold_3,all_history,0.25,generator_all,6,90,0.0524121187627315,0.9475878812372684,16.240877151489258,23.130931854248047,1423
fold_3,all_history,0.3,generator_all,6,90,0.0519862100481987,0.9480137899518012,16.11631965637207,22.91673851013184,1423
fold_3,all_history,0.35,generator_all,6,90,0.0516094006597995,0.9483905993402004,16.007619857788086,22.71613121032715,1423
fold_3,all_history,0.4,generator_all,6,90,0.0512989833950996,0.9487010166049004,15.920109748840332,22.529476165771484,1423
fold_3,all_history,0.5,generator_all,6,90,0.0508275665342807,0.9491724334657192,15.792387962341309,22.199398040771484,1423
fold_3,all_history,0.0,generator_all,7,105,0.0600429587066173,0.9399570412933826,18.563161849975582,26.230043411254883,1423
fold_3,all_history,0.1,generator_all,7,105,0.0586046539247036,0.9413953460752964,18.12856101989746,25.663673400878903,1423
fold_3,all_history,0.15,generator_all,7,105,0.0579985938966274,0.9420014061033726,17.9483699798584,25.402973175048828,1423
fold_3,all_history,0.2,generator_all,7,105,0.0574743561446666,0.9425256438553332,17.79501724243164,25.157894134521484,1423
fold_3,all_history,0.25,generator_all,7,105,0.0570079386234283,0.9429920613765717,17.6606388092041,24.928895950317383,1423
fold_3,all_history,0.3,generator_all,7,105,0.0566162727773189,0.943383727222681,17.55116844177246,24.716426849365234,1423
fold_3,all_history,0.35,generator_all,7,105,0.0562983155250549,0.9437016844749452,17.46558952331543,24.52091407775879,1423
fold_3,all_history,0.4,generator_all,7,105,0.0560580566525459,0.943941943347454,17.40511131286621,24.3427677154541,1423
fold_3,all_history,0.5,generator_all,7,105,0.0557791031897068,0.9442208968102932,17.347497940063477,24.04008102416992,1423
fold_3,all_history,0.0,generator_all,8,120,0.0641158893704414,0.9358841106295586,19.823543548583984,27.73310661315918,1423
fold_3,all_history,0.1,generator_all,8,120,0.06262718886137,0.93737281113863,19.373029708862305,27.15488052368164,1423
fold_3,all_history,0.15,generator_all,8,120,0.0619708411395549,0.938029158860445,19.175878524780277,26.88788604736328,1423
fold_3,all_history,0.2,generator_all,8,120,0.0613845661282539,0.938615433871746,19.00145721435547,26.63623809814453,1423
fold_3,all_history,0.25,generator_all,8,120,0.0608653537929058,0.9391346462070942,18.849102020263672,26.400373458862305,1423
fold_3,all_history,0.3,generator_all,8,120,0.0604271739721298,0.9395728260278702,18.7231559753418,26.18071746826172,1423
fold_3,all_history,0.35,generator_all,8,120,0.0600798241794109,0.9399201758205892,18.627161026000977,25.977685928344727,1423
fold_3,all_history,0.4,generator_all,8,120,0.0598059296607971,0.9401940703392028,18.555517196655277,25.79166603088379,1423
fold_3,all_history,0.5,generator_all,8,120,0.0594603642821311,0.9405396357178688,18.477014541625977,25.47212600708008,1423
fold_1,last_21d,0.0,generator_1,1,15,0.03156391158699989,0.9684360884130001,2.3762598037719727,3.84385347366333,1440
fold_1,last_21d,0.1,generator_1,1,15,0.03135910630226135,0.9686408936977386,2.359936237335205,3.8362390995025635,1440
fold_1,last_21d,0.15,generator_1,1,15,0.031280163675546646,0.9687198363244534,2.353127956390381,3.833441972732544,1440
fold_1,last_21d,0.2,generator_1,1,15,0.031230928376317024,0.968769071623683,2.3478987216949463,3.8313207626342773,1440
fold_1,last_21d,0.25,generator_1,1,15,0.031201988458633423,0.9687980115413666,2.3437588214874268,3.829876184463501,1440
fold_1,last_21d,0.3,generator_1,1,15,0.031184248626232147,0.9688157513737679,2.3403472900390625,3.829108953475952,1440
fold_1,last_21d,0.35,generator_1,1,15,0.03118281438946724,0.9688171856105328,2.337895154953003,3.829019546508789,1440
fold_1,last_21d,0.4,generator_1,1,15,0.031194904819130898,0.9688050951808691,2.3363699913024902,3.82960844039917,1440
fold_1,last_21d,0.5,generator_1,1,15,0.031284868717193604,0.9687151312828064,2.3372511863708496,3.832818031311035,1440
fold_1,last_21d,0.6,generator_1,1,15,0.03143658861517906,0.9685634113848209,2.3413641452789307,3.838730573654175,1440
fold_1,last_21d,0.0,generator_1,2,30,0.043275974690914154,0.9567240253090858,3.215257167816162,5.361660957336426,1440
fold_1,last_21d,0.1,generator_1,2,30,0.043192703276872635,0.9568072967231274,3.2086405754089355,5.356482028961182,1440
fold_1,last_21d,0.15,generator_1,2,30,0.043243713676929474,0.9567562863230705,3.211101531982422,5.356894016265869,1440
fold_1,last_21d,0.2,generator_1,2,30,0.043342895805835724,0.9566571041941643,3.2167608737945557,5.359308242797852,1440
fold_1,last_21d,0.25,generator_1,2,30,0.04349951818585396,0.956500481814146,3.2254953384399414,5.363720893859863,1440
fold_1,last_21d,0.3,generator_1,2,30,0.04368484392762184,0.9563151560723782,3.2362327575683594,5.3701276779174805,1440
fold_1,last_21d,0.35,generator_1,2,30,0.04391999915242195,0.956080000847578,3.250295639038086,5.378520488739014,1440
fold_1,last_21d,0.4,generator_1,2,30,0.04421078786253929,0.9557892121374607,3.2682268619537354,5.388891220092773,1440
fold_1,last_21d,0.5,generator_1,2,30,0.04490414634346962,0.9550958536565304,3.312281608581543,5.4155168533325195,1440
fold_1,last_21d,0.6,generator_1,2,30,0.045757442712783813,0.9542425572872162,3.3667619228363037,5.449889183044434,1440
fold_1,last_21d,0.0,generator_1,3,45,0.05293743312358856,0.9470625668764114,3.907463312149048,6.586505889892578,1440
fold_1,last_21d,0.1,generator_1,3,45,0.05295272544026375,0.9470472745597363,3.9106452465057373,6.5812225341796875,1440
fold_1,last_21d,0.15,generator_1,3,45,0.053080324083566666,0.9469196759164333,3.919217348098755,6.582787990570068,1440
fold_1,last_21d,0.2,generator_1,3,45,0.05329986289143562,0.9467001371085644,3.93361759185791,6.587156295776367,1440
fold_1,last_21d,0.25,generator_1,3,45,0.053599029779434204,0.9464009702205658,3.952582359313965,6.594321250915527,1440
fold_1,last_21d,0.3,generator_1,3,45,0.053974151611328125,0.9460258483886719,3.9765915870666504,6.604275703430176,1440
fold_1,last_21d,0.35,generator_1,3,45,0.054429616779088974,0.945570383220911,4.005829811096191,6.61700439453125,1440
fold_1,last_21d,0.4,generator_1,3,45,0.05496199429035187,0.9450380057096481,4.0397629737854,6.632493495941162,1440
fold_1,last_21d,0.5,generator_1,3,45,0.0562303327023983,0.9437696672976017,4.121914386749268,6.671670436859131,1440
fold_1,last_21d,0.6,generator_1,3,45,0.0577273853123188,0.9422726146876812,4.219428062438965,6.72161340713501,1440
fold_1,last_21d,0.0,generator_1,4,60,0.06344591826200485,0.9365540817379951,4.6405253410339355,7.748594760894775,1440
fold_1,last_21d,0.1,generator_1,4,60,0.0633978545665741,0.9366021454334259,4.641880035400391,7.73275089263916,1440
fold_1,last_21d,0.15,generator_1,4,60,0.06364110112190247,0.9363588988780975,4.659045219421387,7.731624126434326,1440
fold_1,last_21d,0.2,generator_1,4,60,0.06404442340135574,0.9359555765986443,4.685015678405762,7.7350335121154785,1440
fold_1,last_21d,0.25,generator_1,4,60,0.0645991712808609,0.9354008287191391,4.720953941345215,7.742972373962402,1440
fold_1,last_21d,0.3,generator_1,4,60,0.06529919803142548,0.9347008019685745,4.7656121253967285,7.755427360534668,1440
fold_1,last_21d,0.35,generator_1,4,60,0.06610182672739029,0.9338981732726097,4.817520618438721,7.77237606048584,1440
fold_1,last_21d,0.4,generator_1,4,60,0.06699483841657639,0.9330051615834236,4.875242233276367,7.793789863586426,1440
fold_1,last_21d,0.5,generator_1,4,60,0.06904654204845428,0.9309534579515457,5.007846832275391,7.849857807159424,1440
fold_1,last_21d,0.6,generator_1,4,60,0.07138397544622421,0.9286160245537758,5.162577152252197,7.923255443572998,1440
fold_1,last_21d,0.0,generator_1,5,75,0.07216058671474457,0.9278394132852554,5.2519426345825195,8.712187767028809,1440
fold_1,last_21d,0.1,generator_1,5,75,0.07228018343448639,0.9277198165655136,5.2611188888549805,8.69509220123291,1440
fold_1,last_21d,0.15,generator_1,5,75,0.07264525443315506,0.9273547455668449,5.2812933921813965,8.694148063659668,1440
fold_1,last_21d,0.2,generator_1,5,75,0.07319066673517227,0.9268093332648277,5.312547206878662,8.698278427124023,1440
fold_1,last_21d,0.25,generator_1,5,75,0.07388970255851746,0.9261102974414825,5.353362560272217,8.707476615905762,1440
fold_1,last_21d,0.3,generator_1,5,75,0.07472925633192062,0.9252707436680794,5.402488708496094,8.721725463867188,1440
fold_1,last_21d,0.35,generator_1,5,75,0.07568502426147461,0.9243149757385254,5.45889949798584,8.74100112915039,1440
fold_1,last_21d,0.4,generator_1,5,75,0.07678265124559402,0.923217348754406,5.524003028869629,8.765271186828613,1440
fold_1,last_21d,0.5,generator_1,5,75,0.07926279306411743,0.9207372069358826,5.671865463256836,8.828615188598633,1440
fold_1,last_21d,0.6,generator_1,5,75,0.08202528208494186,0.9179747179150581,5.840989112854004,8.911337852478027,1440
fold_1,last_21d,0.0,generator_1,6,90,0.08152056485414505,0.918479435145855,5.910423278808594,9.55147933959961,1440
fold_1,last_21d,0.1,generator_1,6,90,0.08147168904542923,0.9185283109545708,5.911602973937988,9.52640151977539,1440
fold_1,last_21d,0.15,generator_1,6,90,0.0816684439778328,0.9183315560221672,5.925630569458008,9.521448135375977,1440
fold_1,last_21d,0.2,generator_1,6,90,0.08201400935649872,0.9179859906435013,5.948338508605957,9.521562576293945,1440
fold_1,last_21d,0.25,generator_1,6,90,0.08256839960813522,0.9174316003918648,5.98145055770874,9.52674674987793,1440
fold_1,last_21d,0.3,generator_1,6,90,0.08331073820590973,0.9166892617940903,6.025721549987793,9.536992073059082,1440
fold_1,last_21d,0.35,generator_1,6,90,0.08422001451253891,0.9157799854874611,6.0811238288879395,9.552282333374023,1440
fold_1,last_21d,0.4,generator_1,6,90,0.08525318652391434,0.9147468134760857,6.14550256729126,9.572592735290527,1440
fold_1,last_21d,0.5,generator_1,6,90,0.08751904964447021,0.9124809503555298,6.290607452392578,9.628141403198242,1440
fold_1,last_21d,0.6,generator_1,6,90,0.09011311084032059,0.9098868891596794,6.458728790283203,9.70329475402832,1440
fold_1,last_21d,0.0,generator_1,7,105,0.08908943831920624,0.9109105616807938,6.44184684753418,10.235238075256348,1440
fold_1,last_21d,0.1,generator_1,7,105,0.08914801478385925,0.9108519852161407,6.448321342468262,10.205788612365723,1440
fold_1,last_21d,0.15,generator_1,7,105,0.08944818377494812,0.9105518162250519,6.466609001159668,10.199012756347656,1440
fold_1,last_21d,0.2,generator_1,7,105,0.08990107476711273,0.9100989252328873,6.495067119598389,10.197551727294922,1440
fold_1,last_21d,0.25,generator_1,7,105,0.09056046605110168,0.9094395339488983,6.535068035125732,10.201409339904785,1440
fold_1,last_21d,0.3,generator_1,7,105,0.0913725420832634,0.9086274579167366,6.58464241027832,10.210578918457031,1440
fold_1,last_21d,0.35,generator_1,7,105,0.09229258447885513,0.9077074155211449,6.641506671905518,10.22504711151123,1440
fold_1,last_21d,0.4,generator_1,7,105,0.0933218002319336,0.9066781997680664,6.705254554748535,10.244790077209473,1440
fold_1,last_21d,0.5,generator_1,7,105,0.09562306851148605,0.904376931488514,6.850705146789551,10.299972534179688,1440
fold_1,last_21d,0.6,generator_1,7,105,0.09824790805578232,0.9017520919442177,7.019582748413086,10.37579345703125,1440
fold_1,last_21d,0.0,generator_1,8,120,0.09574508666992188,0.9042549133300781,6.915420055389404,10.817008018493652,1440
fold_1,last_21d,0.1,generator_1,8,120,0.09569496661424637,0.9043050333857536,6.917870998382568,10.788856506347656,1440
fold_1,last_21d,0.15,generator_1,8,120,0.09597201645374298,0.904027983546257,6.937019348144531,10.782597541809082,1440
fold_1,last_21d,0.2,generator_1,8,120,0.09648630023002625,0.9035136997699738,6.967316150665283,10.781564712524414,1440
fold_1,last_21d,0.25,generator_1,8,120,0.09710140526294708,0.9028985947370529,7.004795551300049,10.785759925842285,1440
fold_1,last_21d,0.3,generator_1,8,120,0.09785020351409912,0.9021497964859009,7.051376819610596,10.79517650604248,1440
fold_1,last_21d,0.35,generator_1,8,120,0.09874638170003891,0.9012536182999611,7.107485771179199,10.80980110168457,1440
fold_1,last_21d,0.4,generator_1,8,120,0.09976384788751602,0.900236152112484,7.17137336730957,10.829610824584961,1440
fold_1,last_21d,0.5,generator_1,8,120,0.10200527310371399,0.897994726896286,7.315802574157715,10.884673118591309,1440
fold_1,last_21d,0.6,generator_1,8,120,0.10458406060934067,0.8954159393906593,7.4812493324279785,10.96004867553711,1440
fold_1,last_21d,0.0,generator_all,1,15,0.021867629140615463,0.9781323708593845,4.078978061676025,6.210054397583008,1440
fold_1,last_21d,0.1,generator_all,1,15,0.021518930792808533,0.9784810692071915,4.01849889755249,6.089503288269043,1440
fold_1,last_21d,0.15,generator_all,1,15,0.02138459123671055,0.9786154087632895,3.99493670463562,6.0343241691589355,1440
fold_1,last_21d,0.2,generator_all,1,15,0.021274928003549576,0.9787250719964504,3.9753923416137695,5.982669830322266,1440
fold_1,last_21d,0.25,generator_all,1,15,0.021178698167204857,0.9788213018327951,3.9580438137054443,5.934631824493408,1440
fold_1,last_21d,0.3,generator_all,1,15,0.021098004654049873,0.9789019953459501,3.943096876144409,5.890299320220947,1440
fold_1,last_21d,0.35,generator_all,1,15,0.021039089187979698,0.9789609108120203,3.932351589202881,5.849757194519043,1440
fold_1,last_21d,0.4,generator_all,1,15,0.02099735662341118,0.9790026433765888,3.924778461456299,5.813083648681641,1440
fold_1,last_21d,0.5,generator_all,1,15,0.02096732333302498,0.979032676666975,3.9199109077453613,5.751630783081055,1440
fold_1,last_21d,0.6,generator_all,1,15,0.021015994250774384,0.9789840057492256,3.930060386657715,5.706450939178467,1440
fold_1,last_21d,0.0,generator_all,2,30,0.03446066752076149,0.9655393324792385,6.363779067993164,9.929483413696289,1440
fold_1,last_21d,0.1,generator_all,2,30,0.03382622078061104,0.966173779219389,6.262593746185303,9.703655242919922,1440
fold_1,last_21d,0.15,generator_all,2,30,0.033636655658483505,0.9663633443415165,6.2361226081848145,9.60705852508545,1440
fold_1,last_21d,0.2,generator_all,2,30,0.03354009613394737,0.9664599038660526,6.226991176605225,9.521794319152832,1440
fold_1,last_21d,0.25,generator_all,2,30,0.03352280706167221,0.9664771929383278,6.232423305511475,9.44816780090332,1440
fold_1,last_21d,0.3,generator_all,2,30,0.03358376771211624,0.9664162322878838,6.252780437469482,9.386455535888672,1440
fold_1,last_21d,0.35,generator_all,2,30,0.03373748064041138,0.9662625193595886,6.28963565826416,9.336892127990723,1440
fold_1,last_21d,0.4,generator_all,2,30,0.03394429013133049,0.9660557098686695,6.335937976837158,9.29967212677002,1440
fold_1,last_21d,0.5,generator_all,2,30,0.03447999060153961,0.9655200093984604,6.452372074127197,9.26280689239502,1440
fold_1,last_21d,0.6,generator_all,2,30,0.03523935750126839,0.9647606424987316,6.612147331237793,9.276457786560059,1440
fold_1,last_21d,0.0,generator_all,3,45,0.04592171683907509,0.9540782831609249,8.40550422668457,13.173081398010254,1440
fold_1,last_21d,0.1,generator_all,3,45,0.04516308009624481,0.9548369199037552,8.291111946105957,12.879217147827148,1440
fold_1,last_21d,0.15,generator_all,3,45,0.04510580748319626,0.9548941925168037,8.293732643127441,12.764892578125,1440
fold_1,last_21d,0.2,generator_all,3,45,0.04520823061466217,0.9547917693853378,8.326273918151855,12.673127174377441,1440
fold_1,last_21d,0.25,generator_all,3,45,0.045494597405195236,0.9545054025948048,8.39207649230957,12.604413986206055,1440
fold_1,last_21d,0.3,generator_all,3,45,0.0458868183195591,0.9541131816804409,8.477038383483887,12.559131622314453,1440
fold_1,last_21d,0.35,generator_all,3,45,0.04641804099082947,0.9535819590091705,8.589163780212402,12.537534713745117,1440
fold_1,last_21d,0.4,generator_all,3,45,0.04707362875342369,0.9529263712465763,8.72479248046875,12.53974437713623,1440
fold_1,last_21d,0.5,generator_all,3,45,0.048630185425281525,0.9513698145747185,9.041716575622559,12.615399360656738,1440
fold_1,last_21d,0.6,generator_all,3,45,0.050577312707901,0.949422687292099,9.429744720458984,12.78441047668457,1440
fold_1,last_21d,0.0,generator_all,4,60,0.057118043303489685,0.9428819566965103,10.402523040771484,16.06088638305664,1440
fold_1,last_21d,0.1,generator_all,4,60,0.056277647614479065,0.9437223523855209,10.279329299926758,15.707528114318848,1440
fold_1,last_21d,0.15,generator_all,4,60,0.0563318133354187,0.9436681866645813,10.303503036499023,15.573760032653809,1440
fold_1,last_21d,0.2,generator_all,4,60,0.05658893659710884,0.9434110634028912,10.36577033996582,15.469642639160156,1440
fold_1,last_21d,0.25,generator_all,4,60,0.057052649557590485,0.9429473504424095,10.464957237243652,15.39577579498291,1440
fold_1,last_21d,0.3,generator_all,4,60,0.05766723304986954,0.9423327669501305,10.591217041015625,15.352598190307617,1440
fold_1,last_21d,0.35,generator_all,4,60,0.05840834975242615,0.9415916502475739,10.740229606628418,15.340368270874023,1440
fold_1,last_21d,0.4,generator_all,4,60,0.059284359216690063,0.9407156407833099,10.914082527160645,15.359161376953125,1440
fold_1,last_21d,0.5,generator_all,4,60,0.06141430139541626,0.9385856986045837,11.33230972290039,15.489171028137207,1440
fold_1,last_21d,0.6,generator_all,4,60,0.06399279832839966,0.9360072016716003,11.832009315490723,15.739570617675781,1440
fold_1,last_21d,0.0,generator_all,5,75,0.06733841449022293,0.9326615855097771,12.210099220275879,18.528236389160156,1440
fold_1,last_21d,0.1,generator_all,5,75,0.06637553870677948,0.9336244612932205,12.063066482543945,18.14162254333496,1440
fold_1,last_21d,0.15,generator_all,5,75,0.06640259176492691,0.9335974082350731,12.082266807556152,17.996612548828125,1440
fold_1,last_21d,0.2,generator_all,5,75,0.06671404838562012,0.9332859516143799,12.151158332824707,17.88490104675293,1440
fold_1,last_21d,0.25,generator_all,5,75,0.06720191240310669,0.9327980875968933,12.25285530090332,17.807117462158203,1440
fold_1,last_21d,0.3,generator_all,5,75,0.06785186380147934,0.9321481361985207,12.383809089660645,17.763704299926758,1440
fold_1,last_21d,0.35,generator_all,5,75,0.06869062036275864,0.9313093796372414,12.547552108764648,17.754915237426758,1440
fold_1,last_21d,0.4,generator_all,5,75,0.06972750276327133,0.9302724972367287,12.748005867004395,17.780799865722656,1440
fold_1,last_21d,0.5,generator_all,5,75,0.07222384214401245,0.9277761578559875,13.225146293640137,17.9357967376709,1440
fold_1,last_21d,0.6,generator_all,5,75,0.07520487159490585,0.9247951284050941,13.792021751403809,18.225175857543945,1440
fold_1,last_21d,0.0,generator_all,6,90,0.07712961733341217,0.9228703826665878,13.94482135772705,20.69964027404785,1440
fold_1,last_21d,0.1,generator_all,6,90,0.0760570764541626,0.9239429235458374,13.774272918701172,20.245342254638672,1440
fold_1,last_21d,0.15,generator_all,6,90,0.07613231241703033,0.9238676875829697,13.79133415222168,20.071489334106445,1440
fold_1,last_21d,0.2,generator_all,6,90,0.07645066827535629,0.9235493317246437,13.850406646728516,19.934465408325195,1440
fold_1,last_21d,0.25,generator_all,6,90,0.07694339007139206,0.9230566099286079,13.943944931030273,19.83503532409668,1440
fold_1,last_21d,0.3,generator_all,6,90,0.07765704393386841,0.9223429560661316,14.08156967163086,19.77376937866211,1440
fold_1,last_21d,0.35,generator_all,6,90,0.07853111624717712,0.9214688837528229,14.24952507019043,19.751022338867188,1440
fold_1,last_21d,0.4,generator_all,6,90,0.07961086928844452,0.9203891307115555,14.454288482666016,19.766923904418945,1440
fold_1,last_21d,0.5,generator_all,6,90,0.08229684084653854,0.9177031591534615,14.957693099975586,19.914079666137695,1440
fold_1,last_21d,0.6,generator_all,6,90,0.08549925684928894,0.9145007431507111,15.55479621887207,20.211881637573242,1440
fold_1,last_21d,0.0,generator_all,7,105,0.08517687767744064,0.9148231223225594,15.343810081481934,22.480789184570312,1440
fold_1,last_21d,0.1,generator_all,7,105,0.08404616266489029,0.9159538373351097,15.167586326599121,21.96976661682129,1440
fold_1,last_21d,0.15,generator_all,7,105,0.08415035903453827,0.9158496409654617,15.20254135131836,21.779111862182617,1440
fold_1,last_21d,0.2,generator_all,7,105,0.08459543436765671,0.9154045656323433,15.298334121704102,21.633304595947266,1440
fold_1,last_21d,0.25,generator_all,7,105,0.08526340126991272,0.9147365987300873,15.43874740600586,21.533260345458984,1440
fold_1,last_21d,0.3,generator_all,7,105,0.08613304793834686,0.9138669520616531,15.616338729858398,21.4796142578125,1440
fold_1,last_21d,0.35,generator_all,7,105,0.0872439593076706,0.9127560406923294,15.835465431213379,21.472713470458984,1440
fold_1,last_21d,0.4,generator_all,7,105,0.08856194466352463,0.9114380553364754,16.09021759033203,21.512605667114258,1440
fold_1,last_21d,0.5,generator_all,7,105,0.09162205457687378,0.9083779454231262,16.678083419799805,21.73143196105957,1440
fold_1,last_21d,0.6,generator_all,7,105,0.09520047158002853,0.9047995284199715,17.364221572875977,22.130582809448242,1440
fold_1,last_21d,0.0,generator_all,8,120,0.09254614263772964,0.9074538573622704,16.64529037475586,23.96160125732422,1440
fold_1,last_21d,0.1,generator_all,8,120,0.09170898795127869,0.9082910120487213,16.50831413269043,23.44974708557129,1440
fold_1,last_21d,0.15,generator_all,8,120,0.09200257062911987,0.9079974293708801,16.562469482421875,23.262914657592773,1440
fold_1,last_21d,0.2,generator_all,8,120,0.09252472966909409,0.9074752703309059,16.661556243896484,23.123727798461914,1440
fold_1,last_21d,0.25,generator_all,8,120,0.09326624125242233,0.9067337587475777,16.802234649658203,23.033044815063477,1440
fold_1,last_21d,0.3,generator_all,8,120,0.09426102042198181,0.9057389795780182,16.987714767456055,22.991445541381836,1440
fold_1,last_21d,0.35,generator_all,8,120,0.09543753415346146,0.9045624658465385,17.207300186157227,22.999195098876953,1440
fold_1,last_21d,0.4,generator_all,8,120,0.0968421921133995,0.9031578078866005,17.468603134155273,23.05624008178711,1440
fold_1,last_21d,0.5,generator_all,8,120,0.1002187505364418,0.8997812494635582,18.0960636138916,23.316465377807617,1440
fold_1,last_21d,0.6,generator_all,8,120,0.10418977588415146,0.8958102241158485,18.8361873626709,23.765705108642578,1440
fold_1,last_35d,0.0,generator_1,1,15,0.03156391158699989,0.9684360884130001,2.3762598037719727,3.84385347366333,1440
fold_1,last_35d,0.1,generator_1,1,15,0.03135286271572113,0.9686471372842789,2.359694480895996,3.8325250148773193,1440
fold_1,last_35d,0.15,generator_1,1,15,0.03127877414226532,0.9687212258577347,2.353367567062378,3.828096389770508,1440
fold_1,last_35d,0.2,generator_1,1,15,0.03123372420668602,0.968766275793314,2.3486673831939697,3.824495792388916,1440
fold_1,last_35d,0.25,generator_1,1,15,0.031203243881464005,0.968796756118536,2.3449249267578125,3.8217251300811768,1440
fold_1,last_35d,0.3,generator_1,1,15,0.031199762597680092,0.9688002374023199,2.342733860015869,3.819786310195923,1440
fold_1,last_35d,0.35,generator_1,1,15,0.03122013993561268,0.9687798600643873,2.3420238494873047,3.818680763244629,1440
fold_1,last_35d,0.4,generator_1,1,15,0.03126393258571625,0.9687360674142838,2.343083143234253,3.8184092044830322,1440
fold_1,last_35d,0.5,generator_1,1,15,0.03141007572412491,0.9685899242758751,2.348978281021118,3.8203675746917725,1440
fold_1,last_35d,0.6,generator_1,1,15,0.031628355383872986,0.968371644616127,2.359495162963867,3.825657606124878,1440
fold_1,last_35d,0.0,generator_1,2,30,0.043275974690914154,0.9567240253090858,3.215257167816162,5.361660957336426,1440
fold_1,last_35d,0.1,generator_1,2,30,0.043209537863731384,0.9567904621362686,3.2088253498077393,5.351539134979248,1440
fold_1,last_35d,0.15,generator_1,2,30,0.04326740652322769,0.9567325934767723,3.2108304500579834,5.349205017089844,1440
fold_1,last_35d,0.2,generator_1,2,30,0.043374717235565186,0.9566252827644348,3.215665340423584,5.348693370819092,1440
fold_1,last_35d,0.25,generator_1,2,30,0.04353790730237961,0.9564620926976204,3.2240092754364014,5.350003719329834,1440
fold_1,last_35d,0.3,generator_1,2,30,0.04374530166387558,0.9562546983361244,3.2350423336029053,5.353135585784912,1440
fold_1,last_35d,0.35,generator_1,2,30,0.043984007090330124,0.9560159929096699,3.247891664505005,5.358085632324219,1440
fold_1,last_35d,0.4,generator_1,2,30,0.04425725340843201,0.955742746591568,3.263018846511841,5.364848613739014,1440
fold_1,last_35d,0.5,generator_1,2,30,0.04491804540157318,0.9550819545984268,3.3006136417388916,5.38378381729126,1440
fold_1,last_35d,0.6,generator_1,2,30,0.045748256146907806,0.9542517438530922,3.348444938659668,5.4098663330078125,1440
fold_1,last_35d,0.0,generator_1,3,45,0.05293743312358856,0.9470625668764114,3.907463312149048,6.586505889892578,1440
fold_1,last_35d,0.1,generator_1,3,45,0.05292966216802597,0.947070337831974,3.906740427017212,6.574817657470703,1440
fold_1,last_35d,0.15,generator_1,3,45,0.05302039906382561,0.9469796009361744,3.911139965057373,6.572077751159668,1440
fold_1,last_35d,0.2,generator_1,3,45,0.05318940430879593,0.9468105956912041,3.9197888374328613,6.5714111328125,1440
fold_1,last_35d,0.25,generator_1,3,45,0.05342783033847809,0.9465721696615219,3.932349681854248,6.572818756103516,1440
fold_1,last_35d,0.3,generator_1,3,45,0.053722530603408813,0.9462774693965912,3.9484822750091553,6.576298713684082,1440
fold_1,last_35d,0.35,generator_1,3,45,0.054087817668914795,0.9459121823310852,3.968921184539795,6.581848621368408,1440
fold_1,last_35d,0.4,generator_1,3,45,0.054514121264219284,0.9454858787357807,3.9929280281066895,6.589462757110596,1440
fold_1,last_35d,0.5,generator_1,3,45,0.055518943816423416,0.9444810561835766,4.050310134887695,6.6108527183532715,1440
fold_1,last_35d,0.6,generator_1,3,45,0.05670881271362305,0.943291187286377,4.120088577270508,6.640389919281006,1440
fold_1,last_35d,0.0,generator_1,4,60,0.06344591826200485,0.9365540817379951,4.6405253410339355,7.748594760894775,1440
fold_1,last_35d,0.1,generator_1,4,60,0.06340476125478745,0.9365952387452126,4.635041236877441,7.7309064865112305,1440
fold_1,last_35d,0.15,generator_1,4,60,0.06355249136686325,0.9364475086331367,4.642132759094238,7.7263922691345215,1440
fold_1,last_35d,0.2,generator_1,4,60,0.0638359785079956,0.9361640214920044,4.656459808349609,7.724772930145264,1440
fold_1,last_35d,0.25,generator_1,4,60,0.06421133875846863,0.9357886612415314,4.675351142883301,7.726049423217773,1440
fold_1,last_35d,0.3,generator_1,4,60,0.06470746546983719,0.9352925345301628,4.701086521148682,7.730221748352051,1440
fold_1,last_35d,0.35,generator_1,4,60,0.06527087837457657,0.9347291216254234,4.731353759765625,7.737283229827881,1440
fold_1,last_35d,0.4,generator_1,4,60,0.06591518968343735,0.9340848103165627,4.766383647918701,7.747227668762207,1440
fold_1,last_35d,0.5,generator_1,4,60,0.06737197935581207,0.9326280206441879,4.846412658691406,7.775716304779053,1440
fold_1,last_35d,0.6,generator_1,4,60,0.0690898448228836,0.9309101551771164,4.944301128387451,7.815561294555664,1440
fold_1,last_35d,0.0,generator_1,5,75,0.07216058671474457,0.9278394132852554,5.2519426345825195,8.712187767028809,1440
fold_1,last_35d,0.1,generator_1,5,75,0.07218722999095917,0.9278127700090408,5.252010822296143,8.687970161437988,1440
fold_1,last_35d,0.15,generator_1,5,75,0.07243824750185013,0.9275617524981499,5.264333724975586,8.68215274810791,1440
fold_1,last_35d,0.2,generator_1,5,75,0.07285992801189423,0.9271400719881058,5.285974979400635,8.68054485321045,1440
fold_1,last_35d,0.25,generator_1,5,75,0.07339764386415482,0.9266023561358452,5.3154215812683105,8.683147430419922,1440
fold_1,last_35d,0.3,generator_1,5,75,0.07406945526599884,0.9259305447340012,5.353005886077881,8.689956665039062,1440
fold_1,last_35d,0.35,generator_1,5,75,0.07486725598573685,0.9251327440142632,5.39809513092041,8.700963973999023,1440
fold_1,last_35d,0.4,generator_1,5,75,0.0757625550031662,0.9242374449968338,5.448994159698486,8.716151237487793,1440
fold_1,last_35d,0.5,generator_1,5,75,0.07785496860742569,0.9221450313925743,5.571331024169922,8.758977890014648,1440
fold_1,last_35d,0.6,generator_1,5,75,0.08020768314599991,0.9197923168540001,5.712015628814697,8.818193435668945,1440
fold_1,last_35d,0.0,generator_1,6,90,0.08152056485414505,0.918479435145855,5.910423278808594,9.55147933959961,1440
fold_1,last_35d,0.1,generator_1,6,90,0.08141842484474182,0.9185815751552582,5.905710220336914,9.524142265319824,1440
fold_1,last_35d,0.15,generator_1,6,90,0.08157089352607727,0.9184291064739227,5.915267467498779,9.516993522644043,1440
fold_1,last_35d,0.2,generator_1,6,90,0.08186022192239761,0.9181397780776024,5.932164192199707,9.514205932617188,1440
fold_1,last_35d,0.25,generator_1,6,90,0.08234833925962448,0.9176516607403755,5.959133625030518,9.51578426361084,1440
fold_1,last_35d,0.3,generator_1,6,90,0.08299023658037186,0.9170097634196281,5.995580196380615,9.521726608276367,1440
fold_1,last_35d,0.35,generator_1,6,90,0.08375295996665955,0.9162470400333405,6.039405822753906,9.532022476196289,1440
fold_1,last_35d,0.4,generator_1,6,90,0.08462672680616379,0.9153732731938362,6.09071159362793,9.546661376953125,1440
fold_1,last_35d,0.5,generator_1,6,90,0.08658285439014435,0.9134171456098557,6.208382606506348,9.588873863220215,1440
fold_1,last_35d,0.6,generator_1,6,90,0.08889590203762054,0.9111040979623795,6.351931571960449,9.648139953613281,1440
fold_1,last_35d,0.0,generator_1,7,105,0.08908943831920624,0.9109105616807938,6.44184684753418,10.235238075256348,1440
fold_1,last_35d,0.1,generator_1,7,105,0.08903935551643372,0.9109606444835663,6.443321228027344,10.204007148742676,1440
fold_1,last_35d,0.15,generator_1,7,105,0.08926913142204285,0.9107308685779572,6.4582695960998535,10.195918083190918,1440
fold_1,last_35d,0.2,generator_1,7,105,0.08965250849723816,0.9103474915027618,6.482870101928711,10.192866325378418,1440
fold_1,last_35d,0.25,generator_1,7,105,0.09025616198778152,0.9097438380122185,6.518766403198242,10.194854736328125,1440
fold_1,last_35d,0.3,generator_1,7,105,0.09101187437772751,0.9089881256222725,6.56372594833374,10.201882362365723,1440
fold_1,last_35d,0.35,generator_1,7,105,0.09188920259475708,0.9081107974052429,6.616952896118164,10.213937759399414,1440
fold_1,last_35d,0.4,generator_1,7,105,0.09284622222185135,0.9071537777781487,6.676083564758301,10.231002807617188,1440
fold_1,last_35d,0.5,generator_1,7,105,0.0949985682964325,0.9050014317035675,6.810382843017578,10.28005599975586,1440
fold_1,last_35d,0.6,generator_1,7,105,0.09745930880308151,0.9025406911969185,6.965463638305664,10.348759651184082,1440
fold_1,last_35d,0.0,generator_1,8,120,0.09574508666992188,0.9042549133300781,6.915420055389404,10.817008018493652,1440
fold_1,last_35d,0.1,generator_1,8,120,0.09567050635814667,0.9043294936418533,6.913059711456299,10.789273262023926,1440
fold_1,last_35d,0.15,generator_1,8,120,0.095903679728508,0.904096320271492,6.9258809089660645,10.782195091247559,1440
fold_1,last_35d,0.2,generator_1,8,120,0.09637485444545746,0.9036251455545425,6.950531482696533,10.779656410217285,1440
fold_1,last_35d,0.25,generator_1,8,120,0.09695156663656235,0.9030484333634377,6.982221603393555,10.781662940979004,1440
fold_1,last_35d,0.3,generator_1,8,120,0.09762633591890335,0.9023736640810966,7.02009391784668,10.788208961486816,1440
fold_1,last_35d,0.35,generator_1,8,120,0.09843192994594574,0.9015680700540543,7.065943717956543,10.799288749694824,1440
fold_1,last_35d,0.4,generator_1,8,120,0.0993417352437973,0.9006582647562027,7.117972373962402,10.814887046813965,1440
fold_1,last_35d,0.5,generator_1,8,120,0.10138263553380966,0.8986173644661903,7.2382988929748535,10.8595552444458,1440
fold_1,last_35d,0.6,generator_1,8,120,0.10369406640529633,0.8963059335947037,7.376288414001465,10.921995162963867,1440
fold_1,last_35d,0.0,generator_all,1,15,0.021867629140615463,0.9781323708593845,4.078978061676025,6.210054397583008,1440
fold_1,last_35d,0.1,generator_all,1,15,0.021486105397343636,0.9785138946026564,4.012023448944092,6.078832149505615,1440
fold_1,last_35d,0.15,generator_all,1,15,0.021327955648303032,0.978672044351697,3.984187126159668,6.018557548522949,1440
fold_1,last_35d,0.2,generator_all,1,15,0.021195771172642708,0.9788042288273573,3.9606003761291504,5.961987018585205,1440
fold_1,last_35d,0.25,generator_all,1,15,0.021079692989587784,0.9789203070104122,3.93975830078125,5.9092278480529785,1440
fold_1,last_35d,0.3,generator_all,1,15,0.02098807692527771,0.9790119230747223,3.9231879711151123,5.860381603240967,1440
fold_1,last_35d,0.35,generator_all,1,15,0.020917978137731552,0.9790820218622684,3.910562515258789,5.815547466278076,1440
fold_1,last_35d,0.4,generator_all,1,15,0.02086717076599598,0.979132829234004,3.901648998260498,5.774818420410156,1440
fold_1,last_35d,0.5,generator_all,1,15,0.020820148289203644,0.9791798517107964,3.8936238288879395,5.706019878387451,1440
fold_1,last_35d,0.6,generator_all,1,15,0.020851321518421173,0.9791486784815788,3.899484634399414,5.654597759246826,1440
fold_1,last_35d,0.0,generator_all,2,30,0.03446066752076149,0.9655393324792385,6.363779067993164,9.929483413696289,1440
fold_1,last_35d,0.1,generator_all,2,30,0.033705513924360275,0.9662944860756397,6.236403942108154,9.67237663269043,1440
fold_1,last_35d,0.15,generator_all,2,30,0.03343487158417702,0.966565128415823,6.191771030426025,9.557053565979004,1440
fold_1,last_35d,0.2,generator_all,2,30,0.03323017805814743,0.9667698219418526,6.158446788787842,9.4509916305542,1440
fold_1,last_35d,0.25,generator_all,2,30,0.03309280052781105,0.966907199472189,6.137612342834473,9.354504585266113,1440
fold_1,last_35d,0.3,generator_all,2,30,0.033015184104442596,0.9669848158955574,6.127512454986572,9.267889976501465,1440
fold_1,last_35d,0.35,generator_all,2,30,0.03301650658249855,0.9669834934175014,6.132299900054932,9.191429138183594,1440
fold_1,last_35d,0.4,generator_all,2,30,0.03307062387466431,0.9669293761253357,6.147206783294678,9.125377655029297,1440
fold_1,last_35d,0.5,generator_all,2,30,0.03330417722463608,0.9666958227753639,6.199875354766846,9.025374412536621,1440
fold_1,last_35d,0.6,generator_all,2,30,0.03372452035546303,0.966275479644537,6.286959648132324,8.969305038452148,1440
fold_1,last_35d,0.0,generator_all,3,45,0.04592171683907509,0.9540782831609249,8.40550422668457,13.173081398010254,1440
fold_1,last_35d,0.1,generator_all,3,45,0.04489787295460701,0.955102127045393,8.230413436889648,12.824508666992188,1440
fold_1,last_35d,0.15,generator_all,3,45,0.044605180621147156,0.9553948193788528,8.181200981140137,12.670785903930664,1440
fold_1,last_35d,0.2,generator_all,3,45,0.044398240745067596,0.9556017592549324,8.149246215820312,12.53145980834961,1440
fold_1,last_35d,0.25,generator_all,3,45,0.044289398938417435,0.9557106010615826,8.135698318481445,12.407014846801758,1440
fold_1,last_35d,0.3,generator_all,3,45,0.044263701885938644,0.9557362981140614,8.137140274047852,12.297904014587402,1440
fold_1,last_35d,0.35,generator_all,3,45,0.04434527829289436,0.9556547217071056,8.157670974731445,12.204538345336914,1440
fold_1,last_35d,0.4,generator_all,3,45,0.04452171176671982,0.9554782882332802,8.195601463317871,12.127279281616211,1440
fold_1,last_35d,0.5,generator_all,3,45,0.04508601874113083,0.9549139812588692,8.311685562133789,12.02226448059082,1440
fold_1,last_35d,0.6,generator_all,3,45,0.04591970890760422,0.9540802910923958,8.478950500488281,11.984586715698242,1440
fold_1,last_35d,0.0,generator_all,4,60,0.057118043303489685,0.9428819566965103,10.402523040771484,16.06088638305664,1440
fold_1,last_35d,0.1,generator_all,4,60,0.055905990302562714,0.9440940096974373,10.19640064239502,15.646074295043945,1440
fold_1,last_35d,0.15,generator_all,4,60,0.05564810335636139,0.9443518966436386,10.153499603271484,15.465174674987793,1440
fold_1,last_35d,0.2,generator_all,4,60,0.05552684888243675,0.9444731511175632,10.135315895080566,15.302799224853516,1440
fold_1,last_35d,0.25,generator_all,4,60,0.05550792068243027,0.9444920793175697,10.133983612060547,15.159546852111816,1440
fold_1,last_35d,0.3,generator_all,4,60,0.05558553338050842,0.9444144666194916,10.151021957397461,15.035962104797363,1440
fold_1,last_35d,0.35,generator_all,4,60,0.05574314296245575,0.9442568570375443,10.182880401611328,14.932535171508789,1440
fold_1,last_35d,0.4,generator_all,4,60,0.05603170394897461,0.9439682960510254,10.238656044006348,14.849685668945312,1440
fold_1,last_35d,0.5,generator_all,4,60,0.056919608265161514,0.9430803917348385,10.410775184631348,14.74701976776123,1440
fold_1,last_35d,0.6,generator_all,4,60,0.05814867094159126,0.9418513290584087,10.647430419921875,14.729714393615723,1440
fold_1,last_35d,0.0,generator_all,5,75,0.06733841449022293,0.9326615855097771,12.210099220275879,18.528236389160156,1440
fold_1,last_35d,0.1,generator_all,5,75,0.06614100933074951,0.9338589906692505,12.00639533996582,18.04401969909668,1440
fold_1,last_35d,0.15,generator_all,5,75,0.06607087701559067,0.9339291229844093,12.001285552978516,17.84617805480957,1440
fold_1,last_35d,0.2,generator_all,5,75,0.06624177098274231,0.9337582290172577,12.03980827331543,17.679216384887695,1440
fold_1,last_35d,0.25,generator_all,5,75,0.066597118973732,0.933402881026268,12.112963676452637,17.544015884399414,1440
fold_1,last_35d,0.3,generator_all,5,75,0.0670836865901947,0.9329163134098053,12.210478782653809,17.441320419311523,1440
fold_1,last_35d,0.35,generator_all,5,75,0.06770448386669159,0.9322955161333084,12.331581115722656,17.3716983795166,1440
fold_1,last_35d,0.4,generator_all,5,75,0.06845805048942566,0.9315419495105743,12.475594520568848,17.335556030273438,1440
fold_1,last_35d,0.5,generator_all,5,75,0.07038748264312744,0.9296125173568726,12.84315013885498,17.364337921142578,1440
fold_1,last_35d,0.6,generator_all,5,75,0.07277968525886536,0.9272203147411346,13.298795700073242,17.52700424194336,1440
fold_1,last_35d,0.0,generator_all,6,90,0.07712961733341217,0.9228703826665878,13.94482135772705,20.69964027404785,1440
fold_1,last_35d,0.1,generator_all,6,90,0.07561758160591125,0.9243824183940887,13.6810941696167,20.183734893798828,1440
fold_1,last_35d,0.15,generator_all,6,90,0.07522306591272354,0.9247769340872765,13.613290786743164,19.959531784057617,1440
fold_1,last_35d,0.2,generator_all,6,90,0.07504715025424957,0.9249528497457504,13.57922077178955,19.75887680053711,1440
fold_1,last_35d,0.25,generator_all,6,90,0.07502803951501846,0.9249719604849815,13.57463550567627,19.58249282836914,1440
fold_1,last_35d,0.3,generator_all,6,90,0.07516428083181381,0.9248357191681862,13.598877906799316,19.431039810180664,1440
fold_1,last_35d,0.35,generator_all,6,90,0.07540717720985413,0.9245928227901459,13.643245697021484,19.305105209350586,1440
fold_1,last_35d,0.4,generator_all,6,90,0.07576458901166916,0.9242354109883308,13.710860252380371,19.20519256591797,1440
fold_1,last_35d,0.5,generator_all,6,90,0.07689958810806274,0.9231004118919373,13.927647590637207,19.0849552154541,1440
fold_1,last_35d,0.6,generator_all,6,90,0.0784691572189331,0.9215308427810669,14.221606254577637,19.07232666015625,1440
fold_1,last_35d,0.0,generator_all,7,105,0.08517687767744064,0.9148231223225594,15.343810081481934,22.480789184570312,1440
fold_1,last_35d,0.1,generator_all,7,105,0.08354098349809647,0.9164590165019035,15.04431438446045,21.918113708496094,1440
fold_1,last_35d,0.15,generator_all,7,105,0.08312134444713593,0.9168786555528641,14.956880569458008,21.670373916625977,1440
fold_1,last_35d,0.2,generator_all,7,105,0.08287332952022552,0.9171266704797745,14.900718688964844,21.446086883544922,1440
fold_1,last_35d,0.25,generator_all,7,105,0.08275031298398972,0.9172496870160103,14.865812301635742,21.24599838256836,1440
fold_1,last_35d,0.3,generator_all,7,105,0.08275395631790161,0.9172460436820984,14.85403823852539,21.0707950592041,1440
fold_1,last_35d,0.35,generator_all,7,105,0.08291469514369965,0.9170853048563004,14.869735717773438,20.921106338500977,1440
fold_1,last_35d,0.4,generator_all,7,105,0.08323401212692261,0.9167659878730774,14.912999153137207,20.7974796295166,1440
fold_1,last_35d,0.5,generator_all,7,105,0.08423149585723877,0.9157685041427612,15.064722061157227,20.63019371032715,1440
fold_1,last_35d,0.6,generator_all,7,105,0.08569115400314331,0.9143088459968567,15.304564476013184,20.571521759033203,1440
fold_1,last_35d,0.0,generator_all,8,120,0.09254614263772964,0.9074538573622704,16.64529037475586,23.96160125732422,1440
fold_1,last_35d,0.1,generator_all,8,120,0.09102173149585724,0.9089782685041428,16.358352661132812,23.39103889465332,1440
fold_1,last_35d,0.15,generator_all,8,120,0.09066401422023773,0.9093359857797623,16.274824142456055,23.14134407043457,1440
fold_1,last_35d,0.2,generator_all,8,120,0.09045430272817612,0.9095456972718239,16.21752166748047,22.916431427001953,1440
fold_1,last_35d,0.25,generator_all,8,120,0.09037622064352036,0.9096237793564796,16.186323165893555,22.717039108276367,1440
fold_1,last_35d,0.3,generator_all,8,120,0.09039696305990219,0.9096030369400978,16.174270629882812,22.54384422302246,1440
fold_1,last_35d,0.35,generator_all,8,120,0.09059382230043411,0.9094061776995659,16.193153381347656,22.397451400756836,1440
fold_1,last_35d,0.4,generator_all,8,120,0.0909382700920105,0.9090617299079895,16.23731231689453,22.278390884399414,1440
fold_1,last_35d,0.5,generator_all,8,120,0.09197909384965897,0.908020906150341,16.38932991027832,22.123931884765625,1440
fold_1,last_35d,0.6,generator_all,8,120,0.09348203986883163,0.9065179601311684,16.627330780029297,22.082794189453125,1440
fold_1,last_49d,0.0,generator_1,1,15,0.03156391158699989,0.9684360884130001,2.3762598037719727,3.84385347366333,1440
fold_1,last_49d,0.1,generator_1,1,15,0.03134133666753769,0.9686586633324623,2.3584537506103516,3.8330681324005127,1440
fold_1,last_49d,0.15,generator_1,1,15,0.03126484528183937,0.9687351547181606,2.3514485359191895,3.828775405883789,1440
fold_1,last_49d,0.2,generator_1,1,15,0.031212393194437027,0.968787606805563,2.3457210063934326,3.8252193927764893,1440
fold_1,last_49d,0.25,generator_1,1,15,0.0311741903424263,0.9688258096575737,2.34088397026062,3.822402238845825,1440
fold_1,last_49d,0.3,generator_1,1,15,0.031155914068222046,0.968844085931778,2.3373069763183594,3.8203256130218506,1440
fold_1,last_49d,0.35,generator_1,1,15,0.031153135001659393,0.9688468649983406,2.3348562717437744,3.81899094581604,1440
fold_1,last_49d,0.4,generator_1,1,15,0.031169841066002846,0.9688301589339972,2.33359432220459,3.8183982372283936,1440
fold_1,last_49d,0.5,generator_1,1,15,0.03126906231045723,0.9687309376895428,2.334970474243164,3.819441556930542,1440
fold_1,last_49d,0.6,generator_1,1,15,0.03144140541553497,0.968558594584465,2.3408730030059814,3.8234527111053467,1440
fold_1,last_49d,0.0,generator_1,2,30,0.043275974690914154,0.9567240253090858,3.215257167816162,5.361660957336426,1440
fold_1,last_49d,0.1,generator_1,2,30,0.043205611407756805,0.9567943885922432,3.207127571105957,5.349707126617432,1440
fold_1,last_49d,0.15,generator_1,2,30,0.04326251149177551,0.9567374885082245,3.208136558532715,5.346440315246582,1440
fold_1,last_49d,0.2,generator_1,2,30,0.04337112605571747,0.9566288739442825,3.211949348449707,5.344985008239746,1440
fold_1,last_49d,0.25,generator_1,2,30,0.04353218525648117,0.9564678147435188,3.2187280654907227,5.34534215927124,1440
fold_1,last_49d,0.3,generator_1,2,30,0.04374253377318382,0.9562574662268162,3.2283878326416016,5.3475117683410645,1440
fold_1,last_49d,0.35,generator_1,2,30,0.04399186372756958,0.9560081362724304,3.2407288551330566,5.351492404937744,1440
fold_1,last_49d,0.4,generator_1,2,30,0.044277485460042953,0.955722514539957,3.2548608779907227,5.3572797775268555,1440
fold_1,last_49d,0.5,generator_1,2,30,0.044976308941841125,0.9550236910581589,3.291372299194336,5.374247074127197,1440
fold_1,last_49d,0.6,generator_1,2,30,0.04586015269160271,0.9541398473083973,3.3380322456359863,5.398346900939941,1440
fold_1,last_49d,0.0,generator_1,3,45,0.05293743312358856,0.9470625668764114,3.907463312149048,6.586505889892578,1440
fold_1,last_49d,0.1,generator_1,3,45,0.05290989205241203,0.947090107947588,3.906026601791382,6.573159217834473,1440
fold_1,last_49d,0.15,generator_1,3,45,0.0529986172914505,0.9470013827085495,3.910895824432373,6.569836616516113,1440
fold_1,last_49d,0.2,generator_1,3,45,0.05314699187874794,0.9468530081212521,3.918971061706543,6.568754196166992,1440
fold_1,last_49d,0.25,generator_1,3,45,0.05338125303387642,0.9466187469661236,3.932025194168091,6.569911479949951,1440
fold_1,last_49d,0.3,generator_1,3,45,0.05367964506149292,0.9463203549385071,3.9490065574645996,6.57330846786499,1440
fold_1,last_49d,0.35,generator_1,3,45,0.05403394252061844,0.9459660574793816,3.9695215225219727,6.5789408683776855,1440
fold_1,last_49d,0.4,generator_1,3,45,0.05444834381341934,0.9455516561865807,3.993577718734741,6.586803436279297,1440
fold_1,last_49d,0.5,generator_1,3,45,0.05546055734157562,0.9445394426584244,4.052606582641602,6.609185218811035,1440
fold_1,last_49d,0.6,generator_1,3,45,0.05667650327086449,0.9433234967291355,4.12544059753418,6.640362739562988,1440
fold_1,last_49d,0.0,generator_1,4,60,0.06344591826200485,0.9365540817379951,4.6405253410339355,7.748594760894775,1440
fold_1,last_49d,0.1,generator_1,4,60,0.06327972561120987,0.9367202743887901,4.627511978149414,7.725188255310059,1440
fold_1,last_49d,0.15,generator_1,4,60,0.06337036192417145,0.9366296380758286,4.631038188934326,7.7175679206848145,1440
fold_1,last_49d,0.2,generator_1,4,60,0.06354962289333344,0.9364503771066666,4.640181541442871,7.712681293487549,1440
fold_1,last_49d,0.25,generator_1,4,60,0.0638262927532196,0.9361737072467804,4.653921604156494,7.710533142089844,1440
fold_1,last_49d,0.3,generator_1,4,60,0.0641959086060524,0.9358040913939476,4.673369407653809,7.71112585067749,1440
fold_1,last_49d,0.35,generator_1,4,60,0.06466138362884521,0.9353386163711548,4.699194431304932,7.7144598960876465,1440
fold_1,last_49d,0.4,generator_1,4,60,0.06519440561532974,0.9348055943846703,4.729537487030029,7.720530033111572,1440
fold_1,last_49d,0.5,generator_1,4,60,0.0664454996585846,0.9335545003414154,4.800766468048096,7.740854263305664,1440
fold_1,last_49d,0.6,generator_1,4,60,0.06793943792581558,0.9320605620741844,4.887835502624512,7.7720112800598145,1440
fold_1,last_49d,0.0,generator_1,5,75,0.07216058671474457,0.9278394132852554,5.2519426345825195,8.712187767028809,1440
fold_1,last_49d,0.1,generator_1,5,75,0.07203469425439835,0.9279653057456017,5.243286609649658,8.682658195495605,1440
fold_1,last_49d,0.15,generator_1,5,75,0.07217492163181305,0.927825078368187,5.249372482299805,8.673643112182617,1440
fold_1,last_49d,0.2,generator_1,5,75,0.0724736750125885,0.9275263249874115,5.26395320892334,8.668478012084961,1440
fold_1,last_49d,0.25,generator_1,5,75,0.07291483879089355,0.9270851612091064,5.287365436553955,8.667171478271484,1440
fold_1,last_49d,0.3,generator_1,5,75,0.07345963269472122,0.9265403673052788,5.317718982696533,8.669724464416504,1440
fold_1,last_49d,0.35,generator_1,5,75,0.07410240918397903,0.925897590816021,5.354025840759277,8.676133155822754,1440
fold_1,last_49d,0.4,generator_1,5,75,0.07484306395053864,0.9251569360494614,5.39639949798584,8.686388969421387,1440
fold_1,last_49d,0.5,generator_1,5,75,0.0766146257519722,0.9233853742480278,5.499249458312988,8.7183837890625,1440
fold_1,last_49d,0.6,generator_1,5,75,0.07870330661535263,0.9212966933846474,5.622824192047119,8.765541076660156,1440
fold_1,last_49d,0.0,generator_1,6,90,0.08152056485414505,0.918479435145855,5.910423278808594,9.55147933959961,1440
fold_1,last_49d,0.1,generator_1,6,90,0.0813489779829979,0.9186510220170021,5.899649620056152,9.522615432739258,1440
fold_1,last_49d,0.15,generator_1,6,90,0.08144568651914597,0.918554313480854,5.90481424331665,9.514009475708008,1440
fold_1,last_49d,0.2,generator_1,6,90,0.08166252076625824,0.9183374792337418,5.91621208190918,9.509303092956543,1440
fold_1,last_49d,0.25,generator_1,6,90,0.08208167552947998,0.91791832447052,5.936797618865967,9.508502006530762,1440
fold_1,last_49d,0.3,generator_1,6,90,0.08263517916202545,0.9173648208379745,5.965803146362305,9.51160717010498,1440
fold_1,last_49d,0.35,generator_1,6,90,0.0833439752459526,0.9166560247540474,6.003373146057129,9.518614768981934,1440
fold_1,last_49d,0.4,generator_1,6,90,0.08411237597465515,0.9158876240253448,6.045015335083008,9.52951717376709,1440
fold_1,last_49d,0.5,generator_1,6,90,0.08590041100978851,0.9140995889902115,6.14669942855835,9.562944412231445,1440
fold_1,last_49d,0.6,generator_1,6,90,0.08802835643291473,0.9119716435670853,6.273053169250488,9.611727714538574,1440
fold_1,last_49d,0.0,generator_1,7,105,0.08908943831920624,0.9109105616807938,6.44184684753418,10.235238075256348,1440
fold_1,last_49d,0.1,generator_1,7,105,0.08897299319505692,0.9110270068049431,6.436246871948242,10.206879615783691,1440
fold_1,last_49d,0.15,generator_1,7,105,0.08911456912755966,0.9108854308724403,6.444265365600586,10.198384284973145,1440
fold_1,last_49d,0.2,generator_1,7,105,0.0893920511007309,0.9106079488992691,6.459681034088135,10.193692207336426,1440
fold_1,last_49d,0.25,generator_1,7,105,0.08978454023599625,0.9102154597640038,6.4814453125,10.192809104919434,1440
fold_1,last_49d,0.3,generator_1,7,105,0.09035131335258484,0.9096486866474152,6.512032508850098,10.195734977722168,1440
fold_1,last_49d,0.35,generator_1,7,105,0.09100186824798584,0.9089981317520142,6.54876184463501,10.202467918395996,1440
fold_1,last_49d,0.4,generator_1,7,105,0.09176981449127197,0.908230185508728,6.593663215637207,10.213000297546387,1440
fold_1,last_49d,0.5,generator_1,7,105,0.09347784519195557,0.9065221548080444,6.694854259490967,10.24540901184082,1440
fold_1,last_49d,0.6,generator_1,7,105,0.09538200497627258,0.9046179950237274,6.810312747955322,10.292819023132324,1440
fold_1,last_49d,0.0,generator_1,8,120,0.09574508666992188,0.9042549133300781,6.915420055389404,10.817008018493652,1440
fold_1,last_49d,0.1,generator_1,8,120,0.0955924540758133,0.9044075459241867,6.910073280334473,10.785541534423828,1440
fold_1,last_49d,0.15,generator_1,8,120,0.09573213756084442,0.9042678624391556,6.919854640960693,10.775768280029297,1440
fold_1,last_49d,0.2,generator_1,8,120,0.09609246999025345,0.9039075300097466,6.94012975692749,10.76998519897461,1440
fold_1,last_49d,0.25,generator_1,8,120,0.09656369686126709,0.9034363031387329,6.966967582702637,10.76819896697998,1440
fold_1,last_49d,0.3,generator_1,8,120,0.09710796177387238,0.9028920382261276,6.998798370361328,10.770410537719727,1440
fold_1,last_49d,0.35,generator_1,8,120,0.09777148813009262,0.9022285118699074,7.037900924682617,10.776617050170898,1440
fold_1,last_49d,0.4,generator_1,8,120,0.09850262850522995,0.90149737149477,7.081715106964111,10.786813735961914,1440
fold_1,last_49d,0.5,generator_1,8,120,0.10026058554649353,0.8997394144535065,7.189107894897461,10.819123268127441,1440
fold_1,last_49d,0.6,generator_1,8,120,0.10221923142671585,0.8977807685732841,7.310699462890625,10.867196083068848,1440
fold_1,last_49d,0.0,generator_all,1,15,0.021867629140615463,0.9781323708593845,4.078978061676025,6.210054397583008,1440
fold_1,last_49d,0.1,generator_all,1,15,0.021485069766640663,0.9785149302333593,4.011058807373047,6.0727620124816895,1440
fold_1,last_49d,0.15,generator_all,1,15,0.021329207345843315,0.9786707926541567,3.9831652641296387,6.009766578674316,1440
fold_1,last_49d,0.2,generator_all,1,15,0.021188853308558464,0.9788111466914415,3.958118438720703,5.950699806213379,1440
fold_1,last_49d,0.25,generator_all,1,15,0.021063094958662987,0.978936905041337,3.9357187747955322,5.8956804275512695,1440
fold_1,last_49d,0.3,generator_all,1,15,0.020962445065379143,0.9790375549346209,3.917480707168579,5.844821929931641,1440
fold_1,last_49d,0.35,generator_all,1,15,0.020887188613414764,0.9791128113865852,3.903636932373047,5.798234939575195,1440
fold_1,last_49d,0.4,generator_all,1,15,0.020837653428316116,0.9791623465716839,3.8944573402404785,5.756021976470947,1440
fold_1,last_49d,0.5,generator_all,1,15,0.02078905701637268,0.9792109429836273,3.8854129314422607,5.685100078582764,1440
fold_1,last_49d,0.6,generator_all,1,15,0.02080627530813217,0.9791937246918678,3.888740062713623,5.632730960845947,1440
fold_1,last_49d,0.0,generator_all,2,30,0.03446066752076149,0.9655393324792385,6.363779067993164,9.929483413696289,1440
fold_1,last_49d,0.1,generator_all,2,30,0.033584367483854294,0.9664156325161457,6.208580017089844,9.655671119689941,1440
fold_1,last_49d,0.15,generator_all,2,30,0.03322416916489601,0.966775830835104,6.144410610198975,9.529052734375,1440
fold_1,last_49d,0.2,generator_all,2,30,0.032902657985687256,0.9670973420143127,6.087152004241943,9.409668922424316,1440
fold_1,last_49d,0.25,generator_all,2,30,0.03264031559228897,0.967359684407711,6.040510177612305,9.297796249389648,1440
fold_1,last_49d,0.3,generator_all,2,30,0.032425057142972946,0.967574942857027,6.002506732940674,9.193710327148438,1440
fold_1,last_49d,0.35,generator_all,2,30,0.032258037477731705,0.9677419625222683,5.973243713378906,9.097677230834961,1440
fold_1,last_49d,0.4,generator_all,2,30,0.03214241564273834,0.9678575843572617,5.953567028045654,9.009956359863281,1440
fold_1,last_49d,0.5,generator_all,2,30,0.03202588111162186,0.9679741188883781,5.935001850128174,8.860408782958984,1440
fold_1,last_49d,0.6,generator_all,2,30,0.03208183869719505,0.967918161302805,5.947180271148682,8.746825218200684,1440
fold_1,last_49d,0.0,generator_all,3,45,0.04592171683907509,0.9540782831609249,8.40550422668457,13.173081398010254,1440
fold_1,last_49d,0.1,generator_all,3,45,0.044766027480363846,0.9552339725196362,8.19542121887207,12.80949592590332,1440
fold_1,last_49d,0.15,generator_all,3,45,0.044355377554893494,0.9556446224451065,8.11928939819336,12.64318561553955,1440
fold_1,last_49d,0.2,generator_all,3,45,0.04401891678571701,0.955981083214283,8.056541442871094,12.487754821777344,1440
fold_1,last_49d,0.25,generator_all,3,45,0.04374640807509422,0.9562535919249058,8.0061674118042,12.343616485595703,1440
fold_1,last_49d,0.3,generator_all,3,45,0.043543893843889236,0.9564561061561108,7.968376159667969,12.21116828918457,1440
fold_1,last_49d,0.35,generator_all,3,45,0.043405670672655106,0.9565943293273449,7.941673278808594,12.090795516967773,1440
fold_1,last_49d,0.4,generator_all,3,45,0.043331388384103775,0.9566686116158962,7.926684379577637,11.982860565185547,1440
fold_1,last_49d,0.5,generator_all,3,45,0.043376632034778595,0.9566233679652214,7.930323600769043,11.805634498596191,1440
fold_1,last_49d,0.6,generator_all,3,45,0.04373146593570709,0.9562685340642929,7.98890495300293,11.681815147399902,1440
fold_1,last_49d,0.0,generator_all,4,60,0.057118043303489685,0.9428819566965103,10.402523040771484,16.06088638305664,1440
fold_1,last_49d,0.1,generator_all,4,60,0.0556807778775692,0.9443192221224308,10.142231941223145,15.62475299835205,1440
fold_1,last_49d,0.15,generator_all,4,60,0.05519813299179077,0.9448018670082092,10.054951667785645,15.426084518432617,1440
fold_1,last_49d,0.2,generator_all,4,60,0.05483705550432205,0.945162944495678,9.988868713378906,15.241035461425781,1440
fold_1,last_49d,0.25,generator_all,4,60,0.05456770211458206,0.9454322978854179,9.938631057739258,15.070106506347656,1440
fold_1,last_49d,0.3,generator_all,4,60,0.05438239872455597,0.945617601275444,9.902339935302734,14.913783073425293,1440
fold_1,last_49d,0.35,generator_all,4,60,0.054262056946754456,0.9457379430532455,9.87714958190918,14.772530555725098,1440
fold_1,last_49d,0.4,generator_all,4,60,0.054246965795755386,0.9457530342042446,9.870430946350098,14.646781921386719,1440
fold_1,last_49d,0.5,generator_all,4,60,0.0544542521238327,0.9455457478761673,9.90190315246582,14.44337272644043,1440
fold_1,last_49d,0.6,generator_all,4,60,0.055017709732055664,0.9449822902679443,9.998947143554688,14.306266784667969,1440
fold_1,last_49d,0.0,generator_all,5,75,0.06733841449022293,0.9326615855097771,12.210099220275879,18.528236389160156,1440
fold_1,last_49d,0.1,generator_all,5,75,0.06568042188882828,0.9343195781111717,11.903557777404785,18.047977447509766,1440
fold_1,last_49d,0.15,generator_all,5,75,0.0651109516620636,0.9348890483379364,11.794509887695312,17.831966400146484,1440
fold_1,last_49d,0.2,generator_all,5,75,0.06470134854316711,0.9352986514568329,11.712928771972656,17.632837295532227,1440
fold_1,last_49d,0.25,generator_all,5,75,0.06448852270841599,0.935511477291584,11.66508674621582,17.45116424560547,1440
fold_1,last_49d,0.3,generator_all,5,75,0.0643964558839798,0.9356035441160202,11.638222694396973,17.28750228881836,1440
fold_1,last_49d,0.35,generator_all,5,75,0.0644296333193779,0.9355703666806221,11.633121490478516,17.142366409301758,1440
fold_1,last_49d,0.4,generator_all,5,75,0.06458282470703125,0.9354171752929688,11.64633560180664,17.01622772216797,1440
fold_1,last_49d,0.5,generator_all,5,75,0.06512313336133957,0.9348768666386604,11.714664459228516,16.822595596313477,1440
fold_1,last_49d,0.6,generator_all,5,75,0.06605090200901031,0.9339490979909897,11.857383728027344,16.709304809570312,1440
fold_1,last_49d,0.0,generator_all,6,90,0.07712961733341217,0.9228703826665878,13.94482135772705,20.69964027404785,1440
fold_1,last_49d,0.1,generator_all,6,90,0.07568012923002243,0.9243198707699776,13.667314529418945,20.214881896972656,1440
fold_1,last_49d,0.15,generator_all,6,90,0.07534459233283997,0.92465540766716,13.588540077209473,20.001693725585938,1440
fold_1,last_49d,0.2,generator_all,6,90,0.0751744881272316,0.9248255118727684,13.53443431854248,19.808820724487305,1440
fold_1,last_49d,0.25,generator_all,6,90,0.07516539841890335,0.9248346015810966,13.510787010192871,19.636863708496094,1440
fold_1,last_49d,0.3,generator_all,6,90,0.07529742270708084,0.9247025772929192,13.512763023376465,19.486373901367188,1440
fold_1,last_49d,0.35,generator_all,6,90,0.07554184645414352,0.9244581535458565,13.534981727600098,19.35785484313965,1440
fold_1,last_49d,0.4,generator_all,6,90,0.07590438425540924,0.9240956157445908,13.577004432678223,19.251745223999023,1440
fold_1,last_49d,0.5,generator_all,6,90,0.07697809487581253,0.9230219051241875,13.726713180541992,19.10816764831543,1440
fold_1,last_49d,0.6,generator_all,6,90,0.07848895341157913,0.9215110465884209,13.95616626739502,19.05769920349121,1440
fold_1,last_49d,0.0,generator_all,7,105,0.08517687767744064,0.9148231223225594,15.343810081481934,22.480789184570312,1440
fold_1,last_49d,0.1,generator_all,7,105,0.08356957882642746,0.9164304211735725,15.02851390838623,21.977581024169922,1440
fold_1,last_49d,0.15,generator_all,7,105,0.08309488743543625,0.9169051125645638,14.922205924987793,21.753551483154297,1440
fold_1,last_49d,0.2,generator_all,7,105,0.08280998468399048,0.9171900153160095,14.844441413879395,21.54868507385254,1440
fold_1,last_49d,0.25,generator_all,7,105,0.08264987170696259,0.9173501282930374,14.788901329040527,21.3635311126709,1440
fold_1,last_49d,0.3,generator_all,7,105,0.08263783901929855,0.9173621609807014,14.760087966918945,21.198606491088867,1440
fold_1,last_49d,0.35,generator_all,7,105,0.08274189382791519,0.9172581061720848,14.751790046691895,21.05438804626465,1440
fold_1,last_49d,0.4,generator_all,7,105,0.08293385803699493,0.9170661419630051,14.760537147521973,20.931304931640625,1440
fold_1,last_49d,0.5,generator_all,7,105,0.08370833098888397,0.916291669011116,14.847350120544434,20.749977111816406,1440
fold_1,last_49d,0.6,generator_all,7,105,0.08483075350522995,0.91516924649477,14.99886703491211,20.656888961791992,1440
fold_1,last_49d,0.0,generator_all,8,120,0.09254614263772964,0.9074538573622704,16.64529037475586,23.96160125732422,1440
fold_1,last_49d,0.1,generator_all,8,120,0.09094449877738953,0.9090555012226105,16.3095645904541,23.397796630859375,1440
fold_1,last_49d,0.15,generator_all,8,120,0.09052600711584091,0.9094739928841591,16.19505500793457,23.1459903717041,1440
fold_1,last_49d,0.2,generator_all,8,120,0.09023071080446243,0.9097692891955376,16.102130889892578,22.915149688720703,1440
fold_1,last_49d,0.25,generator_all,8,120,0.09002646058797836,0.9099735394120216,16.024658203125,22.705913543701172,1440
fold_1,last_49d,0.3,generator_all,8,120,0.08996569365262985,0.9100343063473701,15.972162246704102,22.518882751464844,1440
fold_1,last_49d,0.35,generator_all,8,120,0.09002052992582321,0.9099794700741768,15.939806938171387,22.3546142578125,1440
fold_1,last_49d,0.4,generator_all,8,120,0.0901564210653305,0.9098435789346695,15.923089981079102,22.21361541748047,1440
fold_1,last_49d,0.5,generator_all,8,120,0.09078957140445709,0.9092104285955429,15.957426071166992,22.00313949584961,1440
fold_1,last_49d,0.6,generator_all,8,120,0.09182067215442657,0.9081793278455734,16.05735206604004,21.89019012451172,1440
fold_2,last_21d,0.0,generator_1,1,15,0.034366410225629807,0.9656335897743702,1.4209353923797607,2.2386233806610107,1440
fold_2,last_21d,0.1,generator_1,1,15,0.03405679762363434,0.9659432023763657,1.408195972442627,2.2247695922851562,1440
fold_2,last_21d,0.15,generator_1,1,15,0.03391796350479126,0.9660820364952087,1.402535080909729,2.218324661254883,1440
fold_2,last_21d,0.2,generator_1,1,15,0.03378894180059433,0.9662110581994057,1.3972994089126587,2.212204694747925,1440
fold_2,last_21d,0.25,generator_1,1,15,0.033664725720882416,0.9663352742791176,1.392258882522583,2.2064123153686523,1440
fold_2,last_21d,0.3,generator_1,1,15,0.03354918956756592,0.9664508104324341,1.3875367641448975,2.2009501457214355,1440
fold_2,last_21d,0.35,generator_1,1,15,0.03344333544373512,0.9665566645562649,1.3831820487976074,2.1958210468292236,1440
fold_2,last_21d,0.4,generator_1,1,15,0.033347126096487045,0.966652873903513,1.379202127456665,2.1910266876220703,1440
fold_2,last_21d,0.5,generator_1,1,15,0.033197298645973206,0.9668027013540268,1.3730038404464722,2.182452440261841,1440
fold_2,last_21d,0.6,generator_1,1,15,0.033098254352808,0.966901745647192,1.3689643144607544,2.1752426624298096,1440
fold_2,last_21d,0.0,generator_1,2,30,0.04905669018626213,0.9509433098137379,2.025379180908203,3.1833860874176025,1440
fold_2,last_21d,0.1,generator_1,2,30,0.04862693324685097,0.951373066753149,2.008214235305786,3.1613166332244873,1440
fold_2,last_21d,0.15,generator_1,2,30,0.048434894531965256,0.9515651054680347,2.000645160675049,3.1511268615722656,1440
fold_2,last_21d,0.2,generator_1,2,30,0.04825929179787636,0.9517407082021236,1.9937896728515625,3.141507625579834,1440
fold_2,last_21d,0.25,generator_1,2,30,0.04810674861073494,0.9518932513892651,1.9879454374313354,3.1324641704559326,1440
fold_2,last_21d,0.3,generator_1,2,30,0.047982290387153625,0.9520177096128464,1.9832841157913208,3.124001979827881,1440
fold_2,last_21d,0.35,generator_1,2,30,0.047882385551929474,0.9521176144480705,1.9796563386917114,3.1161258220672607,1440
fold_2,last_21d,0.4,generator_1,2,30,0.0478089340031147,0.9521910659968853,1.977141261100769,3.108839273452759,1440
fold_2,last_21d,0.5,generator_1,2,30,0.04774102568626404,0.952258974313736,1.9755899906158447,3.0960533618927,1440
fold_2,last_21d,0.6,generator_1,2,30,0.04777077957987785,0.9522292204201221,1.9781537055969238,3.0856740474700928,1440
fold_2,last_21d,0.0,generator_1,3,45,0.058899298310279846,0.9411007016897202,2.4220409393310547,3.8447861671447754,1440
fold_2,last_21d,0.1,generator_1,3,45,0.058357223868370056,0.9416427761316299,2.400862216949463,3.8098325729370117,1440
fold_2,last_21d,0.15,generator_1,3,45,0.05813322961330414,0.9418667703866959,2.3922441005706787,3.793354034423828,1440
fold_2,last_21d,0.2,generator_1,3,45,0.057955052703619,0.942044947296381,2.385550022125244,3.777552366256714,1440
fold_2,last_21d,0.25,generator_1,3,45,0.05780360475182533,0.9421963952481747,2.380018472671509,3.7624361515045166,1440
fold_2,last_21d,0.3,generator_1,3,45,0.057676177471876144,0.9423238225281239,2.3755459785461426,3.748013973236084,1440
fold_2,last_21d,0.35,generator_1,3,45,0.057573352009058,0.942426647990942,2.3721158504486084,3.7342936992645264,1440
fold_2,last_21d,0.4,generator_1,3,45,0.05751160532236099,0.942488394677639,2.3704233169555664,3.721283197402954,1440
fold_2,last_21d,0.5,generator_1,3,45,0.0574636347591877,0.9425363652408123,2.3704099655151367,3.697420358657837,1440
fold_2,last_21d,0.6,generator_1,3,45,0.05753854289650917,0.9424614571034908,2.375554323196411,3.6764817237854004,1440
fold_2,last_21d,0.0,generator_1,4,60,0.06910600513219833,0.9308939948678017,2.842660903930664,4.379054069519043,1440
fold_2,last_21d,0.1,generator_1,4,60,0.06845691055059433,0.9315430894494057,2.817812919616699,4.332913398742676,1440
fold_2,last_21d,0.15,generator_1,4,60,0.06821484863758087,0.9317851513624191,2.8088908195495605,4.311145782470703,1440
fold_2,last_21d,0.2,generator_1,4,60,0.06801043450832367,0.9319895654916763,2.8016607761383057,4.29026460647583,1440
fold_2,last_21d,0.25,generator_1,4,60,0.06783178448677063,0.9321682155132294,2.7954580783843994,4.270282745361328,1440
fold_2,last_21d,0.3,generator_1,4,60,0.0676809549331665,0.9323190450668335,2.7903318405151367,4.251213073730469,1440
fold_2,last_21d,0.35,generator_1,4,60,0.06756285578012466,0.9324371442198753,2.7864794731140137,4.233067512512207,1440
fold_2,last_21d,0.4,generator_1,4,60,0.06748490780591965,0.9325150921940804,2.7843191623687744,4.215857982635498,1440
fold_2,last_21d,0.5,generator_1,4,60,0.06744419038295746,0.9325558096170425,2.7847392559051514,4.1842942237854,1440
fold_2,last_21d,0.6,generator_1,4,60,0.06750013679265976,0.9324998632073402,2.7893035411834717,4.156607151031494,1440
fold_2,last_21d,0.0,generator_1,5,75,0.07843227684497833,0.9215677231550217,3.2316243648529053,4.838404178619385,1440
fold_2,last_21d,0.1,generator_1,5,75,0.07762184739112854,0.9223781526088715,3.200772762298584,4.781867504119873,1440
fold_2,last_21d,0.15,generator_1,5,75,0.0773053914308548,0.9226946085691452,3.1891653537750244,4.755292892456055,1440
fold_2,last_21d,0.2,generator_1,5,75,0.07703188806772232,0.9229681119322777,3.179485321044922,4.729872703552246,1440
fold_2,last_21d,0.25,generator_1,5,75,0.07681109011173248,0.9231889098882675,3.1718974113464355,4.705626010894775,1440
fold_2,last_21d,0.3,generator_1,5,75,0.07663130760192871,0.9233686923980713,3.1661641597747803,4.6825714111328125,1440
fold_2,last_21d,0.35,generator_1,5,75,0.07648972421884537,0.9235102757811546,3.16209077835083,4.660725116729736,1440
fold_2,last_21d,0.4,generator_1,5,75,0.0764070525765419,0.9235929474234581,3.160557746887207,4.640106201171875,1440
fold_2,last_21d,0.5,generator_1,5,75,0.07638684660196304,0.923613153398037,3.1640408039093018,4.602611541748047,1440
fold_2,last_21d,0.6,generator_1,5,75,0.07647566497325897,0.923524335026741,3.1723222732543945,4.5702104568481445,1440
fold_2,last_21d,0.0,generator_1,6,90,0.08647526800632477,0.9135247319936752,3.5643534660339355,5.230025768280029,1440
fold_2,last_21d,0.1,generator_1,6,90,0.08537134528160095,0.914628654718399,3.5212793350219727,5.156857013702393,1440
fold_2,last_21d,0.15,generator_1,6,90,0.08494527637958527,0.9150547236204147,3.505418539047241,5.122743606567383,1440
fold_2,last_21d,0.2,generator_1,6,90,0.08458855003118515,0.9154114499688148,3.492645025253296,5.090322494506836,1440
fold_2,last_21d,0.25,generator_1,6,90,0.08429953455924988,0.9157004654407501,3.4826836585998535,5.059626579284668,1440
fold_2,last_21d,0.3,generator_1,6,90,0.08406812697649002,0.91593187302351,3.4752695560455322,5.030686855316162,1440
fold_2,last_21d,0.35,generator_1,6,90,0.08389955759048462,0.9161004424095154,3.4706461429595947,5.003533363342285,1440
fold_2,last_21d,0.4,generator_1,6,90,0.08379989117383957,0.9162001088261604,3.4690637588500977,4.978196620941162,1440
fold_2,last_21d,0.5,generator_1,6,90,0.0837784856557846,0.9162215143442154,3.4740045070648193,4.933080196380615,1440
fold_2,last_21d,0.6,generator_1,6,90,0.08398427814245224,0.9160157218575478,3.4889984130859375,4.895542144775391,1440
fold_2,last_21d,0.0,generator_1,7,105,0.09424041956663132,0.9057595804333687,3.8819611072540283,5.565253734588623,1440
fold_2,last_21d,0.1,generator_1,7,105,0.09280110150575638,0.9071988984942436,3.82458233833313,5.473828315734863,1440
fold_2,last_21d,0.15,generator_1,7,105,0.09218516945838928,0.9078148305416107,3.800497055053711,5.430789947509766,1440
fold_2,last_21d,0.2,generator_1,7,105,0.09164007753133774,0.9083599224686623,3.7797274589538574,5.389591693878174,1440
fold_2,last_21d,0.25,generator_1,7,105,0.09117673337459564,0.9088232666254044,3.7627017498016357,5.350276470184326,1440
fold_2,last_21d,0.3,generator_1,7,105,0.09078821539878845,0.9092117846012115,3.7489261627197266,5.312886714935303,1440
fold_2,last_21d,0.35,generator_1,7,105,0.09049927443265915,0.9095007255673409,3.739262104034424,5.277461528778076,1440
fold_2,last_21d,0.4,generator_1,7,105,0.09026896208524704,0.909731037914753,3.7320001125335693,5.244043350219727,1440
fold_2,last_21d,0.5,generator_1,7,105,0.08995465189218521,0.9100453481078148,3.7238054275512695,5.183374404907227,1440
fold_2,last_21d,0.6,generator_1,7,105,0.08986515551805496,0.910134844481945,3.725933074951172,5.131171226501465,1440
fold_2,last_21d,0.0,generator_1,8,120,0.10060849785804749,0.8993915021419525,4.1388325691223145,5.8719587326049805,1440
fold_2,last_21d,0.1,generator_1,8,120,0.09895876049995422,0.9010412395000458,4.0737175941467285,5.765388488769531,1440
fold_2,last_21d,0.15,generator_1,8,120,0.09834864735603333,0.9016513526439667,4.05068302154541,5.715609073638916,1440
fold_2,last_21d,0.2,generator_1,8,120,0.09784095734357834,0.9021590426564217,4.032114028930664,5.66825008392334,1440
fold_2,last_21d,0.25,generator_1,8,120,0.09742962568998337,0.9025703743100166,4.018096923828125,5.623372554779053,1440
fold_2,last_21d,0.3,generator_1,8,120,0.0971333384513855,0.9028666615486145,4.0092597007751465,5.581036567687988,1440
fold_2,last_21d,0.35,generator_1,8,120,0.0969310775399208,0.9030689224600792,4.00452995300293,5.541300296783447,1440
fold_2,last_21d,0.4,generator_1,8,120,0.09678959101438522,0.9032104089856148,4.00242805480957,5.504220008850098,1440
fold_2,last_21d,0.5,generator_1,8,120,0.09668373316526413,0.9033162668347359,4.006113052368164,5.4382405281066895,1440
fold_2,last_21d,0.6,generator_1,8,120,0.0967780202627182,0.9032219797372818,4.017899036407471,5.38349723815918,1440
fold_2,last_21d,0.0,generator_all,1,15,0.018177062273025513,0.9818229377269745,4.562544822692871,7.207852363586426,1440
fold_2,last_21d,0.1,generator_all,1,15,0.017770562320947647,0.9822294376790524,4.4641337394714355,7.060311794281006,1440
fold_2,last_21d,0.15,generator_all,1,15,0.017591942101716995,0.982408057898283,4.420860290527344,6.990405082702637,1440
fold_2,last_21d,0.2,generator_all,1,15,0.017431503161787987,0.982568496838212,4.381699562072754,6.923181056976318,1440
fold_2,last_21d,0.25,generator_all,1,15,0.01728709228336811,0.9827129077166319,4.346358299255371,6.858716011047363,1440
fold_2,last_21d,0.3,generator_all,1,15,0.017152633517980576,0.9828473664820194,4.313562870025635,6.79709005355835,1440
fold_2,last_21d,0.35,generator_all,1,15,0.017030606046319008,0.982969393953681,4.283981800079346,6.7383809089660645,1440
fold_2,last_21d,0.4,generator_all,1,15,0.01691984385251999,0.98308015614748,4.257219314575195,6.682664394378662,1440
fold_2,last_21d,0.5,generator_all,1,15,0.016743319109082222,0.9832566808909178,4.214751720428467,6.580511569976807,1440
fold_2,last_21d,0.6,generator_all,1,15,0.016620784997940063,0.9833792150020599,4.185995578765869,6.491211891174316,1440
fold_2,last_21d,0.0,generator_all,2,30,0.030040554702281952,0.969959445297718,7.469775199890137,11.87929630279541,1440
fold_2,last_21d,0.1,generator_all,2,30,0.02932826057076454,0.9706717394292355,7.2980122566223145,11.636530876159668,1440
fold_2,last_21d,0.15,generator_all,2,30,0.029034167528152466,0.9709658324718475,7.227558135986328,11.522683143615723,1440
fold_2,last_21d,0.2,generator_all,2,30,0.028783289715647697,0.9712167102843523,7.167631149291992,11.414058685302734,1440
fold_2,last_21d,0.25,generator_all,2,30,0.028557132929563522,0.9714428670704365,7.113593101501465,11.310811042785645,1440
fold_2,last_21d,0.3,generator_all,2,30,0.028357623144984245,0.9716423768550158,7.06629753112793,11.213086128234863,1440
fold_2,last_21d,0.35,generator_all,2,30,0.028185104951262474,0.9718148950487375,7.0261054039001465,11.121030807495117,1440
fold_2,last_21d,0.4,generator_all,2,30,0.028037335723638535,0.9719626642763615,6.992298603057861,11.03478717803955,1440
fold_2,last_21d,0.5,generator_all,2,30,0.0278112031519413,0.9721887968480587,6.942666053771973,10.880276679992676,1440
fold_2,last_21d,0.6,generator_all,2,30,0.027707671746611595,0.9722923282533884,6.924245834350586,10.750581741333008,1440
fold_2,last_21d,0.0,generator_all,3,45,0.040090568363666534,0.9599094316363335,9.94885540008545,15.638508796691895,1440
fold_2,last_21d,0.1,generator_all,3,45,0.03915759548544884,0.9608424045145512,9.724651336669922,15.304752349853516,1440
fold_2,last_21d,0.15,generator_all,3,45,0.03876451775431633,0.9612354822456837,9.630769729614258,15.148441314697266,1440
fold_2,last_21d,0.2,generator_all,3,45,0.038417913019657135,0.9615820869803429,9.548852920532227,14.999471664428711,1440
fold_2,last_21d,0.25,generator_all,3,45,0.03810751065611839,0.9618924893438816,9.476302146911621,14.858062744140625,1440
fold_2,last_21d,0.3,generator_all,3,45,0.03783631697297096,0.962163683027029,9.413939476013184,14.724434852600098,1440
fold_2,last_21d,0.35,generator_all,3,45,0.037626828998327255,0.9623731710016727,9.36758041381836,14.598799705505371,1440
fold_2,last_21d,0.4,generator_all,3,45,0.03745404630899429,0.9625459536910057,9.33093547821045,14.481366157531738,1440
fold_2,last_21d,0.5,generator_all,3,45,0.03719065338373184,0.9628093466162682,9.278488159179688,14.27190113067627,1440
fold_2,last_21d,0.6,generator_all,3,45,0.03707389160990715,0.9629261083900928,9.263001441955566,14.097535133361816,1440
fold_2,last_21d,0.0,generator_all,4,60,0.04936646297574043,0.9506335370242596,12.233983993530273,18.815034866333008,1440
fold_2,last_21d,0.1,generator_all,4,60,0.04819970577955246,0.9518002942204475,11.953767776489258,18.413448333740234,1440
fold_2,last_21d,0.15,generator_all,4,60,0.047721926122903824,0.9522780738770962,11.8414306640625,18.22698402404785,1440
fold_2,last_21d,0.2,generator_all,4,60,0.047309909015893936,0.9526900909841061,11.74659538269043,18.05047035217285,1440
fold_2,last_21d,0.25,generator_all,4,60,0.046986740082502365,0.9530132599174976,11.674689292907715,17.884199142456055,1440
fold_2,last_21d,0.3,generator_all,4,60,0.04673849791288376,0.9532615020871162,11.622591018676758,17.72846794128418,1440
fold_2,last_21d,0.35,generator_all,4,60,0.04655229672789574,0.9534477032721043,11.586589813232422,17.58354949951172,1440
fold_2,last_21d,0.4,generator_all,4,60,0.046408556401729584,0.9535914435982704,11.56132984161377,17.44971466064453,1440
fold_2,last_21d,0.5,generator_all,4,60,0.046324532479047775,0.9536754675209522,11.561680793762207,17.216310501098633,1440
fold_2,last_21d,0.6,generator_all,4,60,0.04644159600138664,0.9535584039986134,11.61340045928955,17.030118942260742,1440
fold_2,last_21d,0.0,generator_all,5,75,0.05768168717622757,0.9423183128237724,14.289566993713379,21.462692260742188,1440
fold_2,last_21d,0.1,generator_all,5,75,0.05647262930870056,0.9435273706912994,13.998491287231445,21.0028018951416,1440
fold_2,last_21d,0.15,generator_all,5,75,0.05598609894514084,0.9440139010548592,13.88536548614502,20.791112899780273,1440
fold_2,last_21d,0.2,generator_all,5,75,0.05557915195822716,0.9444208480417728,13.793495178222656,20.592103958129883,1440
fold_2,last_21d,0.25,generator_all,5,75,0.05526728183031082,0.9447327181696892,13.727731704711914,20.406143188476562,1440
fold_2,last_21d,0.3,generator_all,5,75,0.05501069128513336,0.9449893087148666,13.677034378051758,20.233592987060547,1440
fold_2,last_21d,0.35,generator_all,5,75,0.0548093281686306,0.9451906718313694,13.640791893005371,20.074798583984375,1440
fold_2,last_21d,0.4,generator_all,5,75,0.0546841137111187,0.9453158862888813,13.62367057800293,19.93008804321289,1440
fold_2,last_21d,0.5,generator_all,5,75,0.05457122623920441,0.9454287737607956,13.625070571899414,19.684133529663086,1440
fold_2,last_21d,0.6,generator_all,5,75,0.05461455509066582,0.9453854449093342,13.666009902954102,19.497905731201172,1440
fold_2,last_21d,0.0,generator_all,6,90,0.06492988020181656,0.9350701197981834,16.08365249633789,23.57663917541504,1440
fold_2,last_21d,0.1,generator_all,6,90,0.06355106830596924,0.9364489316940308,15.748849868774414,23.07052993774414,1440
fold_2,last_21d,0.15,generator_all,6,90,0.06301914155483246,0.9369808584451675,15.624287605285645,22.838481903076172,1440
fold_2,last_21d,0.2,generator_all,6,90,0.06258426606655121,0.9374157339334488,15.525897979736328,22.62101936340332,1440
fold_2,last_21d,0.25,generator_all,6,90,0.06223725154995918,0.9377627484500408,15.450469017028809,22.418569564819336,1440
fold_2,last_21d,0.3,generator_all,6,90,0.061962615698575974,0.938037384301424,15.39405345916748,22.231542587280273,1440
fold_2,last_21d,0.35,generator_all,6,90,0.061763085424900055,0.9382369145751,15.358108520507812,22.060331344604492,1440
fold_2,last_21d,0.4,generator_all,6,90,0.06164265796542168,0.9383573420345783,15.342955589294434,21.905303955078125,1440
fold_2,last_21d,0.5,generator_all,6,90,0.06159595772624016,0.9384040422737598,15.363101959228516,21.645160675048828,1440
fold_2,last_21d,0.6,generator_all,6,90,0.06175258383154869,0.9382474161684513,15.435629844665527,21.453516006469727,1440
fold_2,last_21d,0.0,generator_all,7,105,0.07053548842668533,0.9294645115733147,17.456785202026367,25.309850692749023,1440
fold_2,last_21d,0.1,generator_all,7,105,0.06897810101509094,0.9310218989849091,17.075347900390625,24.725204467773438,1440
fold_2,last_21d,0.15,generator_all,7,105,0.06838494539260864,0.9316150546073914,16.936046600341797,24.455238342285156,1440
fold_2,last_21d,0.2,generator_all,7,105,0.06789769977331161,0.9321023002266884,16.824771881103516,24.200847625732422,1440
fold_2,last_21d,0.25,generator_all,7,105,0.0674879252910614,0.9325120747089386,16.73306655883789,23.962533950805664,1440
fold_2,last_21d,0.3,generator_all,7,105,0.06715305149555206,0.9328469485044479,16.66172981262207,23.74077606201172,1440
fold_2,last_21d,0.35,generator_all,7,105,0.06689023226499557,0.9331097677350044,16.609756469726562,23.53604507446289,1440
fold_2,last_21d,0.4,generator_all,7,105,0.06669870764017105,0.933301292359829,16.576261520385742,23.34878921508789,1440
fold_2,last_21d,0.5,generator_all,7,105,0.06652247160673141,0.9334775283932686,16.562467575073242,23.028362274169922,1440
fold_2,last_21d,0.6,generator_all,7,105,0.06648257374763489,0.9335174262523651,16.583677291870117,22.782516479492188,1440
fold_2,last_21d,0.0,generator_all,8,120,0.07541573792695999,0.92458426207304,18.646806716918945,26.726091384887695,1440
fold_2,last_21d,0.1,generator_all,8,120,0.07388532161712646,0.9261146783828735,18.272733688354492,26.097780227661133,1440
fold_2,last_21d,0.15,generator_all,8,120,0.07329364120960236,0.9267063587903976,18.133724212646484,25.807323455810547,1440
fold_2,last_21d,0.2,generator_all,8,120,0.07280295342206955,0.9271970465779305,18.021554946899414,25.533397674560547,1440
fold_2,last_21d,0.25,generator_all,8,120,0.07242271304130554,0.9275772869586945,17.93810272216797,25.276535034179688,1440
fold_2,last_21d,0.3,generator_all,8,120,0.07211421430110931,0.9278857856988907,17.873735427856445,25.037263870239258,1440
fold_2,last_21d,0.35,generator_all,8,120,0.07185982912778854,0.9281401708722115,17.823806762695312,24.81609344482422,1440
fold_2,last_21d,0.4,generator_all,8,120,0.07168945670127869,0.9283105432987213,17.795623779296875,24.613508224487305,1440
fold_2,last_21d,0.5,generator_all,8,120,0.07155217230319977,0.9284478276968002,17.79190444946289,24.265926361083984,1440
fold_2,last_21d,0.6,generator_all,8,120,0.07163466513156891,0.9283653348684311,17.842817306518555,23.997819900512695,1440
fold_2,last_35d,0.0,generator_1,1,15,0.034366410225629807,0.9656335897743702,1.4209353923797607,2.2386233806610107,1440
fold_2,last_35d,0.1,generator_1,1,15,0.034087635576725006,0.965912364423275,1.409349799156189,2.2269058227539062,1440
fold_2,last_35d,0.15,generator_1,1,15,0.03395693376660347,0.9660430662333965,1.4039305448532104,2.221414804458618,1440
fold_2,last_35d,0.2,generator_1,1,15,0.0338333323597908,0.9661666676402092,1.3988374471664429,2.2161712646484375,1440
fold_2,last_35d,0.25,generator_1,1,15,0.03371554613113403,0.966284453868866,1.3939975500106812,2.2111778259277344,1440
fold_2,last_35d,0.3,generator_1,1,15,0.033605530858039856,0.9663944691419601,1.389459252357483,2.206434965133667,1440
fold_2,last_35d,0.35,generator_1,1,15,0.033508703112602234,0.9664912968873978,1.3854414224624634,2.2019455432891846,1440
fold_2,last_35d,0.4,generator_1,1,15,0.033425793051719666,0.9665742069482803,1.3819522857666016,2.1977100372314453,1440
fold_2,last_35d,0.5,generator_1,1,15,0.03329067677259445,0.9667093232274055,1.376208782196045,2.1900081634521484,1440
fold_2,last_35d,0.6,generator_1,1,15,0.033189985901117325,0.9668100140988827,1.37190580368042,2.183340311050415,1440
fold_2,last_35d,0.0,generator_1,2,30,0.04905669018626213,0.9509433098137379,2.025379180908203,3.1833860874176025,1440
fold_2,last_35d,0.1,generator_1,2,30,0.048689037561416626,0.9513109624385834,2.0098164081573486,3.162505865097046,1440
fold_2,last_35d,0.15,generator_1,2,30,0.048521898686885834,0.9514781013131142,2.0027015209198,3.1528048515319824,1440
fold_2,last_35d,0.2,generator_1,2,30,0.04837217926979065,0.9516278207302094,1.9962217807769775,3.1436030864715576,1440
fold_2,last_35d,0.25,generator_1,2,30,0.048241741955280304,0.9517582580447197,1.9905784130096436,3.1349048614501953,1440
fold_2,last_35d,0.3,generator_1,2,30,0.048140980303287506,0.9518590196967125,1.9860895872116089,3.1267142295837402,1440
fold_2,last_35d,0.35,generator_1,2,30,0.04806764796376228,0.9519323520362377,1.9826222658157349,3.119035243988037,1440
fold_2,last_35d,0.4,generator_1,2,30,0.048006583005189896,0.9519934169948101,1.9796712398529053,3.1118717193603516,1440
fold_2,last_35d,0.5,generator_1,2,30,0.04793917387723923,0.9520608261227608,1.9761055707931519,3.0991055965423584,1440
fold_2,last_35d,0.6,generator_1,2,30,0.047939300537109375,0.9520606994628906,1.9754153490066528,3.0884408950805664,1440
fold_2,last_35d,0.0,generator_1,3,45,0.058899298310279846,0.9411007016897202,2.4220409393310547,3.8447861671447754,1440
fold_2,last_35d,0.1,generator_1,3,45,0.058442581444978714,0.9415574185550213,2.4031357765197754,3.8152294158935547,1440
fold_2,last_35d,0.15,generator_1,3,45,0.05824999138712883,0.9417500086128712,2.3951356410980225,3.801199436187744,1440
fold_2,last_35d,0.2,generator_1,3,45,0.05808864161372185,0.9419113583862782,2.388357639312744,3.787675619125366,1440
fold_2,last_35d,0.25,generator_1,3,45,0.057947125285863876,0.9420528747141361,2.3824100494384766,3.774663209915161,1440
fold_2,last_35d,0.3,generator_1,3,45,0.057831890881061554,0.9421681091189384,2.377669334411621,3.7621676921844482,1440
fold_2,last_35d,0.35,generator_1,3,45,0.05774519219994545,0.9422548078000546,2.3741369247436523,3.750194549560547,1440
fold_2,last_35d,0.4,generator_1,3,45,0.05768771842122078,0.9423122815787792,2.371748208999634,3.738748550415039,1440
fold_2,last_35d,0.5,generator_1,3,45,0.057625845074653625,0.9423741549253464,2.3691532611846924,3.717456817626953,1440
fold_2,last_35d,0.6,generator_1,3,45,0.05763567239046097,0.942364327609539,2.3695576190948486,3.6983299255371094,1440
fold_2,last_35d,0.0,generator_1,4,60,0.06910600513219833,0.9308939948678017,2.842660903930664,4.379054069519043,1440
fold_2,last_35d,0.1,generator_1,4,60,0.06858827918767929,0.9314117208123207,2.8220927715301514,4.340244770050049,1440
fold_2,last_35d,0.15,generator_1,4,60,0.06840896606445312,0.9315910339355469,2.81510066986084,4.322080135345459,1440
fold_2,last_35d,0.2,generator_1,4,60,0.06825811415910721,0.9317418858408928,2.809349536895752,4.304755687713623,1440
fold_2,last_35d,0.25,generator_1,4,60,0.06813787668943405,0.931862123310566,2.804914951324463,4.28828239440918,1440
fold_2,last_35d,0.3,generator_1,4,60,0.0680466964840889,0.9319533035159111,2.8016207218170166,4.272669315338135,1440
fold_2,last_35d,0.35,generator_1,4,60,0.06799504160881042,0.9320049583911896,2.799936056137085,4.257925987243652,1440
fold_2,last_35d,0.4,generator_1,4,60,0.06797276437282562,0.9320272356271744,2.7994210720062256,4.244062423706055,1440
fold_2,last_35d,0.5,generator_1,4,60,0.06802339851856232,0.9319766014814377,2.8022265434265137,4.219006061553955,1440
fold_2,last_35d,0.6,generator_1,4,60,0.0681711807847023,0.9318288192152977,2.809206247329712,4.197563648223877,1440
fold_2,last_35d,0.0,generator_1,5,75,0.07843227684497833,0.9215677231550217,3.2316243648529053,4.838404178619385,1440
fold_2,last_35d,0.1,generator_1,5,75,0.07777725160121918,0.9222227483987808,3.2054877281188965,4.787344455718994,1440
fold_2,last_35d,0.15,generator_1,5,75,0.07752605527639389,0.9224739447236061,3.195495367050171,4.7634196281433105,1440
fold_2,last_35d,0.2,generator_1,5,75,0.0773129016160965,0.9226870983839035,3.1871023178100586,4.740584850311279,1440
fold_2,last_35d,0.25,generator_1,5,75,0.07714643329381943,0.9228535667061806,3.180708169937134,4.71885871887207,1440
fold_2,last_35d,0.3,generator_1,5,75,0.07701127976179123,0.9229887202382088,3.1756069660186768,4.698254585266113,1440
fold_2,last_35d,0.35,generator_1,5,75,0.07692070305347443,0.9230792969465256,3.1722893714904785,4.678788185119629,1440
fold_2,last_35d,0.4,generator_1,5,75,0.0768689215183258,0.9231310784816742,3.170591115951538,4.660473823547363,1440
fold_2,last_35d,0.5,generator_1,5,75,0.07685048133134842,0.9231495186686516,3.1710808277130127,4.627353191375732,1440
fold_2,last_35d,0.6,generator_1,5,75,0.07695368677377701,0.923046313226223,3.176894187927246,4.59899377822876,1440
fold_2,last_35d,0.0,generator_1,6,90,0.08647526800632477,0.9135247319936752,3.5643534660339355,5.230025768280029,1440
fold_2,last_35d,0.1,generator_1,6,90,0.08563174307346344,0.9143682569265366,3.5280520915985107,5.172415256500244,1440
fold_2,last_35d,0.15,generator_1,6,90,0.08531656116247177,0.9146834388375282,3.5142741203308105,5.145506381988525,1440
fold_2,last_35d,0.2,generator_1,6,90,0.08505743741989136,0.9149425625801086,3.502793073654175,5.119888782501221,1440
fold_2,last_35d,0.25,generator_1,6,90,0.08484182506799698,0.915158174932003,3.493114471435547,5.0955810546875,1440
fold_2,last_35d,0.3,generator_1,6,90,0.08465481549501419,0.9153451845049858,3.4847209453582764,5.072603225708008,1440
fold_2,last_35d,0.35,generator_1,6,90,0.08451477438211441,0.9154852256178856,3.4781994819641113,5.050972938537598,1440
fold_2,last_35d,0.4,generator_1,6,90,0.08442800492048264,0.9155719950795174,3.473792791366577,5.030706882476807,1440
fold_2,last_35d,0.5,generator_1,6,90,0.08440368622541428,0.9155963137745857,3.471153736114502,4.994336128234863,1440
fold_2,last_35d,0.6,generator_1,6,90,0.0845659151673317,0.9154340848326683,3.476055145263672,4.963610649108887,1440
fold_2,last_35d,0.0,generator_1,7,105,0.09424041956663132,0.9057595804333687,3.8819611072540283,5.565253734588623,1440
fold_2,last_35d,0.1,generator_1,7,105,0.09338599443435669,0.9066140055656433,3.843773126602173,5.50078010559082,1440
fold_2,last_35d,0.15,generator_1,7,105,0.0930665135383606,0.9069334864616394,3.829063892364502,5.4710540771484375,1440
fold_2,last_35d,0.2,generator_1,7,105,0.09281542897224426,0.9071845710277557,3.8173251152038574,5.4430389404296875,1440
fold_2,last_35d,0.25,generator_1,7,105,0.09264303743839264,0.9073569625616074,3.808917284011841,5.416760444641113,1440
fold_2,last_35d,0.3,generator_1,7,105,0.09251496940851212,0.9074850305914879,3.802510976791382,5.392245292663574,1440
fold_2,last_35d,0.35,generator_1,7,105,0.09244778007268906,0.9075522199273109,3.798628091812134,5.369516849517822,1440
fold_2,last_35d,0.4,generator_1,7,105,0.09242483973503113,0.9075751602649689,3.796527862548828,5.348598480224609,1440
fold_2,last_35d,0.5,generator_1,7,105,0.09253536909818649,0.9074646309018135,3.7987797260284424,5.312273979187012,1440
fold_2,last_35d,0.6,generator_1,7,105,0.09283379465341568,0.9071662053465843,3.808769702911377,5.283422946929932,1440
fold_2,last_35d,0.0,generator_1,8,120,0.10060849785804749,0.8993915021419525,4.1388325691223145,5.8719587326049805,1440
fold_2,last_35d,0.1,generator_1,8,120,0.09953916072845459,0.9004608392715454,4.092089653015137,5.796982765197754,1440
fold_2,last_35d,0.15,generator_1,8,120,0.09911353886127472,0.9008864611387253,4.073330402374268,5.7621684074401855,1440
fold_2,last_35d,0.2,generator_1,8,120,0.09876039624214172,0.9012396037578583,4.057575225830078,5.729179859161377,1440
fold_2,last_35d,0.25,generator_1,8,120,0.09845773130655289,0.9015422686934471,4.043946743011475,5.6980485916137695,1440
fold_2,last_35d,0.3,generator_1,8,120,0.09826915711164474,0.9017308428883553,4.035069942474365,5.668806076049805,1440
fold_2,last_35d,0.35,generator_1,8,120,0.09815595299005508,0.9018440470099449,4.029285907745361,5.641480922698975,1440
fold_2,last_35d,0.4,generator_1,8,120,0.09809009730815887,0.9019099026918411,4.025486469268799,5.6161017417907715,1440
fold_2,last_35d,0.5,generator_1,8,120,0.09812791645526886,0.9018720835447311,4.025069713592529,5.571284770965576,1440
fold_2,last_35d,0.6,generator_1,8,120,0.09833795577287674,0.9016620442271233,4.0317864418029785,5.534546852111816,1440
fold_2,last_35d,0.0,generator_all,1,15,0.018177062273025513,0.9818229377269745,4.562544822692871,7.207852363586426,1440
fold_2,last_35d,0.1,generator_all,1,15,0.017777327448129654,0.9822226725518703,4.465651035308838,7.06036376953125,1440
fold_2,last_35d,0.15,generator_all,1,15,0.017598086968064308,0.9824019130319357,4.4220404624938965,6.990222930908203,1440
fold_2,last_35d,0.2,generator_all,1,15,0.01743428222835064,0.9825657177716494,4.3818206787109375,6.922583103179932,1440
fold_2,last_35d,0.25,generator_all,1,15,0.01728520169854164,0.9827147983014584,4.345128536224365,6.857516288757324,1440
fold_2,last_35d,0.3,generator_all,1,15,0.017143413424491882,0.9828565865755081,4.310207366943359,6.795098304748535,1440
fold_2,last_35d,0.35,generator_all,1,15,0.017011567950248718,0.9829884320497513,4.277790069580078,6.7354021072387695,1440
fold_2,last_35d,0.4,generator_all,1,15,0.016891933977603912,0.9831080660223961,4.248395919799805,6.678500652313232,1440
fold_2,last_35d,0.5,generator_all,1,15,0.016688454896211624,0.9833115451037884,4.198733329772949,6.573368549346924,1440
fold_2,last_35d,0.6,generator_all,1,15,0.016545429825782776,0.9834545701742172,4.164064407348633,6.480260848999023,1440
fold_2,last_35d,0.0,generator_all,2,30,0.030040554702281952,0.969959445297718,7.469775199890137,11.87929630279541,1440
fold_2,last_35d,0.1,generator_all,2,30,0.029315609484910965,0.970684390515089,7.2941460609436035,11.629205703735352,1440
fold_2,last_35d,0.15,generator_all,2,30,0.0290127694606781,0.9709872305393219,7.221067905426025,11.51158618927002,1440
fold_2,last_35d,0.2,generator_all,2,30,0.028748322278261185,0.9712516777217388,7.157370567321777,11.399124145507812,1440
fold_2,last_35d,0.25,generator_all,2,30,0.028508098796010017,0.97149190120399,7.099390983581543,11.291973114013672,1440
fold_2,last_35d,0.3,generator_all,2,30,0.02828221023082733,0.9717177897691727,7.044865131378174,11.190285682678223,1440
fold_2,last_35d,0.35,generator_all,2,30,0.02808159403502941,0.9719184059649706,6.9968695640563965,11.094212532043457,1440
fold_2,last_35d,0.4,generator_all,2,30,0.027905840426683426,0.9720941595733166,6.955279350280762,11.003900527954102,1440
fold_2,last_35d,0.5,generator_all,2,30,0.02763018012046814,0.9723698198795319,6.891803741455078,10.841126441955566,1440
fold_2,last_35d,0.6,generator_all,2,30,0.027444979175925255,0.9725550208240747,6.850991249084473,10.703039169311523,1440
fold_2,last_35d,0.0,generator_all,3,45,0.040090568363666534,0.9599094316363335,9.94885540008545,15.638508796691895,1440
fold_2,last_35d,0.1,generator_all,3,45,0.03909042850136757,0.9609095714986324,9.705795288085938,15.291812896728516,1440
fold_2,last_35d,0.15,generator_all,3,45,0.03866332769393921,0.9613366723060608,9.601789474487305,15.128856658935547,1440
fold_2,last_35d,0.2,generator_all,3,45,0.03827950730919838,0.9617204926908016,9.508833885192871,14.973132133483887,1440
fold_2,last_35d,0.25,generator_all,3,45,0.03793124109506607,0.9620687589049339,9.425226211547852,14.824867248535156,1440
fold_2,last_35d,0.3,generator_all,3,45,0.03761506453156471,0.9623849354684353,9.34972095489502,14.684290885925293,1440
fold_2,last_35d,0.35,generator_all,3,45,0.037340205162763596,0.9626597948372364,9.284674644470215,14.551620483398438,1440
fold_2,last_35d,0.4,generator_all,3,45,0.03711172565817833,0.9628882743418217,9.231568336486816,14.427079200744629,1440
fold_2,last_35d,0.5,generator_all,3,45,0.0367528535425663,0.9632471464574337,9.150459289550781,14.203215599060059,1440
fold_2,last_35d,0.6,generator_all,3,45,0.03653866797685623,0.9634613320231438,9.105355262756348,14.014301300048828,1440
fold_2,last_35d,0.0,generator_all,4,60,0.04936646297574043,0.9506335370242596,12.233983993530273,18.815034866333008,1440
fold_2,last_35d,0.1,generator_all,4,60,0.048107296228408813,0.9518927037715912,11.924287796020508,18.406631469726562,1440
fold_2,last_35d,0.15,generator_all,4,60,0.04756636172533035,0.9524336382746696,11.792305946350098,18.215124130249023,1440
fold_2,last_35d,0.2,generator_all,4,60,0.04708215966820717,0.9529178403317928,11.674988746643066,18.032447814941406,1440
fold_2,last_35d,0.25,generator_all,4,60,0.04667508229613304,0.953324917703867,11.577369689941406,17.858867645263672,1440
fold_2,last_35d,0.3,generator_all,4,60,0.04632096737623215,0.9536790326237679,11.493308067321777,17.694656372070312,1440
fold_2,last_35d,0.35,generator_all,4,60,0.04603169858455658,0.9539683014154434,11.42579460144043,17.54007339477539,1440
fold_2,last_35d,0.4,generator_all,4,60,0.04579392448067665,0.9542060755193233,11.371171951293945,17.39537811279297,1440
fold_2,last_35d,0.5,generator_all,4,60,0.04544150084257126,0.9545584991574287,11.293081283569336,17.13663101196289,1440
fold_2,last_35d,0.6,generator_all,4,60,0.04525909572839737,0.9547409042716026,11.258615493774414,16.92027473449707,1440
fold_2,last_35d,0.0,generator_all,5,75,0.05768168717622757,0.9423183128237724,14.289566993713379,21.462692260742188,1440
fold_2,last_35d,0.1,generator_all,5,75,0.05636987090110779,0.9436301290988922,13.965662002563477,20.991182327270508,1440
fold_2,last_35d,0.15,generator_all,5,75,0.055810555815696716,0.9441894441843033,13.829142570495605,20.770732879638672,1440
fold_2,last_35d,0.2,generator_all,5,75,0.055312033742666245,0.9446879662573338,13.708501815795898,20.560928344726562,1440
fold_2,last_35d,0.25,generator_all,5,75,0.054870590567588806,0.9451294094324112,13.602879524230957,20.362096786499023,1440
fold_2,last_35d,0.3,generator_all,5,75,0.05447588115930557,0.9455241188406944,13.509771347045898,20.1745662689209,1440
fold_2,last_35d,0.35,generator_all,5,75,0.054137103259563446,0.9458628967404366,13.431160926818848,19.998653411865234,1440
fold_2,last_35d,0.4,generator_all,5,75,0.05386755242943764,0.9461324475705624,13.369707107543945,19.83466339111328,1440
fold_2,last_35d,0.5,generator_all,5,75,0.05345818027853966,0.9465418197214603,13.280163764953613,19.543642044067383,1440
fold_2,last_35d,0.6,generator_all,5,75,0.05323211848735809,0.9467678815126419,13.237908363342285,19.303714752197266,1440
fold_2,last_35d,0.0,generator_all,6,90,0.06492988020181656,0.9350701197981834,16.08365249633789,23.57663917541504,1440
fold_2,last_35d,0.1,generator_all,6,90,0.06347143650054932,0.9365285634994507,15.720301628112793,23.05199432373047,1440
fold_2,last_35d,0.15,generator_all,6,90,0.06283362209796906,0.937166377902031,15.56295394897461,22.80540657043457,1440
fold_2,last_35d,0.2,generator_all,6,90,0.06227266043424606,0.9377273395657539,15.425518035888672,22.56977653503418,1440
fold_2,last_35d,0.25,generator_all,6,90,0.06177561730146408,0.9382243826985359,15.305194854736328,22.34544563293457,1440
fold_2,last_35d,0.3,generator_all,6,90,0.0613221600651741,0.9386778399348259,15.196203231811523,22.13275909423828,1440
fold_2,last_35d,0.35,generator_all,6,90,0.06093386933207512,0.9390661306679249,15.103336334228516,21.932058334350586,1440
fold_2,last_35d,0.4,generator_all,6,90,0.060591649264097214,0.9394083507359028,15.021998405456543,21.74367332458496,1440
fold_2,last_35d,0.5,generator_all,6,90,0.06005874276161194,0.9399412572383881,14.897740364074707,21.40512466430664,1440
fold_2,last_35d,0.6,generator_all,6,90,0.05967457965016365,0.9403254203498363,14.81155014038086,21.119550704956055,1440
fold_2,last_35d,0.0,generator_all,7,105,0.07053548842668533,0.9294645115733147,17.456785202026367,25.309850692749023,1440
fold_2,last_35d,0.1,generator_all,7,105,0.06899774074554443,0.9310022592544556,17.072723388671875,24.726078033447266,1440
fold_2,last_35d,0.15,generator_all,7,105,0.06835801154375076,0.9316419884562492,16.91617202758789,24.45235252380371,1440
fold_2,last_35d,0.2,generator_all,7,105,0.06778945028781891,0.9322105497121811,16.77947998046875,24.1912841796875,1440
fold_2,last_35d,0.25,generator_all,7,105,0.06729220598936081,0.9327077940106392,16.66153907775879,23.943288803100586,1440
fold_2,last_35d,0.3,generator_all,7,105,0.06687414646148682,0.9331258535385132,16.56380844116211,23.708778381347656,1440
fold_2,last_35d,0.35,generator_all,7,105,0.06652413308620453,0.9334758669137955,16.482912063598633,23.488155364990234,1440
fold_2,last_35d,0.4,generator_all,7,105,0.06621887534856796,0.933781124651432,16.41363525390625,23.281814575195312,1440
fold_2,last_35d,0.5,generator_all,7,105,0.06574791669845581,0.9342520833015442,16.310020446777344,22.913497924804688,1440
fold_2,last_35d,0.6,generator_all,7,105,0.06538983434438705,0.934610165655613,16.23486328125,22.606693267822266,1440
fold_2,last_35d,0.0,generator_all,8,120,0.07541573792695999,0.92458426207304,18.646806716918945,26.726091384887695,1440
fold_2,last_35d,0.1,generator_all,8,120,0.07382801920175552,0.9261719807982445,18.25644302368164,26.076030731201172,1440
fold_2,last_35d,0.15,generator_all,8,120,0.0731860026717186,0.9268139973282814,18.103315353393555,25.772016525268555,1440
fold_2,last_35d,0.2,generator_all,8,120,0.07259812206029892,0.9274018779397011,17.965423583984375,25.482688903808594,1440
fold_2,last_35d,0.25,generator_all,8,120,0.07208408415317535,0.9279159158468246,17.847232818603516,25.208553314208984,1440
fold_2,last_35d,0.3,generator_all,8,120,0.07165469229221344,0.9283453077077866,17.750627517700195,24.95011329650879,1440
fold_2,last_35d,0.35,generator_all,8,120,0.07130621373653412,0.9286937862634659,17.674205780029297,24.707857131958008,1440
fold_2,last_35d,0.4,generator_all,8,120,0.07101091742515564,0.9289890825748444,17.61170768737793,24.482269287109375,1440
fold_2,last_35d,0.5,generator_all,8,120,0.07055358588695526,0.9294464141130447,17.520544052124023,24.082927703857422,1440
fold_2,last_35d,0.6,generator_all,8,120,0.07026776671409607,0.9297322332859039,17.473119735717773,23.755544662475586,1440
fold_2,last_49d,0.0,generator_1,1,15,0.034366410225629807,0.9656335897743702,1.4209353923797607,2.2386233806610107,1440
fold_2,last_49d,0.1,generator_1,1,15,0.034079015254974365,0.9659209847450256,1.4090673923492432,2.2270100116729736,1440
fold_2,last_49d,0.15,generator_1,1,15,0.0339449979364872,0.9660550020635128,1.4035660028457642,2.2216498851776123,1440
fold_2,last_49d,0.2,generator_1,1,15,0.0338188074529171,0.9661811925470829,1.3984211683273315,2.21658992767334,1440
fold_2,last_49d,0.25,generator_1,1,15,0.033701229840517044,0.966298770159483,1.3936296701431274,2.2118327617645264,1440
fold_2,last_49d,0.3,generator_1,1,15,0.03360168635845184,0.9663983136415482,1.389525294303894,2.2073802947998047,1440
fold_2,last_49d,0.35,generator_1,1,15,0.033515963703393936,0.9664840362966061,1.3859975337982178,2.2032341957092285,1440
fold_2,last_49d,0.4,generator_1,1,15,0.03344106301665306,0.9665589369833469,1.3829115629196167,2.1993958950042725,1440
fold_2,last_49d,0.5,generator_1,1,15,0.03333074226975441,0.9666692577302456,1.3784263134002686,2.192650556564331,1440
fold_2,last_49d,0.6,generator_1,1,15,0.03326881676912308,0.9667311832308769,1.3759676218032837,2.187155246734619,1440
fold_2,last_49d,0.0,generator_1,2,30,0.04905669018626213,0.9509433098137379,2.025379180908203,3.1833860874176025,1440
fold_2,last_49d,0.1,generator_1,2,30,0.04869683459401131,0.9513031654059887,2.0103814601898193,3.165442943572998,1440
fold_2,last_49d,0.15,generator_1,2,30,0.04853009805083275,0.9514699019491673,2.003419876098633,3.1570560932159424,1440
fold_2,last_49d,0.2,generator_1,2,30,0.0483790822327137,0.9516209177672863,1.9970622062683105,3.1490638256073,1440
fold_2,last_49d,0.25,generator_1,2,30,0.048238880932331085,0.9517611190676689,1.991142749786377,3.1414685249328613,1440
fold_2,last_49d,0.3,generator_1,2,30,0.04811898246407509,0.9518810175359249,1.9860341548919678,3.1342732906341553,1440
fold_2,last_49d,0.35,generator_1,2,30,0.04802094027400017,0.9519790597259998,1.9817878007888794,3.12748122215271,1440
fold_2,last_49d,0.4,generator_1,2,30,0.047937698662281036,0.952062301337719,1.9781341552734375,3.1210944652557373,1440
fold_2,last_49d,0.5,generator_1,2,30,0.047821469604969025,0.952178530395031,1.9727418422698975,3.1095471382141113,1440
fold_2,last_49d,0.6,generator_1,2,30,0.04777022451162338,0.9522297754883766,1.9699751138687134,3.0996501445770264,1440
fold_2,last_49d,0.0,generator_1,3,45,0.058899298310279846,0.9411007016897202,2.4220409393310547,3.8447861671447754,1440
fold_2,last_49d,0.1,generator_1,3,45,0.058461591601371765,0.9415384083986282,2.4037675857543945,3.8166916370391846,1440
fold_2,last_49d,0.15,generator_1,3,45,0.05829179659485817,0.9417082034051418,2.396538019180298,3.8034780025482178,1440
fold_2,last_49d,0.2,generator_1,3,45,0.05815678834915161,0.9418432116508484,2.3907155990600586,3.790827989578247,1440
fold_2,last_49d,0.25,generator_1,3,45,0.05804648995399475,0.9419535100460052,2.385920286178589,3.778747320175171,1440
fold_2,last_49d,0.3,generator_1,3,45,0.0579630546271801,0.9420369453728199,2.3822360038757324,3.7672410011291504,1440
fold_2,last_49d,0.35,generator_1,3,45,0.05790449306368828,0.9420955069363117,2.379499912261963,3.756314992904663,1440
fold_2,last_49d,0.4,generator_1,3,45,0.05787914991378784,0.9421208500862122,2.3780667781829834,3.745973825454712,1440
fold_2,last_49d,0.5,generator_1,3,45,0.05790438503026962,0.9420956149697304,2.3781981468200684,3.7270662784576416,1440
fold_2,last_49d,0.6,generator_1,3,45,0.05805639550089836,0.9419436044991016,2.3832876682281494,3.7105541229248047,1440
fold_2,last_49d,0.0,generator_1,4,60,0.06910600513219833,0.9308939948678017,2.842660903930664,4.379054069519043,1440
fold_2,last_49d,0.1,generator_1,4,60,0.06857826560735703,0.931421734392643,2.822283983230591,4.340250492095947,1440
fold_2,last_49d,0.15,generator_1,4,60,0.06839558482170105,0.931604415178299,2.8155908584594727,4.322256565093994,1440
fold_2,last_49d,0.2,generator_1,4,60,0.0682656317949295,0.9317343682050705,2.8111541271209717,4.305216312408447,1440
fold_2,last_49d,0.25,generator_1,4,60,0.06816335022449493,0.9318366497755051,2.807918071746826,4.289141654968262,1440
fold_2,last_49d,0.3,generator_1,4,60,0.0681065246462822,0.9318934753537178,2.8067514896392822,4.274043560028076,1440
fold_2,last_49d,0.35,generator_1,4,60,0.06808222085237503,0.931917779147625,2.806889057159424,4.259931564331055,1440
fold_2,last_49d,0.4,generator_1,4,60,0.06808976083993912,0.9319102391600609,2.8082571029663086,4.246817111968994,1440
fold_2,last_49d,0.5,generator_1,4,60,0.06821127235889435,0.9317887276411057,2.815718650817871,4.223613262176514,1440
fold_2,last_49d,0.6,generator_1,4,60,0.06845027953386307,0.9315497204661369,2.8282227516174316,4.204498291015625,1440
fold_2,last_49d,0.0,generator_1,5,75,0.07843227684497833,0.9215677231550217,3.2316243648529053,4.838404178619385,1440
fold_2,last_49d,0.1,generator_1,5,75,0.07783298939466476,0.9221670106053352,3.20752215385437,4.789748668670654,1440
fold_2,last_49d,0.15,generator_1,5,75,0.07761272042989731,0.9223872795701027,3.1987130641937256,4.767014026641846,1440
fold_2,last_49d,0.2,generator_1,5,75,0.0774311050772667,0.9225688949227333,3.1914706230163574,4.745361804962158,1440
fold_2,last_49d,0.25,generator_1,5,75,0.07729709148406982,0.9227029085159302,3.186296224594116,4.724806785583496,1440
fold_2,last_49d,0.3,generator_1,5,75,0.07720138877630234,0.9227986112236977,3.1826932430267334,4.705364227294922,1440
fold_2,last_49d,0.35,generator_1,5,75,0.07714789360761642,0.9228521063923836,3.18082332611084,4.687047004699707,1440
fold_2,last_49d,0.4,generator_1,5,75,0.07713310420513153,0.9228668957948685,3.18060564994812,4.669868469238281,1440
fold_2,last_49d,0.5,generator_1,5,75,0.07720903307199478,0.9227909669280052,3.1845903396606445,4.638978481292725,1440
fold_2,last_49d,0.6,generator_1,5,75,0.0774214118719101,0.9225785881280899,3.194255828857422,4.612786293029785,1440
fold_2,last_49d,0.0,generator_1,6,90,0.08647526800632477,0.9135247319936752,3.5643534660339355,5.230025768280029,1440
fold_2,last_49d,0.1,generator_1,6,90,0.08566708862781525,0.9143329113721848,3.5297818183898926,5.17310094833374,1440
fold_2,last_49d,0.15,generator_1,6,90,0.08537738770246506,0.9146226122975349,3.5172884464263916,5.146688461303711,1440
fold_2,last_49d,0.2,generator_1,6,90,0.08513471484184265,0.9148652851581573,3.5067436695098877,5.121670246124268,1440
fold_2,last_49d,0.25,generator_1,6,90,0.08497095853090286,0.9150290414690971,3.4994194507598877,5.098067760467529,1440
fold_2,last_49d,0.3,generator_1,6,90,0.08484748005867004,0.91515251994133,3.4936981201171875,5.075900554656982,1440
fold_2,last_49d,0.35,generator_1,6,90,0.08477826416492462,0.9152217358350754,3.49014949798584,5.055186748504639,1440
fold_2,last_49d,0.4,generator_1,6,90,0.08477079123258591,0.9152292087674141,3.4890825748443604,5.035945892333984,1440
fold_2,last_49d,0.5,generator_1,6,90,0.08493833243846893,0.9150616675615311,3.4946703910827637,5.001945972442627,1440
fold_2,last_49d,0.6,generator_1,6,90,0.08528213202953339,0.9147178679704666,3.507636785507202,4.97402286529541,1440
fold_2,last_49d,0.0,generator_1,7,105,0.09424041956663132,0.9057595804333687,3.8819611072540283,5.565253734588623,1440
fold_2,last_49d,0.1,generator_1,7,105,0.09352633357048035,0.9064736664295197,3.848294496536255,5.5040483474731445,1440
fold_2,last_49d,0.15,generator_1,7,105,0.09328269213438034,0.9067173078656197,3.836148977279663,5.476330280303955,1440
fold_2,last_49d,0.2,generator_1,7,105,0.09314066916704178,0.9068593308329582,3.828364372253418,5.450575351715088,1440
fold_2,last_49d,0.25,generator_1,7,105,0.09308312833309174,0.9069168716669083,3.8241727352142334,5.426811695098877,1440
fold_2,last_49d,0.3,generator_1,7,105,0.093103788793087,0.906896211206913,3.823267698287964,5.405064582824707,1440
fold_2,last_49d,0.35,generator_1,7,105,0.09317775070667267,0.9068222492933273,3.824613332748413,5.385359764099121,1440
fold_2,last_49d,0.4,generator_1,7,105,0.09330829977989197,0.906691700220108,3.8283627033233643,5.367718696594238,1440
fold_2,last_49d,0.5,generator_1,7,105,0.09373785555362701,0.906262144446373,3.8428955078125,5.338708877563477,1440
fold_2,last_49d,0.6,generator_1,7,105,0.09435486048460007,0.9056451395153999,3.865201234817505,5.318171977996826,1440
fold_2,last_49d,0.0,generator_1,8,120,0.10060849785804749,0.8993915021419525,4.1388325691223145,5.8719587326049805,1440
fold_2,last_49d,0.1,generator_1,8,120,0.09978972375392914,0.9002102762460709,4.1016669273376465,5.805826663970947,1440
fold_2,last_49d,0.15,generator_1,8,120,0.09949756413698196,0.900502435863018,4.088016986846924,5.775526523590088,1440
fold_2,last_49d,0.2,generator_1,8,120,0.09928542375564575,0.9007145762443542,4.077539443969727,5.747109413146973,1440
fold_2,last_49d,0.25,generator_1,8,120,0.0991460382938385,0.9008539617061615,4.0701985359191895,5.720603942871094,1440
fold_2,last_49d,0.3,generator_1,8,120,0.09908678382635117,0.9009132161736488,4.066415309906006,5.696036338806152,1440
fold_2,last_49d,0.35,generator_1,8,120,0.0991060882806778,0.9008939117193222,4.065827369689941,5.673431873321533,1440
fold_2,last_49d,0.4,generator_1,8,120,0.09921229630708694,0.900787703692913,4.06888484954834,5.652814865112305,1440
fold_2,last_49d,0.5,generator_1,8,120,0.09962980449199677,0.9003701955080032,4.0836501121521,5.6176252365112305,1440
fold_2,last_49d,0.6,generator_1,8,120,0.10018953680992126,0.8998104631900787,4.104266166687012,5.590620517730713,1440
fold_2,last_49d,0.0,generator_all,1,15,0.018177062273025513,0.9818229377269745,4.562544822692871,7.207852363586426,1440
fold_2,last_49d,0.1,generator_all,1,15,0.01776222512125969,0.9822377748787403,4.462505340576172,7.053823471069336,1440
fold_2,last_49d,0.15,generator_all,1,15,0.01757819764316082,0.9824218023568392,4.417829513549805,6.98070764541626,1440
fold_2,last_49d,0.2,generator_all,1,15,0.017411723732948303,0.9825882762670517,4.377155303955078,6.91030216217041,1440
fold_2,last_49d,0.25,generator_all,1,15,0.017257293686270714,0.9827427063137293,4.339269638061523,6.842690944671631,1440
fold_2,last_49d,0.3,generator_all,1,15,0.017118332907557487,0.9828816670924425,4.305213928222656,6.777957916259766,1440
fold_2,last_49d,0.35,generator_all,1,15,0.01698988303542137,0.9830101169645786,4.2738118171691895,6.716183662414551,1440
fold_2,last_49d,0.4,generator_all,1,15,0.016872161999344826,0.9831278380006552,4.245137691497803,6.657454490661621,1440
fold_2,last_49d,0.5,generator_all,1,15,0.016674987971782684,0.9833250120282173,4.197499752044678,6.5494465827941895,1440
fold_2,last_49d,0.6,generator_all,1,15,0.01653081364929676,0.9834691863507032,4.162896156311035,6.454561710357666,1440
fold_2,last_49d,0.0,generator_all,2,30,0.030040554702281952,0.969959445297718,7.469775199890137,11.87929630279541,1440
fold_2,last_49d,0.1,generator_all,2,30,0.029324181377887726,0.9706758186221123,7.297183036804199,11.628500938415527,1440
fold_2,last_49d,0.15,generator_all,2,30,0.02901584841310978,0.9709841515868902,7.223515033721924,11.51054859161377,1440
fold_2,last_49d,0.2,generator_all,2,30,0.02874833531677723,0.9712516646832228,7.159600734710693,11.397769927978516,1440
fold_2,last_49d,0.25,generator_all,2,30,0.028506655246019363,0.9714933447539806,7.101880073547363,11.29031753540039,1440
fold_2,last_49d,0.3,generator_all,2,30,0.028288068249821663,0.9717119317501783,7.050045967102051,11.188344955444336,1440
fold_2,last_49d,0.35,generator_all,2,30,0.028094729408621788,0.9719052705913782,7.004545211791992,11.092004776000977,1440
fold_2,last_49d,0.4,generator_all,2,30,0.027924124151468277,0.9720758758485317,6.965096473693848,11.001443862915039,1440
fold_2,last_49d,0.5,generator_all,2,30,0.02763945609331131,0.9723605439066887,6.901034355163574,10.838231086730957,1440
fold_2,last_49d,0.6,generator_all,2,30,0.0274499524384737,0.9725500475615263,6.861284255981445,10.699790954589844,1440
fold_2,last_49d,0.0,generator_all,3,45,0.040090568363666534,0.9599094316363335,9.94885540008545,15.638508796691895,1440
fold_2,last_49d,0.1,generator_all,3,45,0.03910618647933006,0.9608938135206699,9.71054458618164,15.296568870544434,1440
fold_2,last_49d,0.15,generator_all,3,45,0.03867628425359726,0.9613237157464027,9.606656074523926,15.135090827941895,1440
fold_2,last_49d,0.2,generator_all,3,45,0.03829852119088173,0.9617014788091183,9.516056060791016,14.980216026306152,1440
fold_2,last_49d,0.25,generator_all,3,45,0.037952449172735214,0.9620475508272648,9.433680534362793,14.832151412963867,1440
fold_2,last_49d,0.3,generator_all,3,45,0.037635136395692825,0.9623648636043072,9.358726501464844,14.691102027893066,1440
fold_2,last_49d,0.35,generator_all,3,45,0.037351980805397034,0.962648019194603,9.29247760772705,14.557273864746094,1440
fold_2,last_49d,0.4,generator_all,3,45,0.0371079295873642,0.9628920704126358,9.23658275604248,14.430866241455078,1440
fold_2,last_49d,0.5,generator_all,3,45,0.03671207278966904,0.963287927210331,9.14897346496582,14.201094627380371,1440
fold_2,last_49d,0.6,generator_all,3,45,0.03644544258713722,0.9635545574128628,9.094141006469727,14.003289222717285,1440
fold_2,last_49d,0.0,generator_all,4,60,0.04936646297574043,0.9506335370242596,12.233983993530273,18.815034866333008,1440
fold_2,last_49d,0.1,generator_all,4,60,0.04816538095474243,0.9518346190452576,11.943048477172852,18.434368133544922,1440
fold_2,last_49d,0.15,generator_all,4,60,0.0476553700864315,0.9523446299135685,11.821243286132812,18.25525665283203,1440
fold_2,last_49d,0.2,generator_all,4,60,0.047204382717609406,0.9527956172823906,11.71484375,18.083925247192383,1440
fold_2,last_49d,0.25,generator_all,4,60,0.04680248722434044,0.9531975127756596,11.621350288391113,17.920595169067383,1440
fold_2,last_49d,0.3,generator_all,4,60,0.04646077752113342,0.9535392224788666,11.543213844299316,17.765491485595703,1440
fold_2,last_49d,0.35,generator_all,4,60,0.04618215560913086,0.9538178443908691,11.480716705322266,17.61882781982422,1440
fold_2,last_49d,0.4,generator_all,4,60,0.045957185328006744,0.9540428146719933,11.431967735290527,17.480817794799805,1440
fold_2,last_49d,0.5,generator_all,4,60,0.04558498412370682,0.9544150158762932,11.354996681213379,17.231576919555664,1440
fold_2,last_49d,0.6,generator_all,4,60,0.04533164203166962,0.9546683579683304,11.308703422546387,17.01932716369629,1440
fold_2,last_49d,0.0,generator_all,5,75,0.05768168717622757,0.9423183128237724,14.289566993713379,21.462692260742188,1440
fold_2,last_49d,0.1,generator_all,5,75,0.05640367791056633,0.9435963220894337,13.977985382080078,21.020492553710938,1440
fold_2,last_49d,0.15,generator_all,5,75,0.05583800747990608,0.9441619925200939,13.841683387756348,20.812156677246094,1440
fold_2,last_49d,0.2,generator_all,5,75,0.055326174944639206,0.9446738250553608,13.719574928283691,20.61267852783203,1440
fold_2,last_49d,0.25,generator_all,5,75,0.05486446991562843,0.9451355300843716,13.61094856262207,20.422317504882812,1440
fold_2,last_49d,0.3,generator_all,5,75,0.05447090044617653,0.9455290995538235,13.52051067352295,20.24132537841797,1440
fold_2,last_49d,0.35,generator_all,5,75,0.0541272796690464,0.9458727203309536,13.443268775939941,20.069965362548828,1440
fold_2,last_49d,0.4,generator_all,5,75,0.05383919179439545,0.9461608082056046,13.38052749633789,19.908479690551758,1440
fold_2,last_49d,0.5,generator_all,5,75,0.053388021886348724,0.9466119781136513,13.28775405883789,19.61609649658203,1440
fold_2,last_49d,0.6,generator_all,5,75,0.05311620980501175,0.9468837901949883,13.240771293640137,19.366008758544922,1440
fold_2,last_49d,0.0,generator_all,6,90,0.06492988020181656,0.9350701197981834,16.08365249633789,23.57663917541504,1440
fold_2,last_49d,0.1,generator_all,6,90,0.06349623203277588,0.9365037679672241,15.734153747558594,23.076923370361328,1440
fold_2,last_49d,0.15,generator_all,6,90,0.06289297342300415,0.9371070265769958,15.590495109558105,22.840938568115234,1440
fold_2,last_49d,0.2,generator_all,6,90,0.06235457584261894,0.9376454241573811,15.463876724243164,22.61458969116211,1440
fold_2,last_49d,0.25,generator_all,6,90,0.06187662482261658,0.9381233751773834,15.35340404510498,22.398170471191406,1440
fold_2,last_49d,0.3,generator_all,6,90,0.06145869195461273,0.9385413080453873,15.259088516235352,22.191970825195312,1440
fold_2,last_49d,0.35,generator_all,6,90,0.06111082434654236,0.9388891756534576,15.182488441467285,21.996278762817383,1440
fold_2,last_49d,0.4,generator_all,6,90,0.06081037595868111,0.9391896240413189,15.11841106414795,21.811378479003906,1440
fold_2,last_49d,0.5,generator_all,6,90,0.0603700652718544,0.9396299347281456,15.032869338989258,21.47504234313965,1440
fold_2,last_49d,0.6,generator_all,6,90,0.060065560042858124,0.9399344399571419,14.982279777526855,21.185075759887695,1440
fold_2,last_49d,0.0,generator_all,7,105,0.07053548842668533,0.9294645115733147,17.456785202026367,25.309850692749023,1440
fold_2,last_49d,0.1,generator_all,7,105,0.06886864453554153,0.9311313554644585,17.05485725402832,24.724069595336914,1440
fold_2,last_49d,0.15,generator_all,7,105,0.06818906217813492,0.9318109378218651,16.89665985107422,24.44744300842285,1440
fold_2,last_49d,0.2,generator_all,7,105,0.06759309023618698,0.932406909763813,16.761381149291992,24.182153701782227,1440
fold_2,last_49d,0.25,generator_all,7,105,0.06707891076803207,0.9329210892319679,16.647932052612305,23.928585052490234,1440
fold_2,last_49d,0.3,generator_all,7,105,0.06664358079433441,0.9333564192056656,16.553997039794922,23.687110900878906,1440
fold_2,last_49d,0.35,generator_all,7,105,0.06625450402498245,0.9337454959750175,16.472089767456055,23.45810890197754,1440
fold_2,last_49d,0.4,generator_all,7,105,0.0659375935792923,0.9340624064207077,16.409059524536133,23.241939544677734,1440
fold_2,last_49d,0.5,generator_all,7,105,0.065423883497715,0.934576116502285,16.31368064880371,22.849552154541016,1440
fold_2,last_49d,0.6,generator_all,7,105,0.06502407044172287,0.9349759295582771,16.24663734436035,22.512710571289062,1440
fold_2,last_49d,0.0,generator_all,8,120,0.07541573792695999,0.92458426207304,18.646806716918945,26.726091384887695,1440
fold_2,last_49d,0.1,generator_all,8,120,0.0737759992480278,0.9262240007519722,18.249256134033203,26.086275100708008,1440
fold_2,last_49d,0.15,generator_all,8,120,0.07311432808637619,0.9268856719136238,18.094451904296875,25.78489112854004,1440
fold_2,last_49d,0.2,generator_all,8,120,0.07251829653978348,0.9274817034602165,17.957860946655273,25.496450424194336,1440
fold_2,last_49d,0.25,generator_all,8,120,0.07198067754507065,0.9280193224549294,17.836132049560547,25.221393585205078,1440
fold_2,last_49d,0.3,generator_all,8,120,0.07151608914136887,0.9284839108586311,17.733551025390625,24.960163116455078,1440
fold_2,last_49d,0.35,generator_all,8,120,0.07111820578575134,0.9288817942142487,17.64788055419922,24.713199615478516,1440
fold_2,last_49d,0.4,generator_all,8,120,0.07077519595623016,0.9292248040437698,17.57663345336914,24.480932235717773,1440
fold_2,last_49d,0.5,generator_all,8,120,0.07024149596691132,0.9297585040330887,17.472658157348633,24.062166213989258,1440
fold_2,last_49d,0.6,generator_all,8,120,0.06989454478025436,0.9301054552197456,17.417152404785156,23.707069396972656,1440
fold_3,last_21d,0.0,generator_1,1,15,0.027609962970018387,0.9723900370299816,2.8940157890319824,4.343934059143066,1423
fold_3,last_21d,0.1,generator_1,1,15,0.027504362165927887,0.9724956378340721,2.8853156566619873,4.334964275360107,1423
fold_3,last_21d,0.15,generator_1,1,15,0.027461204677820206,0.9725387953221798,2.881899118423462,4.331222057342529,1423
fold_3,last_21d,0.2,generator_1,1,15,0.027424553409218788,0.9725754465907812,2.87909197807312,4.327977180480957,1423
fold_3,last_21d,0.25,generator_1,1,15,0.02739209495484829,0.9726079050451517,2.8766567707061768,4.325231552124023,1423
fold_3,last_21d,0.3,generator_1,1,15,0.027364805340766907,0.9726351946592331,2.8747544288635254,4.322984218597412,1423
fold_3,last_21d,0.35,generator_1,1,15,0.027348261326551437,0.9726517386734486,2.8739287853240967,4.321237564086914,1423
fold_3,last_21d,0.4,generator_1,1,15,0.02733900211751461,0.9726609978824854,2.8738653659820557,4.319991111755371,1423
fold_3,last_21d,0.5,generator_1,1,15,0.02733660116791725,0.9726633988320827,2.8753998279571533,4.319003105163574,1423
fold_3,last_21d,0.6,generator_1,1,15,0.02736484818160534,0.9726351518183947,2.879441976547241,4.32002067565918,1423
fold_3,last_21d,0.0,generator_1,2,30,0.03794446215033531,0.9620555378496647,3.9504013061523438,5.941202163696289,1423
fold_3,last_21d,0.1,generator_1,2,30,0.037886567413806915,0.9621134325861931,3.949101686477661,5.92457389831543,1423
fold_3,last_21d,0.15,generator_1,2,30,0.03788552060723305,0.962114479392767,3.951197624206543,5.918646335601807,1423
fold_3,last_21d,0.2,generator_1,2,30,0.03789682686328888,0.9621031731367111,3.954498291015625,5.914316177368164,1423
fold_3,last_21d,0.25,generator_1,2,30,0.03792792558670044,0.9620720744132996,3.9596657752990723,5.911587238311768,1423
fold_3,last_21d,0.3,generator_1,2,30,0.03797656297683716,0.9620234370231628,3.9662740230560303,5.910462379455566,1423
fold_3,last_21d,0.35,generator_1,2,30,0.038050755858421326,0.9619492441415787,3.975257635116577,5.9109416007995605,1423
fold_3,last_21d,0.4,generator_1,2,30,0.038143157958984375,0.9618568420410156,3.986096143722534,5.913024425506592,1423
fold_3,last_21d,0.5,generator_1,2,30,0.038371212780475616,0.9616287872195244,4.012059688568115,5.921993732452393,1423
fold_3,last_21d,0.6,generator_1,2,30,0.03866100311279297,0.961338996887207,4.044327735900879,5.937342166900635,1423
fold_3,last_21d,0.0,generator_1,3,45,0.045877065509557724,0.9541229344904423,4.774826526641846,7.216490745544434,1423
fold_3,last_21d,0.1,generator_1,3,45,0.045854602009058,0.954145397990942,4.779047012329102,7.193431854248047,1423
fold_3,last_21d,0.15,generator_1,3,45,0.04588997736573219,0.9541100226342678,4.78565788269043,7.185769081115723,1423
fold_3,last_21d,0.2,generator_1,3,45,0.04595915228128433,0.9540408477187157,4.7953009605407715,7.180696487426758,1423
fold_3,last_21d,0.25,generator_1,3,45,0.04605845734477043,0.9539415426552296,4.80778169631958,7.178219795227051,1423
fold_3,last_21d,0.3,generator_1,3,45,0.04619342461228371,0.9538065753877163,4.823957920074463,7.178341388702393,1423
fold_3,last_21d,0.35,generator_1,3,45,0.046356599777936935,0.9536434002220631,4.843029499053955,7.181060314178467,1423
fold_3,last_21d,0.4,generator_1,3,45,0.04655105248093605,0.953448947519064,4.8650689125061035,7.186375141143799,1423
fold_3,last_21d,0.5,generator_1,3,45,0.047030624002218246,0.9529693759977818,4.918262958526611,7.2047624588012695,1423
fold_3,last_21d,0.6,generator_1,3,45,0.04758864641189575,0.9524113535881042,4.9795403480529785,7.233426570892334,1423
fold_3,last_21d,0.0,generator_1,4,60,0.055551256984472275,0.9444487430155277,5.7941107749938965,8.561657905578613,1423
fold_3,last_21d,0.1,generator_1,4,60,0.055421847850084305,0.9445781521499157,5.790584087371826,8.530084609985352,1423
fold_3,last_21d,0.15,generator_1,4,60,0.05541498214006424,0.9445850178599358,5.794039249420166,8.518258094787598,1423
fold_3,last_21d,0.2,generator_1,4,60,0.05545235797762871,0.9445476420223713,5.801490783691406,8.509087562561035,1423
fold_3,last_21d,0.25,generator_1,4,60,0.05553054064512253,0.9444694593548775,5.812561988830566,8.502582550048828,1423
fold_3,last_21d,0.3,generator_1,4,60,0.05564655363559723,0.9443534463644028,5.8269877433776855,8.498746871948242,1423
fold_3,last_21d,0.35,generator_1,4,60,0.055798325687646866,0.9442016743123531,5.84449577331543,8.497586250305176,1423
fold_3,last_21d,0.4,generator_1,4,60,0.05596740543842316,0.9440325945615768,5.863482475280762,8.499099731445312,1423
fold_3,last_21d,0.5,generator_1,4,60,0.056386277079582214,0.9436137229204178,5.908379554748535,8.510146141052246,1423
fold_3,last_21d,0.6,generator_1,4,60,0.05693252757191658,0.9430674724280834,5.965696334838867,8.531843185424805,1423
fold_3,last_21d,0.0,generator_1,5,75,0.062458936125040054,0.93754106387496,6.532320022583008,9.458108901977539,1423
fold_3,last_21d,0.1,generator_1,5,75,0.062269486486911774,0.9377305135130882,6.522645473480225,9.423980712890625,1423
fold_3,last_21d,0.15,generator_1,5,75,0.06221967935562134,0.9377803206443787,6.521709442138672,9.41102409362793,1423
fold_3,last_21d,0.2,generator_1,5,75,0.06220133975148201,0.937798660248518,6.52360200881958,9.4008207321167,1423
fold_3,last_21d,0.25,generator_1,5,75,0.062217164784669876,0.9377828352153301,6.528629779815674,9.39338207244873,1423
fold_3,last_21d,0.3,generator_1,5,75,0.062260646373033524,0.9377393536269665,6.536036014556885,9.388711929321289,1423
fold_3,last_21d,0.35,generator_1,5,75,0.06234860420227051,0.9376513957977295,6.547333240509033,9.386815071105957,1423
fold_3,last_21d,0.4,generator_1,5,75,0.062481969594955444,0.9375180304050446,6.563173294067383,9.387694358825684,1423
fold_3,last_21d,0.5,generator_1,5,75,0.06286697089672089,0.9371330291032791,6.606229305267334,9.397772789001465,1423
fold_3,last_21d,0.6,generator_1,5,75,0.0633922889828682,0.9366077110171318,6.662280082702637,9.418912887573242,1423
fold_3,last_21d,0.0,generator_1,6,90,0.06867434829473495,0.931325651705265,7.194429874420166,10.386507987976074,1423
fold_3,last_21d,0.1,generator_1,6,90,0.06841213256120682,0.9315878674387932,7.1784892082214355,10.355331420898438,1423
fold_3,last_21d,0.15,generator_1,6,90,0.06834766268730164,0.9316523373126984,7.1768035888671875,10.344077110290527,1423
fold_3,last_21d,0.2,generator_1,6,90,0.06834613531827927,0.9316538646817207,7.180704593658447,10.335724830627441,1423
fold_3,last_21d,0.25,generator_1,6,90,0.06838447600603104,0.931615523993969,7.187963962554932,10.330282211303711,1423
fold_3,last_21d,0.3,generator_1,6,90,0.06847038865089417,0.9315296113491058,7.199739456176758,10.327753067016602,1423
fold_3,last_21d,0.35,generator_1,6,90,0.06859558075666428,0.9314044192433357,7.215428352355957,10.328141212463379,1423
fold_3,last_21d,0.4,generator_1,6,90,0.06875436753034592,0.9312456324696541,7.234553337097168,10.331443786621094,1423
fold_3,last_21d,0.5,generator_1,6,90,0.06916873157024384,0.9308312684297562,7.281890392303467,10.346785545349121,1423
fold_3,last_21d,0.6,generator_1,6,90,0.06971558928489685,0.9302844107151031,7.341892242431641,10.373723983764648,1423
fold_3,last_21d,0.0,generator_1,7,105,0.07389960438013077,0.9261003956198692,7.745500087738037,11.134293556213379,1423
fold_3,last_21d,0.1,generator_1,7,105,0.0736747533082962,0.9263252466917038,7.733213901519775,11.104598045349121,1423
fold_3,last_21d,0.15,generator_1,7,105,0.07362448424100876,0.9263755157589912,7.732123851776123,11.09296989440918,1423
fold_3,last_21d,0.2,generator_1,7,105,0.0736091360449791,0.9263908639550209,7.7338643074035645,11.08349609375,1423
fold_3,last_21d,0.25,generator_1,7,105,0.07362226396799088,0.9263777360320091,7.738170146942139,11.076183319091797,1423
fold_3,last_21d,0.3,generator_1,7,105,0.07367967069149017,0.9263203293085098,7.745940208435059,11.071035385131836,1423
fold_3,last_21d,0.35,generator_1,7,105,0.07378069311380386,0.9262193068861961,7.757125377655029,11.068055152893066,1423
fold_3,last_21d,0.4,generator_1,7,105,0.07390264421701431,0.9260973557829857,7.7701802253723145,11.067244529724121,1423
fold_3,last_21d,0.5,generator_1,7,105,0.07425367832183838,0.9257463216781616,7.806422233581543,11.072134017944336,1423
fold_3,last_21d,0.6,generator_1,7,105,0.07471413910388947,0.9252858608961105,7.852403163909912,11.08569049835205,1423
fold_3,last_21d,0.0,generator_1,8,120,0.07755813002586365,0.9224418699741364,8.157136917114258,11.642637252807617,1423
fold_3,last_21d,0.1,generator_1,8,120,0.0772683322429657,0.9227316677570343,8.139233589172363,11.613612174987793,1423
fold_3,last_21d,0.15,generator_1,8,120,0.07718142122030258,0.9228185787796974,8.135099411010742,11.602396011352539,1423
fold_3,last_21d,0.2,generator_1,8,120,0.0771203339099884,0.9228796660900116,8.133177757263184,11.593385696411133,1423
fold_3,last_21d,0.25,generator_1,8,120,0.07708881050348282,0.9229111894965172,8.133614540100098,11.586586952209473,1423
fold_3,last_21d,0.3,generator_1,8,120,0.0770825520157814,0.9229174479842186,8.136284828186035,11.58200454711914,1423
fold_3,last_21d,0.35,generator_1,8,120,0.0770995169878006,0.9229004830121994,8.140763282775879,11.579639434814453,1423
fold_3,last_21d,0.4,generator_1,8,120,0.07714782655239105,0.922852173447609,8.147878646850586,11.579492568969727,1423
fold_3,last_21d,0.5,generator_1,8,120,0.07737204432487488,0.9226279556751251,8.172462463378906,11.585858345031738,1423
fold_3,last_21d,0.6,generator_1,8,120,0.0777309238910675,0.9222690761089325,8.210099220275879,11.60108470916748,1423
fold_3,last_21d,0.0,generator_all,1,15,0.016578085720539093,0.9834219142794609,5.144128322601318,8.061871528625488,1423
fold_3,last_21d,0.1,generator_all,1,15,0.016367442905902863,0.9836325570940971,5.084079742431641,7.9530348777771,1423
fold_3,last_21d,0.15,generator_all,1,15,0.016293417662382126,0.9837065823376179,5.063730239868164,7.905326843261719,1423
fold_3,last_21d,0.2,generator_all,1,15,0.016237782314419746,0.9837622176855803,5.049007415771484,7.862203598022461,1423
fold_3,last_21d,0.25,generator_all,1,15,0.016197139397263527,0.9838028606027365,5.03927755355835,7.823739528656006,1423
fold_3,last_21d,0.3,generator_all,1,15,0.016177412122488022,0.983822587877512,5.036255836486816,7.790005683898926,1423
fold_3,last_21d,0.35,generator_all,1,15,0.0161738321185112,0.9838261678814888,5.0382609367370605,7.761062145233154,1423
fold_3,last_21d,0.4,generator_all,1,15,0.016186567023396492,0.9838134329766035,5.045409202575684,7.736963272094727,1423
fold_3,last_21d,0.5,generator_all,1,15,0.016243072226643562,0.9837569277733564,5.068970680236816,7.7034735679626465,1423
fold_3,last_21d,0.6,generator_all,1,15,0.016332868486642838,0.9836671315133572,5.102631568908691,7.68979024887085,1423
fold_3,last_21d,0.0,generator_all,2,30,0.025849835947155952,0.974150164052844,7.988356113433838,12.544641494750977,1423
fold_3,last_21d,0.1,generator_all,2,30,0.025351768359541893,0.9746482316404581,7.842021465301514,12.28830337524414,1423
fold_3,last_21d,0.15,generator_all,2,30,0.025170069187879562,0.9748299308121204,7.789895534515381,12.173347473144531,1423
fold_3,last_21d,0.2,generator_all,2,30,0.02502543292939663,0.9749745670706034,7.74968147277832,12.067541122436523,1423
fold_3,last_21d,0.25,generator_all,2,30,0.024917781352996826,0.9750822186470032,7.721440315246582,11.971125602722168,1423
fold_3,last_21d,0.3,generator_all,2,30,0.02483864314854145,0.9751613568514585,7.701959609985352,11.884331703186035,1423
fold_3,last_21d,0.35,generator_all,2,30,0.024781079962849617,0.9752189200371504,7.6894121170043945,11.807371139526367,1423
fold_3,last_21d,0.4,generator_all,2,30,0.024752391502261162,0.9752476084977388,7.685781478881836,11.740438461303711,1423
fold_3,last_21d,0.5,generator_all,2,30,0.02478843182325363,0.9752115681767464,7.707626819610596,11.637316703796387,1423
fold_3,last_21d,0.6,generator_all,2,30,0.024934979155659676,0.9750650208443403,7.764123916625977,11.576055526733398,1423
fold_3,last_21d,0.0,generator_all,3,45,0.03452293947339058,0.9654770605266094,10.652626037597656,16.254003524780273,1423
fold_3,last_21d,0.1,generator_all,3,45,0.03380227088928223,0.9661977291107178,10.436189651489258,15.892782211303711,1423
fold_3,last_21d,0.15,generator_all,3,45,0.033525023609399796,0.9664749763906002,10.353350639343262,15.728822708129883,1423
fold_3,last_21d,0.2,generator_all,3,45,0.03331759572029114,0.9666824042797089,10.290635108947754,15.576441764831543,1423
fold_3,last_21d,0.25,generator_all,3,45,0.03320630267262459,0.9667936973273754,10.257030487060547,15.435978889465332,1423
fold_3,last_21d,0.3,generator_all,3,45,0.033134523779153824,0.9668654762208462,10.235347747802734,15.307764053344727,1423
fold_3,last_21d,0.35,generator_all,3,45,0.03309571370482445,0.9669042862951756,10.223320960998535,15.192107200622559,1423
fold_3,last_21d,0.4,generator_all,3,45,0.03308779001235962,0.9669122099876404,10.220673561096191,15.0892972946167,1423
fold_3,last_21d,0.5,generator_all,3,45,0.033139269798994064,0.9668607302010059,10.236320495605469,14.923246383666992,1423
fold_3,last_21d,0.6,generator_all,3,45,0.03331586346030235,0.9666841365396976,10.29017448425293,14.811373710632324,1423
fold_3,last_21d,0.0,generator_all,4,60,0.04247618094086647,0.9575238190591335,13.129419326782227,19.468996047973633,1423
fold_3,last_21d,0.1,generator_all,4,60,0.04167428985238075,0.9583257101476192,12.886687278747559,19.060237884521484,1423
fold_3,last_21d,0.15,generator_all,4,60,0.041391439735889435,0.9586085602641106,12.80030345916748,18.877229690551758,1423
fold_3,last_21d,0.2,generator_all,4,60,0.041161779314279556,0.9588382206857204,12.729708671569824,18.70903778076172,1423
fold_3,last_21d,0.25,generator_all,4,60,0.04101458564400673,0.9589854143559933,12.683972358703613,18.55606460571289,1423
fold_3,last_21d,0.3,generator_all,4,60,0.04095156490802765,0.9590484350919724,12.66423511505127,18.418689727783203,1423
fold_3,last_21d,0.35,generator_all,4,60,0.04093349352478981,0.9590665064752102,12.658347129821777,18.297264099121094,1423
fold_3,last_21d,0.4,generator_all,4,60,0.04095998778939247,0.9590400122106075,12.66677474975586,18.192106246948242,1423
fold_3,last_21d,0.5,generator_all,4,60,0.041150111705064774,0.9588498882949352,12.726916313171387,18.031692504882812,1423
fold_3,last_21d,0.6,generator_all,4,60,0.04152507707476616,0.9584749229252338,12.84450912475586,17.93922233581543,1423
fold_3,last_21d,0.0,generator_all,5,75,0.049257103353738785,0.9507428966462612,15.234405517578125,22.1178035736084,1423
fold_3,last_21d,0.1,generator_all,5,75,0.04832806438207626,0.9516719356179237,14.942861557006836,21.615562438964844,1423
fold_3,last_21d,0.15,generator_all,5,75,0.047976184636354446,0.9520238153636456,14.830809593200684,21.38687515258789,1423
fold_3,last_21d,0.2,generator_all,5,75,0.04771971330046654,0.9522802866995335,14.74740219116211,21.17380142211914,1423
fold_3,last_21d,0.25,generator_all,5,75,0.04753244295716286,0.9524675570428371,14.684845924377441,20.976816177368164,1423
fold_3,last_21d,0.3,generator_all,5,75,0.04740337282419205,0.952596627175808,14.640087127685547,20.796377182006836,1423
fold_3,last_21d,0.35,generator_all,5,75,0.047330234199762344,0.9526697658002377,14.613031387329102,20.632915496826172,1423
fold_3,last_21d,0.4,generator_all,5,75,0.04729939252138138,0.9527006074786186,14.599064826965332,20.48684310913086,1423
fold_3,last_21d,0.5,generator_all,5,75,0.04737544059753418,0.9526245594024658,14.612600326538086,20.248313903808594,1423
fold_3,last_21d,0.6,generator_all,5,75,0.047684963792562485,0.9523150362074375,14.696372032165527,20.08332061767578,1423
fold_3,last_21d,0.0,generator_all,6,90,0.055284034460783005,0.944715965539217,17.10329246520996,24.392398834228516,1423
fold_3,last_21d,0.1,generator_all,6,90,0.054202523082494736,0.9457974769175053,16.76129150390625,23.849775314331055,1423
fold_3,last_21d,0.15,generator_all,6,90,0.05377170443534851,0.9462282955646515,16.622373580932617,23.600215911865234,1423
fold_3,last_21d,0.2,generator_all,6,90,0.053407154977321625,0.9465928450226784,16.503992080688477,23.365785598754883,1423
fold_3,last_21d,0.25,generator_all,6,90,0.05311701446771622,0.9468829855322838,16.40920639038086,23.14694595336914,1423
fold_3,last_21d,0.3,generator_all,6,90,0.052905384451150894,0.9470946155488491,16.339012145996094,22.944143295288086,1423
fold_3,last_21d,0.35,generator_all,6,90,0.05276129022240639,0.9472387097775936,16.289106369018555,22.75780487060547,1423
fold_3,last_21d,0.4,generator_all,6,90,0.05265002325177193,0.9473499767482281,16.249221801757812,22.58833885192871,1423
fold_3,last_21d,0.5,generator_all,6,90,0.05255470052361488,0.9474452994763851,16.20888328552246,22.301525115966797,1423
fold_3,last_21d,0.6,generator_all,6,90,0.05269286781549454,0.9473071321845055,16.239845275878906,22.086387634277344,1423
fold_3,last_21d,0.0,generator_all,7,105,0.06004296615719795,0.939957033842802,18.563161849975586,26.230043411254883,1423
fold_3,last_21d,0.1,generator_all,7,105,0.05876120552420616,0.9412387944757938,18.153316497802734,25.598955154418945,1423
fold_3,last_21d,0.15,generator_all,7,105,0.058268699795007706,0.9417313002049923,17.99432373046875,25.310808181762695,1423
fold_3,last_21d,0.2,generator_all,7,105,0.05787676200270653,0.9421232379972935,17.86574935913086,25.041780471801758,1423
fold_3,last_21d,0.25,generator_all,7,105,0.05756981298327446,0.9424301870167255,17.7628173828125,24.79249382019043,1423
fold_3,last_21d,0.3,generator_all,7,105,0.05733710899949074,0.9426628910005093,17.68346405029297,24.563549041748047,1423
fold_3,last_21d,0.35,generator_all,7,105,0.05720062181353569,0.9427993781864643,17.633729934692383,24.355520248413086,1423
fold_3,last_21d,0.4,generator_all,7,105,0.05713118985295296,0.942868810147047,17.604869842529297,24.168947219848633,1423
fold_3,last_21d,0.5,generator_all,7,105,0.05717111751437187,0.9428288824856281,17.599689483642578,23.862125396728516,1423
fold_3,last_21d,0.6,generator_all,7,105,0.057467225939035416,0.9425327740609646,17.673429489135742,23.646501541137695,1423
fold_3,last_21d,0.0,generator_all,8,120,0.06411588937044144,0.9358841106295586,19.823543548583984,27.73310661315918,1423
fold_3,last_21d,0.1,generator_all,8,120,0.0627049133181572,0.9372950866818428,19.362638473510742,27.014925003051758,1423
fold_3,last_21d,0.15,generator_all,8,120,0.06216489523649216,0.9378351047635078,19.180892944335938,26.687129974365234,1423
fold_3,last_21d,0.2,generator_all,8,120,0.06172114610671997,0.93827885389328,19.02977180480957,26.381254196166992,1423
fold_3,last_21d,0.25,generator_all,8,120,0.06134023517370224,0.9386597648262978,18.89897918701172,26.098066329956055,1423
fold_3,last_21d,0.3,generator_all,8,120,0.061045076698064804,0.9389549233019352,18.794084548950195,25.83831214904785,1423
fold_3,last_21d,0.35,generator_all,8,120,0.0608588270843029,0.9391411729156971,18.721912384033203,25.602706909179688,1423
fold_3,last_21d,0.4,generator_all,8,120,0.06076737865805626,0.9392326213419437,18.677644729614258,25.39192008972168,1423
fold_3,last_21d,0.5,generator_all,8,120,0.06078612059354782,0.9392138794064522,18.65068817138672,25.047243118286133,1423
fold_3,last_21d,0.6,generator_all,8,120,0.061082080006599426,0.9389179199934006,18.707386016845703,24.808515548706055,1423
fold_3,last_35d,0.0,generator_1,1,15,0.027609962970018387,0.9723900370299816,2.8940157890319824,4.343934059143066,1423
fold_3,last_35d,0.1,generator_1,1,15,0.027502739802002907,0.9724972601979971,2.884570837020874,4.333894729614258,1423
fold_3,last_35d,0.15,generator_1,1,15,0.027455847710371017,0.972544152289629,2.880460262298584,4.329492568969727,1423
fold_3,last_35d,0.2,generator_1,1,15,0.027415214106440544,0.9725847858935595,2.8770127296447754,4.325503826141357,1423
fold_3,last_35d,0.25,generator_1,1,15,0.027379266917705536,0.9726207330822945,2.8739964962005615,4.321929931640625,1423
fold_3,last_35d,0.3,generator_1,1,15,0.027347685769200325,0.9726523142307997,2.8713865280151367,4.318771839141846,1423
fold_3,last_35d,0.35,generator_1,1,15,0.027320530265569687,0.9726794697344303,2.8692209720611572,4.3160295486450195,1423
fold_3,last_35d,0.4,generator_1,1,15,0.027298688888549805,0.9727013111114502,2.8675801753997803,4.3137054443359375,1423
fold_3,last_35d,0.5,generator_1,1,15,0.0272731464356184,0.9727268535643816,2.8663103580474854,4.310311794281006,1423
fold_3,last_35d,0.6,generator_1,1,15,0.027271531522274017,0.972728468477726,2.8672759532928467,4.30859375,1423
fold_3,last_35d,0.0,generator_1,2,30,0.03794446215033531,0.9620555378496647,3.9504013061523438,5.941202163696289,1423
fold_3,last_35d,0.1,generator_1,2,30,0.037834517657756805,0.9621654823422432,3.9417595863342285,5.919334411621094,1423
fold_3,last_35d,0.15,generator_1,2,30,0.03779153525829315,0.9622084647417068,3.9387311935424805,5.90971565246582,1423
fold_3,last_35d,0.2,generator_1,2,30,0.03775952756404877,0.9622404724359512,3.9368789196014404,5.900980472564697,1423
fold_3,last_35d,0.25,generator_1,2,30,0.03773720934987068,0.9622627906501293,3.935978651046753,5.893131256103516,1423
fold_3,last_35d,0.3,generator_1,2,30,0.037722744047641754,0.9622772559523582,3.935743808746338,5.886172294616699,1423
fold_3,last_35d,0.35,generator_1,2,30,0.0377189964056015,0.9622810035943985,3.936556816101074,5.880107402801514,1423
fold_3,last_35d,0.4,generator_1,2,30,0.037727318704128265,0.9622726812958717,3.9382927417755127,5.874938488006592,1423
fold_3,last_35d,0.5,generator_1,2,30,0.03777335211634636,0.9622266478836536,3.9443485736846924,5.867298126220703,1423
fold_3,last_35d,0.6,generator_1,2,30,0.03785569965839386,0.9621443003416061,3.9540724754333496,5.863265037536621,1423
fold_3,last_35d,0.0,generator_1,3,45,0.045877065509557724,0.9541229344904423,4.774826526641846,7.216490745544434,1423
fold_3,last_35d,0.1,generator_1,3,45,0.045759595930576324,0.9542404040694237,4.766882419586182,7.188918590545654,1423
fold_3,last_35d,0.15,generator_1,3,45,0.045723095536231995,0.954276904463768,4.7650628089904785,7.17726993560791,1423
fold_3,last_35d,0.2,generator_1,3,45,0.04570598527789116,0.9542940147221088,4.764923572540283,7.167056560516357,1423
fold_3,last_35d,0.25,generator_1,3,45,0.04571075364947319,0.9542892463505268,4.766765117645264,7.158283710479736,1423
fold_3,last_35d,0.3,generator_1,3,45,0.04574010148644447,0.9542598985135555,4.770943641662598,7.1509575843811035,1423
fold_3,last_35d,0.35,generator_1,3,45,0.04579237475991249,0.9542076252400875,4.77730131149292,7.145082473754883,1423
fold_3,last_35d,0.4,generator_1,3,45,0.0458565317094326,0.9541434682905674,4.78471565246582,7.140660762786865,1423
fold_3,last_35d,0.5,generator_1,3,45,0.046029236167669296,0.9539707638323307,4.803879261016846,7.136191368103027,1423
fold_3,last_35d,0.6,generator_1,3,45,0.04628360643982887,0.9537163935601711,4.83158540725708,7.1375603675842285,1423
fold_3,last_35d,0.0,generator_1,4,60,0.055551256984472275,0.9444487430155277,5.7941107749938965,8.561657905578613,1423
fold_3,last_35d,0.1,generator_1,4,60,0.05540263280272484,0.9445973671972752,5.785799980163574,8.530123710632324,1423
fold_3,last_35d,0.15,generator_1,4,60,0.05536843091249466,0.9446315690875053,5.785642147064209,8.51709270477295,1423
fold_3,last_35d,0.2,generator_1,4,60,0.05536959320306778,0.9446304067969322,5.788451194763184,8.505897521972656,1423
fold_3,last_35d,0.25,generator_1,4,60,0.05539359524846077,0.9446064047515392,5.792997360229492,8.49654483795166,1423
fold_3,last_35d,0.3,generator_1,4,60,0.05544841289520264,0.9445515871047974,5.800122261047363,8.48904037475586,1423
fold_3,last_35d,0.35,generator_1,4,60,0.0555240735411644,0.9444759264588356,5.809091091156006,8.483389854431152,1423
fold_3,last_35d,0.4,generator_1,4,60,0.055627670139074326,0.9443723298609257,5.820654392242432,8.479597091674805,1423
fold_3,last_35d,0.5,generator_1,4,60,0.05587788298726082,0.9441221170127392,5.847737789154053,8.477592468261719,1423
fold_3,last_35d,0.6,generator_1,4,60,0.056212134659290314,0.9437878653407097,5.882445812225342,8.483030319213867,1423
fold_3,last_35d,0.0,generator_1,5,75,0.062458936125040054,0.93754106387496,6.532320022583008,9.458108901977539,1423
fold_3,last_35d,0.1,generator_1,5,75,0.06225668638944626,0.9377433136105537,6.517909526824951,9.418354034423828,1423
fold_3,last_35d,0.15,generator_1,5,75,0.06218091771006584,0.9378190822899342,6.513176441192627,9.401069641113281,1423
fold_3,last_35d,0.2,generator_1,5,75,0.06213122606277466,0.9378687739372253,6.510823726654053,9.385526657104492,1423
fold_3,last_35d,0.25,generator_1,5,75,0.06209738552570343,0.9379026144742966,6.509792327880859,9.371733665466309,1423
fold_3,last_35d,0.3,generator_1,5,75,0.062082383781671524,0.9379176162183285,6.510273456573486,9.359699249267578,1423
fold_3,last_35d,0.35,generator_1,5,75,0.06210677698254585,0.9378932230174541,6.5142598152160645,9.3494291305542,1423
fold_3,last_35d,0.4,generator_1,5,75,0.0621650256216526,0.9378349743783474,6.521227836608887,9.34092903137207,1423
fold_3,last_35d,0.5,generator_1,5,75,0.06233906000852585,0.9376609399914742,6.539881706237793,9.329258918762207,1423
fold_3,last_35d,0.6,generator_1,5,75,0.0625830665230751,0.9374169334769249,6.564677715301514,9.324716567993164,1423
fold_3,last_35d,0.0,generator_1,6,90,0.06867434829473495,0.931325651705265,7.194429874420166,10.386507987976074,1423
fold_3,last_35d,0.1,generator_1,6,90,0.06836305558681488,0.9316369444131851,7.1714186668396,10.346904754638672,1423
fold_3,last_35d,0.15,generator_1,6,90,0.06827022135257721,0.9317297786474228,7.165706634521484,10.330012321472168,1423
fold_3,last_35d,0.2,generator_1,6,90,0.06821008026599884,0.9317899197340012,7.162944793701172,10.315072059631348,1423
fold_3,last_35d,0.25,generator_1,6,90,0.06817731261253357,0.9318226873874664,7.162503242492676,10.302092552185059,1423
fold_3,last_35d,0.3,generator_1,6,90,0.06818027794361115,0.9318197220563889,7.165539264678955,10.291081428527832,1423
fold_3,last_35d,0.35,generator_1,6,90,0.06820211559534073,0.9317978844046593,7.170453071594238,10.282044410705566,1423
fold_3,last_35d,0.4,generator_1,6,90,0.06824887543916702,0.931751124560833,7.177682399749756,10.27498722076416,1423
fold_3,last_35d,0.5,generator_1,6,90,0.06839806586503983,0.9316019341349602,7.197268486022949,10.266827583312988,1423
fold_3,last_35d,0.6,generator_1,6,90,0.0686192438006401,0.9313807561993599,7.223671913146973,10.266620635986328,1423
fold_3,last_35d,0.0,generator_1,7,105,0.07389960438013077,0.9261003956198692,7.745500087738037,11.134293556213379,1423
fold_3,last_35d,0.1,generator_1,7,105,0.07366951555013657,0.9263304844498634,7.733951091766357,11.096844673156738,1423
fold_3,last_35d,0.15,generator_1,7,105,0.07362048327922821,0.9263795167207718,7.734278202056885,11.082399368286133,1423
fold_3,last_35d,0.2,generator_1,7,105,0.07361824065446854,0.9263817593455315,7.738974571228027,11.070823669433594,1423
fold_3,last_35d,0.25,generator_1,7,105,0.07365565001964569,0.9263443499803543,7.7474260330200195,11.062125205993652,1423
fold_3,last_35d,0.3,generator_1,7,105,0.07372602820396423,0.9262739717960358,7.758961200714111,11.05631160736084,1423
fold_3,last_35d,0.35,generator_1,7,105,0.07383961975574493,0.9261603802442551,7.773984909057617,11.053386688232422,1423
fold_3,last_35d,0.4,generator_1,7,105,0.07398563623428345,0.9260143637657166,7.791618347167969,11.053353309631348,1423
fold_3,last_35d,0.5,generator_1,7,105,0.07436789572238922,0.9256321042776108,7.835720539093018,11.061959266662598,1423
fold_3,last_35d,0.6,generator_1,7,105,0.07488017529249191,0.9251198247075081,7.8922505378723145,11.082101821899414,1423
fold_3,last_35d,0.0,generator_1,8,120,0.07755813002586365,0.9224418699741364,8.157136917114258,11.642637252807617,1423
fold_3,last_35d,0.1,generator_1,8,120,0.07727508991956711,0.9227249100804329,8.139993667602539,11.608813285827637,1423
fold_3,last_35d,0.15,generator_1,8,120,0.07719378918409348,0.9228062108159065,8.136816024780273,11.595911979675293,1423
fold_3,last_35d,0.2,generator_1,8,120,0.07716598361730576,0.9228340163826942,8.138477325439453,11.585700035095215,1423
fold_3,last_35d,0.25,generator_1,8,120,0.07717745751142502,0.922822542488575,8.143425941467285,11.578180313110352,1423
fold_3,last_35d,0.3,generator_1,8,120,0.07721736282110214,0.9227826371788979,8.151052474975586,11.57336139678955,1423
fold_3,last_35d,0.35,generator_1,8,120,0.07727190852165222,0.9227280914783478,8.160178184509277,11.571245193481445,1423
fold_3,last_35d,0.4,generator_1,8,120,0.07736042886972427,0.9226395711302757,8.172815322875977,11.571833610534668,1423
fold_3,last_35d,0.5,generator_1,8,120,0.0777115672826767,0.9222884327173233,8.214550971984863,11.5811185836792,1423
fold_3,last_35d,0.6,generator_1,8,120,0.07821838557720184,0.9217816144227982,8.271065711975098,11.601192474365234,1423
fold_3,last_35d,0.0,generator_all,1,15,0.016578085720539093,0.9834219142794609,5.144128322601318,8.061871528625488,1423
fold_3,last_35d,0.1,generator_all,1,15,0.016334831714630127,0.9836651682853699,5.073903560638428,7.943362712860107,1423
fold_3,last_35d,0.15,generator_all,1,15,0.01623562164604664,0.9837643783539534,5.045619010925293,7.889188766479492,1423
fold_3,last_35d,0.2,generator_all,1,15,0.016149194911122322,0.9838508050888777,5.021088600158691,7.83849573135376,1423
fold_3,last_35d,0.25,generator_all,1,15,0.01607545278966427,0.9839245472103357,5.000547409057617,7.79135274887085,1423
fold_3,last_35d,0.3,generator_all,1,15,0.01601378247141838,0.9839862175285816,4.983881950378418,7.747823238372803,1423
fold_3,last_35d,0.35,generator_all,1,15,0.015964819118380547,0.9840351808816195,4.971266746520996,7.707969665527344,1423
fold_3,last_35d,0.4,generator_all,1,15,0.015928419306874275,0.9840715806931257,4.962515830993652,7.671848773956299,1423
fold_3,last_35d,0.5,generator_all,1,15,0.015884026885032654,0.9841159731149673,4.953648090362549,7.6110124588012695,1423
fold_3,last_35d,0.6,generator_all,1,15,0.015875758603215218,0.9841242413967848,4.956261157989502,7.56567907333374,1423
fold_3,last_35d,0.0,generator_all,2,30,0.025849835947155952,0.974150164052844,7.988356113433838,12.544641494750977,1423
fold_3,last_35d,0.1,generator_all,2,30,0.025373779237270355,0.9746262207627296,7.850117206573486,12.307286262512207,1423
fold_3,last_35d,0.15,generator_all,2,30,0.025194579735398293,0.9748054202646017,7.799820423126221,12.200639724731445,1423
fold_3,last_35d,0.2,generator_all,2,30,0.025042980909347534,0.9749570190906525,7.758393287658691,12.102300643920898,1423
fold_3,last_35d,0.25,generator_all,2,30,0.024925028905272484,0.9750749710947275,7.7275919914245605,12.01247501373291,1423
fold_3,last_35d,0.3,generator_all,2,30,0.024836549535393715,0.9751634504646063,7.705849647521973,11.931355476379395,1423
fold_3,last_35d,0.35,generator_all,2,30,0.02477545663714409,0.9752245433628559,7.692767143249512,11.859116554260254,1423
fold_3,last_35d,0.4,generator_all,2,30,0.024740740656852722,0.9752592593431473,7.688165187835693,11.79592514038086,1423
fold_3,last_35d,0.5,generator_all,2,30,0.024740373715758324,0.9752596262842417,7.700623035430908,11.697249412536621,1423
fold_3,last_35d,0.6,generator_all,2,30,0.02486763708293438,0.9751323629170656,7.752849578857422,11.636260032653809,1423
fold_3,last_35d,0.0,generator_all,3,45,0.03452293947339058,0.9654770605266094,10.652626037597656,16.254003524780273,1423
fold_3,last_35d,0.1,generator_all,3,45,0.03387002274394035,0.9661299772560596,10.471024513244629,15.94760799407959,1423
fold_3,last_35d,0.15,generator_all,3,45,0.033641267567873,0.966358732432127,10.41162395477295,15.817212104797363,1423
fold_3,last_35d,0.2,generator_all,3,45,0.03349035978317261,0.9665096402168274,10.37709903717041,15.70254135131836,1423
fold_3,last_35d,0.25,generator_all,3,45,0.033411163836717606,0.9665888361632824,10.365825653076172,15.603939056396484,1423
fold_3,last_35d,0.3,generator_all,3,45,0.033372122794389725,0.9666278772056103,10.367115020751953,15.521713256835938,1423
fold_3,last_35d,0.35,generator_all,3,45,0.03338542580604553,0.9666145741939545,10.384607315063477,15.456123352050781,1423
fold_3,last_35d,0.4,generator_all,3,45,0.0334433987736702,0.9665566012263298,10.416452407836914,15.40738296508789,1423
fold_3,last_35d,0.5,generator_all,3,45,0.033707063645124435,0.9662929363548756,10.527176856994629,15.36103630065918,1423
fold_3,last_35d,0.6,generator_all,3,45,0.03416835516691208,0.9658316448330879,10.700481414794922,15.38328742980957,1423
fold_3,last_35d,0.0,generator_all,4,60,0.04247618094086647,0.9575238190591335,13.129419326782227,19.468996047973633,1423
fold_3,last_35d,0.1,generator_all,4,60,0.041632022708654404,0.9583679772913456,12.897178649902344,19.115510940551758,1423
fold_3,last_35d,0.15,generator_all,4,60,0.041316453367471695,0.9586835466325283,12.81441593170166,18.967933654785156,1423
fold_3,last_35d,0.2,generator_all,4,60,0.041090868413448334,0.9589091315865517,12.760993957519531,18.840429306030273,1423
fold_3,last_35d,0.25,generator_all,4,60,0.040956079959869385,0.9590439200401306,12.73740005493164,18.73340606689453,1423
fold_3,last_35d,0.3,generator_all,4,60,0.0408826619386673,0.9591173380613327,12.73345947265625,18.647218704223633,1423
fold_3,last_35d,0.35,generator_all,4,60,0.04087956249713898,0.959120437502861,12.752135276794434,18.582155227661133,1423
fold_3,last_35d,0.4,generator_all,4,60,0.04095331206917763,0.9590466879308224,12.795659065246582,18.538440704345703,1423
fold_3,last_35d,0.5,generator_all,4,60,0.04130479693412781,0.9586952030658722,12.947637557983398,18.515583038330078,1423
fold_3,last_35d,0.6,generator_all,4,60,0.04187914729118347,0.9581208527088165,13.169425010681152,18.578962326049805,1423
fold_3,last_35d,0.0,generator_all,5,75,0.049257103353738785,0.9507428966462612,15.234405517578125,22.1178035736084,1423
fold_3,last_35d,0.1,generator_all,5,75,0.048322584480047226,0.9516774155199528,14.98202896118164,21.731435775756836,1423
fold_3,last_35d,0.15,generator_all,5,75,0.0479934923350811,0.9520065076649189,14.901196479797363,21.575702667236328,1423
fold_3,last_35d,0.2,generator_all,5,75,0.04775287210941315,0.9522471278905869,14.848922729492188,21.445695877075195,1423
fold_3,last_35d,0.25,generator_all,5,75,0.04761718586087227,0.9523828141391277,14.83004093170166,21.34187889099121,1423
fold_3,last_35d,0.3,generator_all,5,75,0.04757801815867424,0.9524219818413258,14.843134880065918,21.2646427154541,1423
fold_3,last_35d,0.35,generator_all,5,75,0.04762506112456322,0.9523749388754368,14.885022163391113,21.21427345275879,1423
fold_3,last_35d,0.4,generator_all,5,75,0.04773393273353577,0.9522660672664642,14.946602821350098,21.190963745117188,1423
fold_3,last_35d,0.5,generator_all,5,75,0.04815506190061569,0.9518449380993843,15.13260555267334,21.225770950317383,1423
fold_3,last_35d,0.6,generator_all,5,75,0.048890821635723114,0.9511091783642769,15.417610168457031,21.36853790283203,1423
fold_3,last_35d,0.0,generator_all,6,90,0.055284034460783005,0.944715965539217,17.10329246520996,24.392398834228516,1423
fold_3,last_35d,0.1,generator_all,6,90,0.05431196466088295,0.945688035339117,16.845413208007812,24.038984298706055,1423
fold_3,last_35d,0.15,generator_all,6,90,0.05398901179432869,0.9460109882056713,16.769243240356445,23.906696319580078,1423
fold_3,last_35d,0.2,generator_all,6,90,0.05377258360385895,0.946227416396141,16.728199005126953,23.804719924926758,1423
fold_3,last_35d,0.25,generator_all,6,90,0.05367137864232063,0.9463286213576794,16.724857330322266,23.733442306518555,1423
fold_3,last_35d,0.3,generator_all,6,90,0.05365400016307831,0.9463459998369217,16.749174118041992,23.693140029907227,1423
fold_3,last_35d,0.35,generator_all,6,90,0.05373375490307808,0.9462662450969219,16.805036544799805,23.683975219726562,1423
fold_3,last_35d,0.4,generator_all,6,90,0.05391412600874901,0.946085873991251,16.893320083618164,23.70598030090332,1423
fold_3,last_35d,0.5,generator_all,6,90,0.05453755706548691,0.9454624429345131,17.154895782470703,23.843036651611328,1423
fold_3,last_35d,0.6,generator_all,6,90,0.05549235641956329,0.9445076435804367,17.520980834960938,24.102191925048828,1423
fold_3,last_35d,0.0,generator_all,7,105,0.06004296615719795,0.939957033842802,18.563161849975586,26.230043411254883,1423
fold_3,last_35d,0.1,generator_all,7,105,0.05886172875761986,0.9411382712423801,18.244001388549805,25.829544067382812,1423
fold_3,last_35d,0.15,generator_all,7,105,0.05846415087580681,0.9415358491241932,18.1474552154541,25.673473358154297,1423
fold_3,last_35d,0.2,generator_all,7,105,0.058157581835985184,0.9418424181640148,18.080055236816406,25.547611236572266,1423
fold_3,last_35d,0.25,generator_all,7,105,0.0579698346555233,0.9420301653444767,18.05207633972168,25.452402114868164,1423
fold_3,last_35d,0.3,generator_all,7,105,0.05791663005948067,0.9420833699405193,18.06788444519043,25.388193130493164,1423
fold_3,last_35d,0.35,generator_all,7,105,0.05795340612530708,0.9420465938746929,18.1126651763916,25.3552188873291,1423
fold_3,last_35d,0.4,generator_all,7,105,0.058080270886421204,0.9419197291135788,18.187267303466797,25.353599548339844,1423
fold_3,last_35d,0.5,generator_all,7,105,0.0585922934114933,0.9414077065885067,18.419614791870117,25.44434356689453,1423
fold_3,last_35d,0.6,generator_all,7,105,0.05939234793186188,0.9406076520681381,18.7430419921875,25.659095764160156,1423
fold_3,last_35d,0.0,generator_all,8,120,0.06411588937044144,0.9358841106295586,19.823543548583984,27.73310661315918,1423
fold_3,last_35d,0.1,generator_all,8,120,0.06284883618354797,0.937151163816452,19.47800064086914,27.321325302124023,1423
fold_3,last_35d,0.15,generator_all,8,120,0.062371451407670975,0.937628548592329,19.35581398010254,27.153751373291016,1423
fold_3,last_35d,0.2,generator_all,8,120,0.06201556697487831,0.9379844330251217,19.27316665649414,27.01238250732422,1423
fold_3,last_35d,0.25,generator_all,8,120,0.06178702041506767,0.9382129795849323,19.23231315612793,26.897628784179688,1423
fold_3,last_35d,0.3,generator_all,8,120,0.061652328819036484,0.9383476711809635,19.22261619567871,26.809833526611328,1423
fold_3,last_35d,0.35,generator_all,8,120,0.061620865017175674,0.9383791349828243,19.246850967407227,26.74925994873047,1423
fold_3,last_35d,0.4,generator_all,8,120,0.061661526560783386,0.9383384734392166,19.29439353942871,26.716096878051758,1423
fold_3,last_35d,0.5,generator_all,8,120,0.061936527490615845,0.9380634725093842,19.451313018798828,26.73232078552246,1423
fold_3,last_35d,0.6,generator_all,8,120,0.06250878423452377,0.9374912157654762,19.704082489013672,26.858299255371094,1423
fold_3,last_49d,0.0,generator_1,1,15,0.027609962970018387,0.9723900370299816,2.8940157890319824,4.343934059143066,1423
fold_3,last_49d,0.1,generator_1,1,15,0.027495399117469788,0.9725046008825302,2.886481285095215,4.328490734100342,1423
fold_3,last_49d,0.15,generator_1,1,15,0.02749239094555378,0.9725076090544462,2.888747453689575,4.3261003494262695,1423
fold_3,last_49d,0.2,generator_1,1,15,0.02752210758626461,0.9724778924137354,2.894639015197754,4.327274799346924,1423
fold_3,last_49d,0.25,generator_1,1,15,0.02757871150970459,0.9724212884902954,2.903589963912964,4.3320112228393555,1423
fold_3,last_49d,0.3,generator_1,1,15,0.027661792933940887,0.9723382070660591,2.915513515472412,4.340298175811768,1423
fold_3,last_49d,0.35,generator_1,1,15,0.02777208387851715,0.9722279161214828,2.930323600769043,4.352115631103516,1423
fold_3,last_49d,0.4,generator_1,1,15,0.027929069474339485,0.9720709305256605,2.950237274169922,4.367434024810791,1423
fold_3,last_49d,0.5,generator_1,1,15,0.02836628444492817,0.9716337155550718,3.003446340560913,4.408421516418457,1423
fold_3,last_49d,0.6,generator_1,1,15,0.02893681637942791,0.9710631836205721,3.071063280105591,4.462878227233887,1423
fold_3,last_49d,0.0,generator_1,2,30,0.03794446215033531,0.9620555378496647,3.9504013061523438,5.941202163696289,1423
fold_3,last_49d,0.1,generator_1,2,30,0.037760984152555466,0.9622390158474445,3.9364850521087646,5.897695541381836,1423
fold_3,last_49d,0.15,generator_1,2,30,0.03770420700311661,0.9622957929968834,3.9334568977355957,5.880878925323486,1423
fold_3,last_49d,0.2,generator_1,2,30,0.03767631575465202,0.962323684245348,3.9335696697235107,5.867393970489502,1423
fold_3,last_49d,0.25,generator_1,2,30,0.037680383771657944,0.9623196162283421,3.9372828006744385,5.857263088226318,1423
fold_3,last_49d,0.3,generator_1,2,30,0.037710562348365784,0.9622894376516342,3.943702459335327,5.850502967834473,1423
fold_3,last_49d,0.35,generator_1,2,30,0.037767086178064346,0.9622329138219357,3.952878713607788,5.847126483917236,1423
fold_3,last_49d,0.4,generator_1,2,30,0.037851084023714066,0.9621489159762859,3.9647939205169678,5.84713888168335,1423
fold_3,last_49d,0.5,generator_1,2,30,0.038113974034786224,0.9618860259652138,3.9985437393188477,5.857324600219727,1423
fold_3,last_49d,0.6,generator_1,2,30,0.038509536534547806,0.9614904634654522,4.046572208404541,5.8809895515441895,1423
fold_3,last_49d,0.0,generator_1,3,45,0.045877065509557724,0.9541229344904423,4.774826526641846,7.216490745544434,1423
fold_3,last_49d,0.1,generator_1,3,45,0.04559587687253952,0.9544041231274605,4.753937244415283,7.144536018371582,1423
fold_3,last_49d,0.15,generator_1,3,45,0.045540086925029755,0.9544599130749702,4.752798080444336,7.118343353271484,1423
fold_3,last_49d,0.2,generator_1,3,45,0.045558348298072815,0.9544416517019272,4.760176658630371,7.098775386810303,1423
fold_3,last_49d,0.25,generator_1,3,45,0.04565370827913284,0.9543462917208672,4.775939464569092,7.085887908935547,1423
fold_3,last_49d,0.3,generator_1,3,45,0.04581526294350624,0.9541847370564938,4.798680782318115,7.079716682434082,1423
fold_3,last_49d,0.35,generator_1,3,45,0.046046480536460876,0.9539535194635391,4.829041957855225,7.080280303955078,1423
fold_3,last_49d,0.4,generator_1,3,45,0.046333327889442444,0.9536666721105576,4.865736484527588,7.087576389312744,1423
fold_3,last_49d,0.5,generator_1,3,45,0.04701599106192589,0.9529840089380741,4.9512553215026855,7.1222639083862305,1423
fold_3,last_49d,0.6,generator_1,3,45,0.04782760888338089,0.9521723911166191,5.050736427307129,7.183391571044922,1423
fold_3,last_49d,0.0,generator_1,4,60,0.055551256984472275,0.9444487430155277,5.7941107749938965,8.561657905578613,1423
fold_3,last_49d,0.1,generator_1,4,60,0.055069729685783386,0.9449302703142166,5.758940696716309,8.462313652038574,1423
fold_3,last_49d,0.15,generator_1,4,60,0.05500545725226402,0.944994542747736,5.760540962219238,8.430009841918945,1423
fold_3,last_49d,0.2,generator_1,4,60,0.05508211627602577,0.9449178837239742,5.777884483337402,8.409478187561035,1423
fold_3,last_49d,0.25,generator_1,4,60,0.05526602640748024,0.9447339735925198,5.806953430175781,8.400805473327637,1423
fold_3,last_49d,0.3,generator_1,4,60,0.055560048669576645,0.9444399513304234,5.848718643188477,8.404027938842773,1423
fold_3,last_49d,0.35,generator_1,4,60,0.05594606697559357,0.9440539330244064,5.900444984436035,8.419133186340332,1423
fold_3,last_49d,0.4,generator_1,4,60,0.05644173547625542,0.9435582645237446,5.964454174041748,8.44605541229248,1423
fold_3,last_49d,0.5,generator_1,4,60,0.05770018324255943,0.9422998167574406,6.121562957763672,8.534857749938965,1423
fold_3,last_49d,0.6,generator_1,4,60,0.05925586819648743,0.9407441318035126,6.310845851898193,8.668998718261719,1423
fold_3,last_49d,0.0,generator_1,5,75,0.062458936125040054,0.93754106387496,6.532320022583008,9.458108901977539,1423
fold_3,last_49d,0.1,generator_1,5,75,0.06157121807336807,0.9384287819266319,6.457034587860107,9.316572189331055,1423
fold_3,last_49d,0.15,generator_1,5,75,0.06131233274936676,0.9386876672506332,6.440556526184082,9.266161918640137,1423
fold_3,last_49d,0.2,generator_1,5,75,0.06119723245501518,0.9388027675449848,6.440365791320801,9.229640007019043,1423
fold_3,last_49d,0.25,generator_1,5,75,0.06118667870759964,0.9388133212924004,6.451381206512451,9.207171440124512,1423
fold_3,last_49d,0.3,generator_1,5,75,0.06130710616707802,0.938692893832922,6.4766764640808105,9.198859214782715,1423
fold_3,last_49d,0.35,generator_1,5,75,0.061558425426483154,0.9384415745735168,6.51646089553833,9.204743385314941,1423
fold_3,last_49d,0.4,generator_1,5,75,0.06196103245019913,0.9380389675498009,6.572619915008545,9.224794387817383,1423
fold_3,last_49d,0.5,generator_1,5,75,0.06315392255783081,0.9368460774421692,6.7288970947265625,9.306968688964844,1423
fold_3,last_49d,0.6,generator_1,5,75,0.06469544023275375,0.9353045597672462,6.924659252166748,9.443915367126465,1423
fold_3,last_49d,0.0,generator_1,6,90,0.06867434829473495,0.931325651705265,7.194429874420166,10.386507987976074,1423
fold_3,last_49d,0.1,generator_1,6,90,0.06766676902770996,0.93233323097229,7.109447002410889,10.244237899780273,1423
fold_3,last_49d,0.15,generator_1,6,90,0.06737462431192398,0.932625375688076,7.091227054595947,10.19338607788086,1423
fold_3,last_49d,0.2,generator_1,6,90,0.06724861264228821,0.9327513873577118,7.091728210449219,10.15634536743164,1423
fold_3,last_49d,0.25,generator_1,6,90,0.06724778562784195,0.932752214372158,7.106106281280518,10.13326644897461,1423
fold_3,last_49d,0.3,generator_1,6,90,0.06733910739421844,0.9326608926057816,7.131017684936523,10.124245643615723,1423
fold_3,last_49d,0.35,generator_1,6,90,0.06755770742893219,0.9324422925710678,7.169865608215332,10.129319190979004,1423
fold_3,last_49d,0.4,generator_1,6,90,0.06790919601917267,0.9320908039808273,7.224177837371826,10.148467063903809,1423
fold_3,last_49d,0.5,generator_1,6,90,0.06896921247243881,0.9310307875275612,7.373215198516846,10.22861099243164,1423
fold_3,last_49d,0.6,generator_1,6,90,0.07050448656082153,0.9294955134391785,7.574106216430664,10.363378524780273,1423
fold_3,last_49d,0.0,generator_1,7,105,0.07389960438013077,0.9261003956198692,7.745500087738037,11.134293556213379,1423
fold_3,last_49d,0.1,generator_1,7,105,0.07298930734395981,0.9270106926560402,7.677022933959961,10.98790168762207,1423
fold_3,last_49d,0.15,generator_1,7,105,0.07282479107379913,0.9271752089262009,7.675971984863281,10.942543029785156,1423
fold_3,last_49d,0.2,generator_1,7,105,0.07286082208156586,0.9271391779184341,7.699077606201172,10.916078567504883,1423
fold_3,last_49d,0.25,generator_1,7,105,0.07306228578090668,0.9269377142190933,7.741025447845459,10.908650398254395,1423
fold_3,last_49d,0.3,generator_1,7,105,0.07342386245727539,0.9265761375427246,7.8011627197265625,10.920294761657715,1423
fold_3,last_49d,0.35,generator_1,7,105,0.07392402738332748,0.9260759726166725,7.877260684967041,10.95095157623291,1423
fold_3,last_49d,0.4,generator_1,7,105,0.0745723769068718,0.9254276230931282,7.969489574432373,11.00046157836914,1423
fold_3,last_49d,0.5,generator_1,7,105,0.07625984400510788,0.9237401559948921,8.195585250854492,11.154943466186523,1423
fold_3,last_49d,0.6,generator_1,7,105,0.07847873121500015,0.9215212687849998,8.479153633117676,11.38071346282959,1423
fold_3,last_49d,0.0,generator_1,8,120,0.07755813002586365,0.9224418699741364,8.157136917114258,11.642637252807617,1423
fold_3,last_49d,0.1,generator_1,8,120,0.07644372433423996,0.92355627566576,8.067021369934082,11.51045036315918,1423
fold_3,last_49d,0.15,generator_1,8,120,0.07615514099597931,0.9238448590040207,8.052757263183594,11.469976425170898,1423
fold_3,last_49d,0.2,generator_1,8,120,0.07607436180114746,0.9239256381988525,8.062968254089355,11.446849822998047,1423
fold_3,last_49d,0.25,generator_1,8,120,0.07617217302322388,0.9238278269767761,8.093597412109375,11.441174507141113,1423
fold_3,last_49d,0.3,generator_1,8,120,0.0764663890004158,0.9235336109995842,8.14611530303955,11.452977180480957,1423
fold_3,last_49d,0.35,generator_1,8,120,0.07695356011390686,0.9230464398860931,8.220324516296387,11.482203483581543,1423
fold_3,last_49d,0.4,generator_1,8,120,0.07757516950368881,0.9224248304963112,8.309815406799316,11.52872085571289,1423
fold_3,last_49d,0.5,generator_1,8,120,0.07921234518289566,0.9207876548171043,8.533675193786621,11.672727584838867,1423
fold_3,last_49d,0.6,generator_1,8,120,0.08132512867450714,0.9186748713254929,8.809462547302246,11.882514953613281,1423
fold_3,last_49d,0.0,generator_all,1,15,0.016578085720539093,0.9834219142794609,5.144128322601318,8.061871528625488,1423
fold_3,last_49d,0.1,generator_all,1,15,0.016339177265763283,0.9836608227342367,5.075114727020264,7.946577072143555,1423
fold_3,last_49d,0.15,generator_all,1,15,0.016242634505033493,0.9837573654949665,5.047675609588623,7.893909454345703,1423
fold_3,last_49d,0.2,generator_all,1,15,0.01615609973669052,0.9838439002633095,5.023125171661377,7.844649314880371,1423
fold_3,last_49d,0.25,generator_all,1,15,0.01608109287917614,0.9839189071208239,5.002152442932129,7.798863410949707,1423
fold_3,last_49d,0.3,generator_all,1,15,0.016018198803067207,0.9839818011969328,4.984820365905762,7.756612300872803,1423
fold_3,last_49d,0.35,generator_all,1,15,0.01596808061003685,0.9840319193899632,4.971394062042236,7.717954635620117,1423
fold_3,last_49d,0.4,generator_all,1,15,0.015931177884340286,0.9840688221156597,4.962069988250732,7.682943820953369,1423
fold_3,last_49d,0.5,generator_all,1,15,0.015882648527622223,0.9841173514723778,4.951211929321289,7.624061107635498,1423
fold_3,last_49d,0.6,generator_all,1,15,0.01586754620075226,0.9841324537992477,4.950815200805664,7.580308437347412,1423
fold_3,last_49d,0.0,generator_all,2,30,0.025849835947155952,0.974150164052844,7.988356113433838,12.544641494750977,1423
fold_3,last_49d,0.1,generator_all,2,30,0.02531364932656288,0.9746863506734371,7.830118656158447,12.284069061279297,1423
fold_3,last_49d,0.15,generator_all,2,30,0.025100013241171837,0.9748999867588282,7.768159866333008,12.164314270019531,1423
fold_3,last_49d,0.2,generator_all,2,30,0.02490629069507122,0.9750937093049288,7.7126030921936035,12.051864624023438,1423
fold_3,last_49d,0.25,generator_all,2,30,0.024737898260354996,0.975262101739645,7.665360450744629,11.946928024291992,1423
fold_3,last_49d,0.3,generator_all,2,30,0.024599328637123108,0.9754006713628769,7.627274513244629,11.849699974060059,1423
fold_3,last_49d,0.35,generator_all,2,30,0.024481842294335365,0.9755181577056646,7.595206260681152,11.760374069213867,1423
fold_3,last_49d,0.4,generator_all,2,30,0.024391133338212967,0.975608866661787,7.571118354797363,11.679130554199219,1423
fold_3,last_49d,0.5,generator_all,2,30,0.024276353418827057,0.9757236465811729,7.543459892272949,11.541559219360352,1423
fold_3,last_49d,0.6,generator_all,2,30,0.02427864260971546,0.9757213573902845,7.553362846374512,11.438178062438965,1423
fold_3,last_49d,0.0,generator_all,3,45,0.03452293947339058,0.9654770605266094,10.652626037597656,16.254003524780273,1423
fold_3,last_49d,0.1,generator_all,3,45,0.03378750756382942,0.9662124924361706,10.438617706298828,15.92269229888916,1423
fold_3,last_49d,0.15,generator_all,3,45,0.033473484218120575,0.9665265157818794,10.348753929138184,15.771379470825195,1423
fold_3,last_49d,0.2,generator_all,3,45,0.03320418298244476,0.9667958170175552,10.272698402404785,15.630002975463867,1423
fold_3,last_49d,0.25,generator_all,3,45,0.0329781137406826,0.9670218862593174,10.210403442382812,15.498835563659668,1423
fold_3,last_49d,0.3,generator_all,3,45,0.03279321268200874,0.9672067873179913,10.16086483001709,15.37813949584961,1423
fold_3,last_49d,0.35,generator_all,3,45,0.03265499323606491,0.9673450067639351,10.125863075256348,15.268160820007324,1423
fold_3,last_49d,0.4,generator_all,3,45,0.032557662576436996,0.967442337423563,10.103721618652344,15.169135093688965,1423
fold_3,last_49d,0.5,generator_all,3,45,0.03246534988284111,0.9675346501171589,10.091622352600098,15.004782676696777,1423
fold_3,last_49d,0.6,generator_all,3,45,0.032497938722372055,0.967502061277628,10.118192672729492,14.886560440063477,1423
fold_3,last_49d,0.0,generator_all,4,60,0.04247618094086647,0.9575238190591335,13.129419326782227,19.468996047973633,1423
fold_3,last_49d,0.1,generator_all,4,60,0.04156758636236191,0.9584324136376381,12.869078636169434,19.090641021728516,1423
fold_3,last_49d,0.15,generator_all,4,60,0.0411963127553463,0.9588036872446537,12.764781951904297,18.921096801757812,1423
fold_3,last_49d,0.2,generator_all,4,60,0.040879618376493454,0.9591203816235065,12.677228927612305,18.76512336730957,1423
fold_3,last_49d,0.25,generator_all,4,60,0.04062594845890999,0.95937405154109,12.609747886657715,18.623065948486328,1423
fold_3,last_49d,0.3,generator_all,4,60,0.040425680577754974,0.959574319422245,12.559499740600586,18.4952392578125,1423
fold_3,last_49d,0.35,generator_all,4,60,0.040259603410959244,0.9597403965890408,12.520303726196289,18.381940841674805,1423
fold_3,last_49d,0.4,generator_all,4,60,0.040145546197891235,0.9598544538021088,12.498021125793457,18.283447265625,1423
fold_3,last_49d,0.5,generator_all,4,60,0.04011624678969383,0.9598837532103062,12.515681266784668,18.13178253173828,1423
fold_3,last_49d,0.6,generator_all,4,60,0.04027388244867325,0.9597261175513268,12.59158706665039,18.041765213012695,1423
fold_3,last_49d,0.0,generator_all,5,75,0.049257103353738785,0.9507428966462612,15.234405517578125,22.1178035736084,1423
fold_3,last_49d,0.1,generator_all,5,75,0.04827757924795151,0.9517224207520485,14.957989692687988,21.70457649230957,1423
fold_3,last_49d,0.15,generator_all,5,75,0.047881655395030975,0.952118344604969,14.850107192993164,21.52375030517578,1423
fold_3,last_49d,0.2,generator_all,5,75,0.04754847660660744,0.9524515233933926,14.762543678283691,21.36071014404297,1423
fold_3,last_49d,0.25,generator_all,5,75,0.04726055637001991,0.9527394436299801,14.689352989196777,21.21586799621582,1423
fold_3,last_49d,0.3,generator_all,5,75,0.047054074704647064,0.9529459252953529,14.642645835876465,21.0895938873291,1423
fold_3,last_49d,0.35,generator_all,5,75,0.04692947864532471,0.9530705213546753,14.62255573272705,20.98223114013672,1423
fold_3,last_49d,0.4,generator_all,5,75,0.04686183109879494,0.9531381689012051,14.62030029296875,20.894065856933594,1423
fold_3,last_49d,0.5,generator_all,5,75,0.04690670222043991,0.9530932977795601,14.672849655151367,20.776254653930664,1423
fold_3,last_49d,0.6,generator_all,5,75,0.04718581587076187,0.9528141841292381,14.798213005065918,20.73748779296875,1423
fold_3,last_49d,0.0,generator_all,6,90,0.055284034460783005,0.944715965539217,17.10329246520996,24.392398834228516,1423
fold_3,last_49d,0.1,generator_all,6,90,0.05417277663946152,0.9458272233605385,16.78721046447754,23.96687889099121,1423
fold_3,last_49d,0.15,generator_all,6,90,0.053710147738456726,0.9462898522615433,16.659183502197266,23.78079605102539,1423
fold_3,last_49d,0.2,generator_all,6,90,0.0533016212284565,0.9466983787715435,16.548595428466797,23.613069534301758,1423
fold_3,last_49d,0.25,generator_all,6,90,0.052966389805078506,0.9470336101949215,16.46148681640625,23.464096069335938,1423
fold_3,last_49d,0.3,generator_all,6,90,0.052713196724653244,0.9472868032753468,16.401126861572266,23.334232330322266,1423
fold_3,last_49d,0.35,generator_all,6,90,0.05252944678068161,0.9474705532193184,16.36368751525879,23.22380256652832,1423
fold_3,last_49d,0.4,generator_all,6,90,0.052403658628463745,0.9475963413715363,16.34444808959961,23.133079528808594,1423
fold_3,last_49d,0.5,generator_all,6,90,0.0523478239774704,0.9476521760225296,16.367055892944336,23.011648178100586,1423
fold_3,last_49d,0.6,generator_all,6,90,0.05254524201154709,0.9474547579884529,16.469873428344727,22.971202850341797,1423
fold_3,last_49d,0.0,generator_all,7,105,0.06004296615719795,0.939957033842802,18.563161849975586,26.230043411254883,1423
fold_3,last_49d,0.1,generator_all,7,105,0.058833129703998566,0.9411668702960014,18.223251342773438,25.801551818847656,1423
fold_3,last_49d,0.15,generator_all,7,105,0.05837063863873482,0.9416293613612652,18.100351333618164,25.619674682617188,1423
fold_3,last_49d,0.2,generator_all,7,105,0.05796284228563309,0.9420371577143669,17.99523162841797,25.460012435913086,1423
fold_3,last_49d,0.25,generator_all,7,105,0.05764368548989296,0.942356314510107,17.919137954711914,25.322982788085938,1423
fold_3,last_49d,0.3,generator_all,7,105,0.05742645636200905,0.942573543637991,17.875879287719727,25.208955764770508,1423
fold_3,last_49d,0.35,generator_all,7,105,0.05728978291153908,0.9427102170884609,17.8587589263916,25.11824607849121,1423
fold_3,last_49d,0.4,generator_all,7,105,0.05723719671368599,0.942762803286314,17.86910057067871,25.05110740661621,1423
fold_3,last_49d,0.5,generator_all,7,105,0.057356491684913635,0.9426435083150864,17.96139907836914,24.988229751586914,1423
fold_3,last_49d,0.6,generator_all,7,105,0.057762037962675095,0.9422379620373249,18.14472007751465,25.021041870117188,1423
fold_3,last_49d,0.0,generator_all,8,120,0.06411588937044144,0.9358841106295586,19.823543548583984,27.73310661315918,1423
fold_3,last_49d,0.1,generator_all,8,120,0.06275097280740738,0.9372490271925926,19.441286087036133,27.27096176147461,1423
fold_3,last_49d,0.15,generator_all,8,120,0.06220954284071922,0.9377904571592808,19.2957706451416,27.073631286621094,1423
fold_3,last_49d,0.2,generator_all,8,120,0.06176985800266266,0.9382301419973373,19.183292388916016,26.899473190307617,1423
fold_3,last_49d,0.25,generator_all,8,120,0.06143166869878769,0.9385683313012123,19.103595733642578,26.74894142150879,1423
fold_3,last_49d,0.3,generator_all,8,120,0.061189163476228714,0.9388108365237713,19.055326461791992,26.622434616088867,1423
fold_3,last_49d,0.35,generator_all,8,120,0.06103324890136719,0.9389667510986328,19.035743713378906,26.52029800415039,1423
fold_3,last_49d,0.4,generator_all,8,120,0.0609547458589077,0.9390452541410923,19.041561126708984,26.442813873291016,1423
fold_3,last_49d,0.5,generator_all,8,120,0.0609944723546505,0.9390055276453495,19.115617752075195,26.362606048583984,1423
fold_3,last_49d,0.6,generator_all,8,120,0.061370957642793655,0.9386290423572063,19.29660987854004,26.382715225219727,1423
