fold,model,blend,target,horizon_step,horizon_minutes,mape,score_1_minus_mape,mae,rmse,samples
fold_1,direct_d5_time_augmented,0.0,generator_1,1,15,0.03156391158699989,0.9684360884130001,2.3762598037719727,3.84385347366333,1440
fold_1,direct_d5_time_augmented,0.05,generator_1,1,15,0.031468529254198074,0.9685314707458019,2.3693573474884033,3.8388097286224365,1440
fold_1,direct_d5_time_augmented,0.1,generator_1,1,15,0.03141116723418236,0.9685888327658176,2.3654890060424805,3.835799217224121,1440
fold_1,direct_d5_time_augmented,0.15,generator_1,1,15,0.03138965368270874,0.9686103463172913,2.3641552925109863,3.8348264694213867,1440
fold_1,direct_d5_time_augmented,0.2,generator_1,1,15,0.03140775486826897,0.968592245131731,2.3655648231506348,3.8358919620513916,1440
fold_1,direct_d5_time_augmented,0.25,generator_1,1,15,0.031480271369218826,0.9685197286307812,2.3711609840393066,3.8389956951141357,1440
fold_1,direct_d5_time_augmented,0.3,generator_1,1,15,0.03159194812178612,0.9684080518782139,2.379748821258545,3.8441314697265625,1440
fold_1,direct_d5_time_augmented,0.35,generator_1,1,15,0.03175119310617447,0.9682488068938255,2.3917086124420166,3.8512914180755615,1440
fold_1,direct_d5_time_augmented,0.4,generator_1,1,15,0.03195635601878166,0.9680436439812183,2.4072113037109375,3.8604648113250732,1440
fold_1,direct_d5_time_augmented,0.45,generator_1,1,15,0.032191310077905655,0.9678086899220943,2.425046682357788,3.8716368675231934,1440
fold_1,direct_d5_time_augmented,0.5,generator_1,1,15,0.03245462104678154,0.9675453789532185,2.445096254348755,3.8847904205322266,1440
fold_1,direct_d5_time_augmented,0.55,generator_1,1,15,0.03274516761302948,0.9672548323869705,2.467195987701416,3.8999056816101074,1440
fold_1,direct_d5_time_augmented,0.6,generator_1,1,15,0.03307376056909561,0.9669262394309044,2.49206280708313,3.916959524154663,1440
fold_1,direct_d5_time_augmented,0.65,generator_1,1,15,0.03343814238905907,0.9665618576109409,2.519700050354004,3.935926914215088,1440
fold_1,direct_d5_time_augmented,0.7,generator_1,1,15,0.03384646028280258,0.9661535397171974,2.550725221633911,3.956780433654785,1440
fold_1,direct_d5_time_augmented,0.75,generator_1,1,15,0.034296903759241104,0.9657030962407589,2.584916830062866,3.979490041732788,1440
fold_1,direct_d5_time_augmented,0.8,generator_1,1,15,0.0347779281437397,0.9652220718562603,2.621704578399658,4.004024982452393,1440
fold_1,direct_d5_time_augmented,0.85,generator_1,1,15,0.035281918942928314,0.9647180810570717,2.6601483821868896,4.030351161956787,1440
fold_1,direct_d5_time_augmented,0.9,generator_1,1,15,0.035808954387903214,0.9641910456120968,2.700334072113037,4.058433532714844,1440
fold_1,direct_d5_time_augmented,0.95,generator_1,1,15,0.03635945916175842,0.9636405408382416,2.7424983978271484,4.0882368087768555,1440
fold_1,direct_d5_time_augmented,1.0,generator_1,1,15,0.03692592307925224,0.9630740769207478,2.786018133163452,4.119723320007324,1440
fold_1,direct_d5_time_augmented,0.0,generator_1,2,30,0.043275974690914154,0.9567240253090858,3.215257167816162,5.361660957336426,1440
fold_1,direct_d5_time_augmented,0.05,generator_1,2,30,0.04323095455765724,0.9567690454423428,3.2150566577911377,5.353695869445801,1440
fold_1,direct_d5_time_augmented,0.1,generator_1,2,30,0.04334062710404396,0.956659372895956,3.226865530014038,5.352270126342773,1440
fold_1,direct_d5_time_augmented,0.15,generator_1,2,30,0.04356740415096283,0.9564325958490372,3.2477447986602783,5.357388019561768,1440
fold_1,direct_d5_time_augmented,0.2,generator_1,2,30,0.043910618871450424,0.9560893811285496,3.2781686782836914,5.3690314292907715,1440
fold_1,direct_d5_time_augmented,0.25,generator_1,2,30,0.044380903244018555,0.9556190967559814,3.3184916973114014,5.387157440185547,1440
fold_1,direct_d5_time_augmented,0.3,generator_1,2,30,0.04494559392333031,0.9550544060766697,3.3657002449035645,5.411702632904053,1440
fold_1,direct_d5_time_augmented,0.35,generator_1,2,30,0.0456165112555027,0.9543834887444973,3.42100191116333,5.442577838897705,1440
fold_1,direct_d5_time_augmented,0.4,generator_1,2,30,0.04641007259488106,0.9535899274051189,3.486058235168457,5.479677677154541,1440
fold_1,direct_d5_time_augmented,0.45,generator_1,2,30,0.04730261117219925,0.9526973888278008,3.558675765991211,5.5228753089904785,1440
fold_1,direct_d5_time_augmented,0.5,generator_1,2,30,0.04827409237623215,0.9517259076237679,3.6375441551208496,5.572031021118164,1440
fold_1,direct_d5_time_augmented,0.55,generator_1,2,30,0.04929855838418007,0.9507014416158199,3.7207112312316895,5.626986980438232,1440
fold_1,direct_d5_time_augmented,0.6,generator_1,2,30,0.05038243904709816,0.9496175609529018,3.808605670928955,5.687575340270996,1440
fold_1,direct_d5_time_augmented,0.65,generator_1,2,30,0.05153227970004082,0.9484677202999592,3.9019949436187744,5.753618240356445,1440
fold_1,direct_d5_time_augmented,0.7,generator_1,2,30,0.05275876820087433,0.9472412317991257,4.001246929168701,5.824930667877197,1440
fold_1,direct_d5_time_augmented,0.75,generator_1,2,30,0.054059263318777084,0.9459407366812229,4.106061935424805,5.901320457458496,1440
fold_1,direct_d5_time_augmented,0.8,generator_1,2,30,0.055419210344552994,0.944580789655447,4.215579032897949,5.9825944900512695,1440
fold_1,direct_d5_time_augmented,0.85,generator_1,2,30,0.056846290826797485,0.9431537091732025,4.330377101898193,6.06855583190918,1440
fold_1,direct_d5_time_augmented,0.9,generator_1,2,30,0.05832984670996666,0.9416701532900333,4.449408054351807,6.159008502960205,1440
fold_1,direct_d5_time_augmented,0.95,generator_1,2,30,0.059861622750759125,0.9401383772492409,4.572001934051514,6.253756999969482,1440
fold_1,direct_d5_time_augmented,1.0,generator_1,2,30,0.06143849343061447,0.9385615065693855,4.697900772094727,6.352609634399414,1440
fold_1,direct_d5_time_augmented,0.0,generator_1,3,45,0.05293743312358856,0.9470625668764114,3.907463312149048,6.586505889892578,1440
fold_1,direct_d5_time_augmented,0.05,generator_1,3,45,0.05290445685386658,0.9470955431461334,3.912242889404297,6.578362464904785,1440
fold_1,direct_d5_time_augmented,0.1,generator_1,3,45,0.053095731884241104,0.9469042681157589,3.9351134300231934,6.580535411834717,1440
fold_1,direct_d5_time_augmented,0.15,generator_1,3,45,0.0535288006067276,0.9464711993932724,3.976140260696411,6.593013286590576,1440
fold_1,direct_d5_time_augmented,0.2,generator_1,3,45,0.05415812507271767,0.9458418749272823,4.0317702293396,6.615738391876221,1440
fold_1,direct_d5_time_augmented,0.25,generator_1,3,45,0.054973941296339035,0.945026058703661,4.102378845214844,6.648605823516846,1440
fold_1,direct_d5_time_augmented,0.3,generator_1,3,45,0.05600158870220184,0.9439984112977982,4.189373016357422,6.691466331481934,1440
fold_1,direct_d5_time_augmented,0.35,generator_1,3,45,0.05721934512257576,0.9427806548774242,4.292418003082275,6.744128227233887,1440
fold_1,direct_d5_time_augmented,0.4,generator_1,3,45,0.05861105024814606,0.9413889497518539,4.408908367156982,6.806365966796875,1440
fold_1,direct_d5_time_augmented,0.45,generator_1,3,45,0.060155339539051056,0.9398446604609489,4.537092208862305,6.877917766571045,1440
fold_1,direct_d5_time_augmented,0.5,generator_1,3,45,0.06182507798075676,0.9381749220192432,4.674534797668457,6.958497047424316,1440
fold_1,direct_d5_time_augmented,0.55,generator_1,3,45,0.06358892470598221,0.9364110752940178,4.819099426269531,7.047794342041016,1440
fold_1,direct_d5_time_augmented,0.6,generator_1,3,45,0.06541642546653748,0.9345835745334625,4.968827247619629,7.145482063293457,1440
fold_1,direct_d5_time_augmented,0.65,generator_1,3,45,0.06732817739248276,0.9326718226075172,5.12529182434082,7.251222133636475,1440
fold_1,direct_d5_time_augmented,0.7,generator_1,3,45,0.06933372467756271,0.9306662753224373,5.288948059082031,7.3646674156188965,1440
fold_1,direct_d5_time_augmented,0.75,generator_1,3,45,0.07141028344631195,0.928589716553688,5.4580817222595215,7.485467433929443,1440
fold_1,direct_d5_time_augmented,0.8,generator_1,3,45,0.07355999201536179,0.9264400079846382,5.632758140563965,7.613271713256836,1440
fold_1,direct_d5_time_augmented,0.85,generator_1,3,45,0.07577475160360336,0.9242252483963966,5.812230110168457,7.7477335929870605,1440
fold_1,direct_d5_time_augmented,0.9,generator_1,3,45,0.07802601158618927,0.9219739884138107,5.994445323944092,7.888513565063477,1440
fold_1,direct_d5_time_augmented,0.95,generator_1,3,45,0.08031661808490753,0.9196833819150925,6.179847717285156,8.035279273986816,1440
fold_1,direct_d5_time_augmented,1.0,generator_1,3,45,0.08264943957328796,0.917350560426712,6.367788314819336,8.187707901000977,1440
fold_1,direct_d5_time_augmented,0.0,generator_1,4,60,0.06344591826200485,0.9365540817379951,4.6405253410339355,7.748594760894775,1440
fold_1,direct_d5_time_augmented,0.05,generator_1,4,60,0.06335072219371796,0.936649277806282,4.641241073608398,7.737513542175293,1440
fold_1,direct_d5_time_augmented,0.1,generator_1,4,60,0.06353003531694412,0.9364699646830559,4.664902687072754,7.736723899841309,1440
fold_1,direct_d5_time_augmented,0.15,generator_1,4,60,0.06398580223321915,0.9360141977667809,4.709362506866455,7.746230125427246,1440
fold_1,direct_d5_time_augmented,0.2,generator_1,4,60,0.06465567648410797,0.935344323515892,4.770541667938232,7.765993595123291,1440
fold_1,direct_d5_time_augmented,0.25,generator_1,4,60,0.06550435721874237,0.9344956427812576,4.846634387969971,7.795936107635498,1440
fold_1,direct_d5_time_augmented,0.3,generator_1,4,60,0.0665217936038971,0.9334782063961029,4.936310291290283,7.835941791534424,1440
fold_1,direct_d5_time_augmented,0.35,generator_1,4,60,0.06772374361753464,0.9322762563824654,5.039365768432617,7.885857105255127,1440
fold_1,direct_d5_time_augmented,0.4,generator_1,4,60,0.06913091987371445,0.9308690801262856,5.1576924324035645,7.94549560546875,1440
fold_1,direct_d5_time_augmented,0.45,generator_1,4,60,0.07073032855987549,0.9292696714401245,5.290108680725098,8.014639854431152,1440
fold_1,direct_d5_time_augmented,0.5,generator_1,4,60,0.07246991246938705,0.927530087530613,5.432487964630127,8.093046188354492,1440
fold_1,direct_d5_time_augmented,0.55,generator_1,4,60,0.07430451363325119,0.9256954863667488,5.581801891326904,8.180448532104492,1440
fold_1,direct_d5_time_augmented,0.6,generator_1,4,60,0.0762360543012619,0.9237639456987381,5.738865375518799,8.276561737060547,1440
fold_1,direct_d5_time_augmented,0.65,generator_1,4,60,0.0782833993434906,0.9217166006565094,5.903854846954346,8.381086349487305,1440
fold_1,direct_d5_time_augmented,0.7,generator_1,4,60,0.08045488595962524,0.9195451140403748,6.0773186683654785,8.493711471557617,1440
fold_1,direct_d5_time_augmented,0.75,generator_1,4,60,0.08270284533500671,0.9172971546649933,6.256589889526367,8.614119529724121,1440
fold_1,direct_d5_time_augmented,0.8,generator_1,4,60,0.08504506945610046,0.9149549305438995,6.443451404571533,8.741989135742188,1440
fold_1,direct_d5_time_augmented,0.85,generator_1,4,60,0.0874629095196724,0.9125370904803276,6.635533332824707,8.876997947692871,1440
fold_1,direct_d5_time_augmented,0.9,generator_1,4,60,0.08993691205978394,0.9100630879402161,6.831984519958496,9.018823623657227,1440
fold_1,direct_d5_time_augmented,0.95,generator_1,4,60,0.09245488792657852,0.9075451120734215,7.031658172607422,9.167152404785156,1440
fold_1,direct_d5_time_augmented,1.0,generator_1,4,60,0.09501320868730545,0.9049867913126945,7.234094142913818,9.321672439575195,1440
fold_1,direct_d5_time_augmented,0.0,generator_1,5,75,0.07216058671474457,0.9278394132852554,5.2519426345825195,8.712187767028809,1440
fold_1,direct_d5_time_augmented,0.05,generator_1,5,75,0.07211101055145264,0.9278889894485474,5.257834434509277,8.69814682006836,1440
fold_1,direct_d5_time_augmented,0.1,generator_1,5,75,0.07233978807926178,0.9276602119207382,5.284511566162109,8.696562767028809,1440
fold_1,direct_d5_time_augmented,0.15,generator_1,5,75,0.07286584377288818,0.9271341562271118,5.3351664543151855,8.707444190979004,1440
fold_1,direct_d5_time_augmented,0.2,generator_1,5,75,0.07375261187553406,0.9262473881244659,5.412369728088379,8.730743408203125,1440
fold_1,direct_d5_time_augmented,0.25,generator_1,5,75,0.07495318353176117,0.9250468164682388,5.512222766876221,8.766362190246582,1440
fold_1,direct_d5_time_augmented,0.3,generator_1,5,75,0.07639914751052856,0.9236008524894714,5.630898475646973,8.814149856567383,1440
fold_1,direct_d5_time_augmented,0.35,generator_1,5,75,0.07804537564516068,0.9219546243548393,5.764921188354492,8.873910903930664,1440
fold_1,direct_d5_time_augmented,0.4,generator_1,5,75,0.0798482820391655,0.9201517179608345,5.9106011390686035,8.945405006408691,1440
fold_1,direct_d5_time_augmented,0.45,generator_1,5,75,0.08181203156709671,0.9181879684329033,6.068391799926758,9.028353691101074,1440
fold_1,direct_d5_time_augmented,0.5,generator_1,5,75,0.0839625746011734,0.9160374253988266,6.239401817321777,9.122445106506348,1440
fold_1,direct_d5_time_augmented,0.55,generator_1,5,75,0.08623477816581726,0.9137652218341827,6.419376850128174,9.227336883544922,1440
fold_1,direct_d5_time_augmented,0.6,generator_1,5,75,0.08864518254995346,0.9113548174500465,6.609671592712402,9.34266471862793,1440
fold_1,direct_d5_time_augmented,0.65,generator_1,5,75,0.09120012819766998,0.90879987180233,6.810504913330078,9.468050003051758,1440
fold_1,direct_d5_time_augmented,0.7,generator_1,5,75,0.09386155754327774,0.9061384424567223,7.019084453582764,9.603096961975098,1440
fold_1,direct_d5_time_augmented,0.75,generator_1,5,75,0.09660974889993668,0.9033902511000633,7.233630180358887,9.747404098510742,1440
fold_1,direct_d5_time_augmented,0.8,generator_1,5,75,0.0994533821940422,0.9005466178059578,7.454994201660156,9.900568008422852,1440
fold_1,direct_d5_time_augmented,0.85,generator_1,5,75,0.10238097608089447,0.8976190239191055,7.682801723480225,10.06218147277832,1440
fold_1,direct_d5_time_augmented,0.9,generator_1,5,75,0.10536155849695206,0.8946384415030479,7.914496421813965,10.231846809387207,1440
fold_1,direct_d5_time_augmented,0.95,generator_1,5,75,0.10841695964336395,0.891583040356636,8.151815414428711,10.409168243408203,1440
fold_1,direct_d5_time_augmented,1.0,generator_1,5,75,0.11152824759483337,0.8884717524051666,8.393213272094727,10.59376335144043,1440
fold_1,direct_d5_time_augmented,0.0,generator_1,6,90,0.08152056485414505,0.918479435145855,5.910423278808594,9.55147933959961,1440
fold_1,direct_d5_time_augmented,0.05,generator_1,6,90,0.08146538585424423,0.9185346141457558,5.918781757354736,9.533018112182617,1440
fold_1,direct_d5_time_augmented,0.1,generator_1,6,90,0.08175944536924362,0.9182405546307564,5.95635986328125,9.532733917236328,1440
fold_1,direct_d5_time_augmented,0.15,generator_1,6,90,0.0824570432305336,0.9175429567694664,6.025641441345215,9.550630569458008,1440
fold_1,direct_d5_time_augmented,0.2,generator_1,6,90,0.08359377831220627,0.9164062216877937,6.127587795257568,9.586603164672852,1440
fold_1,direct_d5_time_augmented,0.25,generator_1,6,90,0.08509163558483124,0.9149083644151688,6.258508205413818,9.64045238494873,1440
fold_1,direct_d5_time_augmented,0.3,generator_1,6,90,0.086969755589962,0.913030244410038,6.419209957122803,9.711878776550293,1440
fold_1,direct_d5_time_augmented,0.35,generator_1,6,90,0.08915635943412781,0.9108436405658722,6.601383686065674,9.800498962402344,1440
fold_1,direct_d5_time_augmented,0.4,generator_1,6,90,0.09163535386323929,0.9083646461367607,6.804598808288574,9.905851364135742,1440
fold_1,direct_d5_time_augmented,0.45,generator_1,6,90,0.09437618404626846,0.9056238159537315,7.02674674987793,10.027408599853516,1440
fold_1,direct_d5_time_augmented,0.5,generator_1,6,90,0.097320556640625,0.902679443359375,7.2637939453125,10.164589881896973,1440
fold_1,direct_d5_time_augmented,0.55,generator_1,6,90,0.100413978099823,0.899586021900177,7.511375427246094,10.316770553588867,1440
fold_1,direct_d5_time_augmented,0.6,generator_1,6,90,0.10362565517425537,0.8963743448257446,7.767309665679932,10.483298301696777,1440
fold_1,direct_d5_time_augmented,0.65,generator_1,6,90,0.10693491995334625,0.8930650800466537,8.03076171875,10.663500785827637,1440
fold_1,direct_d5_time_augmented,0.7,generator_1,6,90,0.11033686250448227,0.8896631374955177,8.30152702331543,10.856697082519531,1440
fold_1,direct_d5_time_augmented,0.75,generator_1,6,90,0.11385182291269302,0.886148177087307,8.580877304077148,11.062207221984863,1440
fold_1,direct_d5_time_augmented,0.8,generator_1,6,90,0.11744662374258041,0.8825533762574196,8.865513801574707,11.279356956481934,1440
fold_1,direct_d5_time_augmented,0.85,generator_1,6,90,0.12111886590719223,0.8788811340928078,9.154875755310059,11.507489204406738,1440
fold_1,direct_d5_time_augmented,0.9,generator_1,6,90,0.12489072978496552,0.8751092702150345,9.451581954956055,11.74596118927002,1440
fold_1,direct_d5_time_augmented,0.95,generator_1,6,90,0.1287263184785843,0.8712736815214157,9.752833366394043,11.994157791137695,1440
fold_1,direct_d5_time_augmented,1.0,generator_1,6,90,0.1326027363538742,0.8673972636461258,10.05667495727539,12.25148868560791,1440
fold_1,direct_d5_time_augmented,0.0,generator_1,7,105,0.08908943831920624,0.9109105616807938,6.44184684753418,10.235238075256348,1440
fold_1,direct_d5_time_augmented,0.05,generator_1,7,105,0.08905576169490814,0.9109442383050919,6.456441879272461,10.214213371276855,1440
fold_1,direct_d5_time_augmented,0.1,generator_1,7,105,0.08942195028066635,0.9105780497193336,6.501681327819824,10.211892127990723,1440
fold_1,direct_d5_time_augmented,0.15,generator_1,7,105,0.09020745009183884,0.9097925499081612,6.579724311828613,10.228288650512695,1440
fold_1,direct_d5_time_augmented,0.2,generator_1,7,105,0.09137053787708282,0.9086294621229172,6.688014030456543,10.263311386108398,1440
fold_1,direct_d5_time_augmented,0.25,generator_1,7,105,0.09283798933029175,0.9071620106697083,6.820863723754883,10.316771507263184,1440
fold_1,direct_d5_time_augmented,0.3,generator_1,7,105,0.09459762275218964,0.9054023772478104,6.9760918617248535,10.388384819030762,1440
fold_1,direct_d5_time_augmented,0.35,generator_1,7,105,0.09659116715192795,0.903408832848072,7.148056507110596,10.477779388427734,1440
fold_1,direct_d5_time_augmented,0.4,generator_1,7,105,0.09890654683113098,0.901093453168869,7.342471599578857,10.584504127502441,1440
fold_1,direct_d5_time_augmented,0.45,generator_1,7,105,0.10151442140340805,0.898485578596592,7.557808876037598,10.708040237426758,1440
fold_1,direct_d5_time_augmented,0.5,generator_1,7,105,0.10436549782752991,0.8956345021724701,7.791829586029053,10.847814559936523,1440
fold_1,direct_d5_time_augmented,0.55,generator_1,7,105,0.1073950007557869,0.8926049992442131,8.039101600646973,11.003207206726074,1440
fold_1,direct_d5_time_augmented,0.6,generator_1,7,105,0.11058174818754196,0.889418251812458,8.298867225646973,11.173567771911621,1440
fold_1,direct_d5_time_augmented,0.65,generator_1,7,105,0.11388007551431656,0.8861199244856834,8.567062377929688,11.358222007751465,1440
fold_1,direct_d5_time_augmented,0.7,generator_1,7,105,0.11728206276893616,0.8827179372310638,8.843103408813477,11.55648422241211,1440
fold_1,direct_d5_time_augmented,0.75,generator_1,7,105,0.12079762667417526,0.8792023733258247,9.12751293182373,11.767667770385742,1440
fold_1,direct_d5_time_augmented,0.8,generator_1,7,105,0.1244279220700264,0.8755720779299736,9.420127868652344,11.991089820861816,1440
fold_1,direct_d5_time_augmented,0.85,generator_1,7,105,0.12812858819961548,0.8718714118003845,9.717886924743652,12.226078033447266,1440
fold_1,direct_d5_time_augmented,0.9,generator_1,7,105,0.13187970221042633,0.8681202977895737,10.019454002380371,12.471981048583984,1440
fold_1,direct_d5_time_augmented,0.95,generator_1,7,105,0.13570420444011688,0.8642957955598831,10.326691627502441,12.728164672851562,1440
fold_1,direct_d5_time_augmented,1.0,generator_1,7,105,0.13957881927490234,0.8604211807250977,10.637505531311035,12.994020462036133,1440
fold_1,direct_d5_time_augmented,0.0,generator_1,8,120,0.09574508666992188,0.9042549133300781,6.915420055389404,10.817008018493652,1440
fold_1,direct_d5_time_augmented,0.05,generator_1,8,120,0.09555061906576157,0.9044493809342384,6.918661117553711,10.788350105285645,1440
fold_1,direct_d5_time_augmented,0.1,generator_1,8,120,0.09573616087436676,0.9042638391256332,6.950863361358643,10.776267051696777,1440
fold_1,direct_d5_time_augmented,0.15,generator_1,8,120,0.09631481021642685,0.9036851897835732,7.0129923820495605,10.78081226348877,1440
fold_1,direct_d5_time_augmented,0.2,generator_1,8,120,0.0972215086221695,0.9027784913778305,7.102524280548096,10.801968574523926,1440
fold_1,direct_d5_time_augmented,0.25,generator_1,8,120,0.09846366941928864,0.9015363305807114,7.216940879821777,10.83963680267334,1440
fold_1,direct_d5_time_augmented,0.3,generator_1,8,120,0.09999272972345352,0.9000072702765465,7.351784706115723,10.893644332885742,1440
fold_1,direct_d5_time_augmented,0.35,generator_1,8,120,0.10179304331541061,0.8982069566845894,7.507138252258301,10.963751792907715,1440
fold_1,direct_d5_time_augmented,0.4,generator_1,8,120,0.10385172814130783,0.8961482718586922,7.68139123916626,11.049652099609375,1440
fold_1,direct_d5_time_augmented,0.45,generator_1,8,120,0.10614006221294403,0.893859937787056,7.872290134429932,11.150979042053223,1440
fold_1,direct_d5_time_augmented,0.5,generator_1,8,120,0.10864927619695663,0.8913507238030434,8.079450607299805,11.267319679260254,1440
fold_1,direct_d5_time_augmented,0.55,generator_1,8,120,0.11127713322639465,0.8887228667736053,8.29542350769043,11.398210525512695,1440
fold_1,direct_d5_time_augmented,0.6,generator_1,8,120,0.11405859887599945,0.8859414011240005,8.522299766540527,11.543158531188965,1440
fold_1,direct_d5_time_augmented,0.65,generator_1,8,120,0.11696266382932663,0.8830373361706734,8.75792407989502,11.701642036437988,1440
fold_1,direct_d5_time_augmented,0.7,generator_1,8,120,0.12001696974039078,0.8799830302596092,9.004916191101074,11.873117446899414,1440
fold_1,direct_d5_time_augmented,0.75,generator_1,8,120,0.12316803634166718,0.8768319636583328,9.258759498596191,12.05703067779541,1440
fold_1,direct_d5_time_augmented,0.8,generator_1,8,120,0.1264350414276123,0.8735649585723877,9.521467208862305,12.252821922302246,1440
fold_1,direct_d5_time_augmented,0.85,generator_1,8,120,0.12976574897766113,0.8702342510223389,9.789032936096191,12.459932327270508,1440
fold_1,direct_d5_time_augmented,0.9,generator_1,8,120,0.13318628072738647,0.8668137192726135,10.063390731811523,12.67780590057373,1440
fold_1,direct_d5_time_augmented,0.95,generator_1,8,120,0.13667725026607513,0.8633227497339249,10.342748641967773,12.905898094177246,1440
fold_1,direct_d5_time_augmented,1.0,generator_1,8,120,0.14023664593696594,0.8597633540630341,10.627100944519043,13.143675804138184,1440
fold_1,direct_d5_time_augmented,0.0,generator_all,1,15,0.021867629140615463,0.9781323708593845,4.078977584838867,6.210054397583008,1440
fold_1,direct_d5_time_augmented,0.05,generator_all,1,15,0.02165876142680645,0.9783412385731936,4.041350364685059,6.140814304351807,1440
fold_1,direct_d5_time_augmented,0.1,generator_all,1,15,0.021471479907631874,0.9785285200923681,4.007693767547607,6.075082778930664,1440
fold_1,direct_d5_time_augmented,0.15,generator_all,1,15,0.021305756643414497,0.9786942433565855,3.9778056144714355,6.012974262237549,1440
fold_1,direct_d5_time_augmented,0.2,generator_all,1,15,0.02115267887711525,0.9788473211228848,3.9501912593841553,5.954603672027588,1440
fold_1,direct_d5_time_augmented,0.25,generator_all,1,15,0.021015174686908722,0.9789848253130913,3.9255530834198,5.90008020401001,1440
fold_1,direct_d5_time_augmented,0.3,generator_all,1,15,0.020902764052152634,0.9790972359478474,3.9051432609558105,5.849513053894043,1440
fold_1,direct_d5_time_augmented,0.35,generator_all,1,15,0.020806539803743362,0.9791934601962566,3.8877475261688232,5.803004264831543,1440
fold_1,direct_d5_time_augmented,0.4,generator_all,1,15,0.02073509991168976,0.9792649000883102,3.8749165534973145,5.760653018951416,1440
fold_1,direct_d5_time_augmented,0.45,generator_all,1,15,0.020692862570285797,0.9793071374297142,3.867039918899536,5.7225518226623535,1440
fold_1,direct_d5_time_augmented,0.5,generator_all,1,15,0.02066856436431408,0.9793314356356859,3.8626766204833984,5.688784599304199,1440
fold_1,direct_d5_time_augmented,0.55,generator_all,1,15,0.020657449960708618,0.9793425500392914,3.860870361328125,5.659430503845215,1440
fold_1,direct_d5_time_augmented,0.6,generator_all,1,15,0.02066774107515812,0.9793322589248419,3.863029956817627,5.634557723999023,1440
fold_1,direct_d5_time_augmented,0.65,generator_all,1,15,0.020690759643912315,0.9793092403560877,3.86769962310791,5.614226341247559,1440
fold_1,direct_d5_time_augmented,0.7,generator_all,1,15,0.020729910582304,0.979270089417696,3.8755149841308594,5.598485946655273,1440
fold_1,direct_d5_time_augmented,0.75,generator_all,1,15,0.020786227658391,0.979213772341609,3.887030601501465,5.587374210357666,1440
fold_1,direct_d5_time_augmented,0.8,generator_all,1,15,0.02085435949265957,0.9791456405073404,3.900811195373535,5.580920219421387,1440
fold_1,direct_d5_time_augmented,0.85,generator_all,1,15,0.020932864397764206,0.9790671356022358,3.9166018962860107,5.579138278961182,1440
fold_1,direct_d5_time_augmented,0.9,generator_all,1,15,0.0210279393941164,0.9789720606058836,3.935473918914795,5.582035064697266,1440
fold_1,direct_d5_time_augmented,0.95,generator_all,1,15,0.02113492041826248,0.9788650795817375,3.9566650390625,5.589601516723633,1440
fold_1,direct_d5_time_augmented,1.0,generator_all,1,15,0.021250398829579353,0.9787496011704206,3.97956919670105,5.6018195152282715,1440
fold_1,direct_d5_time_augmented,0.0,generator_all,2,30,0.03446066007018089,0.9655393399298191,6.363779067993164,9.929483413696289,1440
fold_1,direct_d5_time_augmented,0.05,generator_all,2,30,0.034013621509075165,0.9659863784909248,6.283085346221924,9.79367446899414,1440
fold_1,direct_d5_time_augmented,0.1,generator_all,2,30,0.03361474350094795,0.966385256499052,6.211588382720947,9.6648588180542,1440
fold_1,direct_d5_time_augmented,0.15,generator_all,2,30,0.03327005356550217,0.9667299464344978,6.149319171905518,9.54332160949707,1440
fold_1,direct_d5_time_augmented,0.2,generator_all,2,30,0.03297039121389389,0.9670296087861061,6.095206260681152,9.429342269897461,1440
fold_1,direct_d5_time_augmented,0.25,generator_all,2,30,0.032725848257541656,0.9672741517424583,6.05052375793457,9.323200225830078,1440
fold_1,direct_d5_time_augmented,0.3,generator_all,2,30,0.032537586987018585,0.9674624130129814,6.016388416290283,9.225164413452148,1440
fold_1,direct_d5_time_augmented,0.35,generator_all,2,30,0.03241145610809326,0.9675885438919067,5.994259834289551,9.135497093200684,1440
fold_1,direct_d5_time_augmented,0.4,generator_all,2,30,0.03234120085835457,0.9676587991416454,5.982935905456543,9.054445266723633,1440
fold_1,direct_d5_time_augmented,0.45,generator_all,2,30,0.032324399799108505,0.9676756002008915,5.981520652770996,8.982243537902832,1440
fold_1,direct_d5_time_augmented,0.5,generator_all,2,30,0.03234105557203293,0.9676589444279671,5.986352443695068,8.919106483459473,1440
fold_1,direct_d5_time_augmented,0.55,generator_all,2,30,0.03239454701542854,0.9676054529845715,5.997893810272217,8.865227699279785,1440
fold_1,direct_d5_time_augmented,0.6,generator_all,2,30,0.032484956085681915,0.9675150439143181,6.016911029815674,8.82077693939209,1440
fold_1,direct_d5_time_augmented,0.65,generator_all,2,30,0.03261781856417656,0.9673821814358234,6.044268608093262,8.785896301269531,1440
fold_1,direct_d5_time_augmented,0.7,generator_all,2,30,0.03278201073408127,0.9672179892659187,6.077982425689697,8.760701179504395,1440
fold_1,direct_d5_time_augmented,0.75,generator_all,2,30,0.03300458565354347,0.9669954143464565,6.121898174285889,8.74527645111084,1440
fold_1,direct_d5_time_augmented,0.8,generator_all,2,30,0.0332699678838253,0.9667300321161747,6.173850059509277,8.739670753479004,1440
fold_1,direct_d5_time_augmented,0.85,generator_all,2,30,0.03356754779815674,0.9664324522018433,6.232285499572754,8.743906021118164,1440
fold_1,direct_d5_time_augmented,0.9,generator_all,2,30,0.033899202942848206,0.9661007970571518,6.296894550323486,8.757966041564941,1440
fold_1,direct_d5_time_augmented,0.95,generator_all,2,30,0.03426002711057663,0.9657399728894234,6.366951942443848,8.781803131103516,1440
fold_1,direct_d5_time_augmented,1.0,generator_all,2,30,0.03463652729988098,0.965363472700119,6.440196514129639,8.815340995788574,1440
fold_1,direct_d5_time_augmented,0.0,generator_all,3,45,0.04592171683907509,0.9540782831609249,8.405503273010254,13.173080444335938,1440
fold_1,direct_d5_time_augmented,0.05,generator_all,3,45,0.04525564983487129,0.9547443501651287,8.283855438232422,12.984562873840332,1440
fold_1,direct_d5_time_augmented,0.1,generator_all,3,45,0.04471772536635399,0.955282274633646,8.186196327209473,12.80716609954834,1440
fold_1,direct_d5_time_augmented,0.15,generator_all,3,45,0.04429489001631737,0.9557051099836826,8.10857105255127,12.641359329223633,1440
fold_1,direct_d5_time_augmented,0.2,generator_all,3,45,0.04394752159714699,0.956052478402853,8.044709205627441,12.487604141235352,1440
fold_1,direct_d5_time_augmented,0.25,generator_all,3,45,0.04367577284574509,0.9563242271542549,7.994617938995361,12.34635066986084,1440
fold_1,direct_d5_time_augmented,0.3,generator_all,3,45,0.04347957670688629,0.9565204232931137,7.959540367126465,12.218032836914062,1440
fold_1,direct_d5_time_augmented,0.35,generator_all,3,45,0.043381668627262115,0.9566183313727379,7.943379878997803,12.10306167602539,1440
fold_1,direct_d5_time_augmented,0.4,generator_all,3,45,0.04338623583316803,0.956613764166832,7.946453094482422,12.001822471618652,1440
fold_1,direct_d5_time_augmented,0.45,generator_all,3,45,0.0434471033513546,0.9565528966486454,7.960080146789551,11.914661407470703,1440
fold_1,direct_d5_time_augmented,0.5,generator_all,3,45,0.04358848184347153,0.9564115181565285,7.988884925842285,11.841894149780273,1440
fold_1,direct_d5_time_augmented,0.55,generator_all,3,45,0.043785035610198975,0.956214964389801,8.02788257598877,11.783783912658691,1440
fold_1,direct_d5_time_augmented,0.6,generator_all,3,45,0.04405176639556885,0.9559482336044312,8.081172943115234,11.740549087524414,1440
fold_1,direct_d5_time_augmented,0.65,generator_all,3,45,0.04438706114888191,0.9556129388511181,8.147369384765625,11.71235466003418,1440
fold_1,direct_d5_time_augmented,0.7,generator_all,3,45,0.04478198289871216,0.9552180171012878,8.225458145141602,11.699310302734375,1440
fold_1,direct_d5_time_augmented,0.75,generator_all,3,45,0.04522460699081421,0.9547753930091858,8.313274383544922,11.701465606689453,1440
fold_1,direct_d5_time_augmented,0.8,generator_all,3,45,0.04570132493972778,0.9542986750602722,8.407867431640625,11.71881103515625,1440
fold_1,direct_d5_time_augmented,0.85,generator_all,3,45,0.04622816666960716,0.9537718333303928,8.51171875,11.751282691955566,1440
fold_1,direct_d5_time_augmented,0.9,generator_all,3,45,0.046808358281850815,0.9531916417181492,8.625298500061035,11.798752784729004,1440
fold_1,direct_d5_time_augmented,0.95,generator_all,3,45,0.04742753878235817,0.9525724612176418,8.745923042297363,11.861042022705078,1440
fold_1,direct_d5_time_augmented,1.0,generator_all,3,45,0.04808914288878441,0.9519108571112156,8.87415599822998,11.937918663024902,1440
fold_1,direct_d5_time_augmented,0.0,generator_all,4,60,0.057118043303489685,0.9428819566965103,10.402521133422852,16.06088638305664,1440
fold_1,direct_d5_time_augmented,0.05,generator_all,4,60,0.05620642378926277,0.9437935762107372,10.234173774719238,15.813375473022461,1440
fold_1,direct_d5_time_augmented,0.1,generator_all,4,60,0.05548783764243126,0.9445121623575687,10.0999174118042,15.580832481384277,1440
fold_1,direct_d5_time_augmented,0.15,generator_all,4,60,0.0549866259098053,0.9450133740901947,10.00523853302002,15.363937377929688,1440
fold_1,direct_d5_time_augmented,0.2,generator_all,4,60,0.054601315408945084,0.9453986845910549,9.931763648986816,15.163359642028809,1440
fold_1,direct_d5_time_augmented,0.25,generator_all,4,60,0.05430580675601959,0.9456941932439804,9.874213218688965,14.979757308959961,1440
fold_1,direct_d5_time_augmented,0.3,generator_all,4,60,0.05410600081086159,0.9458939991891384,9.834601402282715,14.813759803771973,1440
fold_1,direct_d5_time_augmented,0.35,generator_all,4,60,0.05401856079697609,0.9459814392030239,9.81619644165039,14.665966987609863,1440
fold_1,direct_d5_time_augmented,0.4,generator_all,4,60,0.054050419479608536,0.9459495805203915,9.819625854492188,14.536931991577148,1440
fold_1,direct_d5_time_augmented,0.45,generator_all,4,60,0.05419180542230606,0.9458081945776939,9.844242095947266,14.427159309387207,1440
fold_1,direct_d5_time_augmented,0.5,generator_all,4,60,0.05441676080226898,0.945583239197731,9.885069847106934,14.337092399597168,1440
fold_1,direct_d5_time_augmented,0.55,generator_all,4,60,0.05474362522363663,0.9452563747763634,9.945611953735352,14.267101287841797,1440
fold_1,direct_d5_time_augmented,0.6,generator_all,4,60,0.05513061583042145,0.9448693841695786,10.017853736877441,14.217484474182129,1440
fold_1,direct_d5_time_augmented,0.65,generator_all,4,60,0.05559123307466507,0.9444087669253349,10.104166984558105,14.188456535339355,1440
fold_1,direct_d5_time_augmented,0.7,generator_all,4,60,0.05615711212158203,0.943842887878418,10.209725379943848,14.180142402648926,1440
fold_1,direct_d5_time_augmented,0.75,generator_all,4,60,0.05680086463689804,0.943199135363102,10.32921028137207,14.192578315734863,1440
fold_1,direct_d5_time_augmented,0.8,generator_all,4,60,0.05752173438668251,0.9424782656133175,10.463708877563477,14.225711822509766,1440
fold_1,direct_d5_time_augmented,0.85,generator_all,4,60,0.058288585394620895,0.9417114146053791,10.607344627380371,14.279397010803223,1440
fold_1,direct_d5_time_augmented,0.9,generator_all,4,60,0.05909684672951698,0.940903153270483,10.758551597595215,14.35340404510498,1440
fold_1,direct_d5_time_augmented,0.95,generator_all,4,60,0.059959374368190765,0.9400406256318092,10.9191312789917,14.447420120239258,1440
fold_1,direct_d5_time_augmented,1.0,generator_all,4,60,0.06086522340774536,0.9391347765922546,11.087596893310547,14.561058044433594,1440
fold_1,direct_d5_time_augmented,0.0,generator_all,5,75,0.06733841449022293,0.9326615855097771,12.210098266601562,18.528236389160156,1440
fold_1,direct_d5_time_augmented,0.05,generator_all,5,75,0.06633104383945465,0.9336689561605453,12.016454696655273,18.25565528869629,1440
fold_1,direct_d5_time_augmented,0.1,generator_all,5,75,0.06549078971147537,0.9345092102885246,11.852556228637695,17.997896194458008,1440
fold_1,direct_d5_time_augmented,0.15,generator_all,5,75,0.06479538977146149,0.9352046102285385,11.715402603149414,17.755605697631836,1440
fold_1,direct_d5_time_augmented,0.2,generator_all,5,75,0.06423579156398773,0.9357642084360123,11.603925704956055,17.529420852661133,1440
fold_1,direct_d5_time_augmented,0.25,generator_all,5,75,0.0638093501329422,0.9361906498670578,11.51573657989502,17.319978713989258,1440
fold_1,direct_d5_time_augmented,0.3,generator_all,5,75,0.06350629776716232,0.9364937022328377,11.449736595153809,17.12788963317871,1440
fold_1,direct_d5_time_augmented,0.35,generator_all,5,75,0.06332810968160629,0.9366718903183937,11.406561851501465,16.953744888305664,1440
fold_1,direct_d5_time_augmented,0.4,generator_all,5,75,0.06327417492866516,0.9367258250713348,11.386649131774902,16.798099517822266,1440
fold_1,direct_d5_time_augmented,0.45,generator_all,5,75,0.06333731859922409,0.9366626814007759,11.389564514160156,16.66147804260254,1440
fold_1,direct_d5_time_augmented,0.5,generator_all,5,75,0.06348542124032974,0.9365145787596703,11.409523963928223,16.54434585571289,1440
fold_1,direct_d5_time_augmented,0.55,generator_all,5,75,0.0637357085943222,0.9362642914056778,11.44935131072998,16.447124481201172,1440
fold_1,direct_d5_time_augmented,0.6,generator_all,5,75,0.06410021334886551,0.9358997866511345,11.51028060913086,16.370162963867188,1440
fold_1,direct_d5_time_augmented,0.65,generator_all,5,75,0.06458166241645813,0.9354183375835419,11.59252643585205,16.313751220703125,1440
fold_1,direct_d5_time_augmented,0.7,generator_all,5,75,0.06513475626707077,0.9348652437329292,11.68747329711914,16.278104782104492,1440
fold_1,direct_d5_time_augmented,0.75,generator_all,5,75,0.06576354056596756,0.9342364594340324,11.797588348388672,16.263355255126953,1440
fold_1,direct_d5_time_augmented,0.8,generator_all,5,75,0.06646932661533356,0.9335306733846664,11.921975135803223,16.269563674926758,1440
fold_1,direct_d5_time_augmented,0.85,generator_all,5,75,0.06723560392856598,0.932764396071434,12.05770492553711,16.296707153320312,1440
fold_1,direct_d5_time_augmented,0.9,generator_all,5,75,0.0680416002869606,0.9319583997130394,12.200663566589355,16.344675064086914,1440
fold_1,direct_d5_time_augmented,0.95,generator_all,5,75,0.06890545785427094,0.9310945421457291,12.355230331420898,16.413291931152344,1440
fold_1,direct_d5_time_augmented,1.0,generator_all,5,75,0.06980635225772858,0.9301936477422714,12.51684284210205,16.502294540405273,1440
fold_1,direct_d5_time_augmented,0.0,generator_all,6,90,0.07712961733341217,0.9228703826665878,13.94482135772705,20.69964027404785,1440
fold_1,direct_d5_time_augmented,0.05,generator_all,6,90,0.07604812830686569,0.9239518716931343,13.736659049987793,20.402265548706055,1440
fold_1,direct_d5_time_augmented,0.1,generator_all,6,90,0.07511990517377853,0.9248800948262215,13.557897567749023,20.120481491088867,1440
fold_1,direct_d5_time_augmented,0.15,generator_all,6,90,0.07439612597227097,0.925603874027729,13.413860321044922,19.854955673217773,1440
fold_1,direct_d5_time_augmented,0.2,generator_all,6,90,0.07382147759199142,0.9261785224080086,13.294468879699707,19.606342315673828,1440
fold_1,direct_d5_time_augmented,0.25,generator_all,6,90,0.07337487488985062,0.9266251251101494,13.19790267944336,19.37529754638672,1440
fold_1,direct_d5_time_augmented,0.3,generator_all,6,90,0.07304498553276062,0.9269550144672394,13.121071815490723,19.16245460510254,1440
fold_1,direct_d5_time_augmented,0.35,generator_all,6,90,0.0728144571185112,0.9271855428814888,13.062247276306152,18.968425750732422,1440
fold_1,direct_d5_time_augmented,0.4,generator_all,6,90,0.07271002978086472,0.9272899702191353,13.027945518493652,18.79379653930664,1440
fold_1,direct_d5_time_augmented,0.45,generator_all,6,90,0.07271765917539597,0.927282340824604,13.015570640563965,18.639110565185547,1440
fold_1,direct_d5_time_augmented,0.5,generator_all,6,90,0.07281354069709778,0.9271864593029022,13.020013809204102,18.504865646362305,1440
fold_1,direct_d5_time_augmented,0.55,generator_all,6,90,0.073015496134758,0.926984503865242,13.045105934143066,18.391511917114258,1440
fold_1,direct_d5_time_augmented,0.6,generator_all,6,90,0.07331421226263046,0.9266857877373695,13.08851432800293,18.2994384765625,1440
fold_1,direct_d5_time_augmented,0.65,generator_all,6,90,0.07370483875274658,0.9262951612472534,13.149815559387207,18.228965759277344,1440
fold_1,direct_d5_time_augmented,0.7,generator_all,6,90,0.07419935613870621,0.9258006438612938,13.230671882629395,18.18034553527832,1440
fold_1,direct_d5_time_augmented,0.75,generator_all,6,90,0.07476329058408737,0.9252367094159126,13.324838638305664,18.15375328063965,1440
fold_1,direct_d5_time_augmented,0.8,generator_all,6,90,0.07540737837553024,0.9245926216244698,13.43494987487793,18.1492862701416,1440
fold_1,direct_d5_time_augmented,0.85,generator_all,6,90,0.07613912969827652,0.9238608703017235,13.561568260192871,18.166959762573242,1440
fold_1,direct_d5_time_augmented,0.9,generator_all,6,90,0.0769018605351448,0.9230981394648552,13.693086624145508,18.20671272277832,1440
fold_1,direct_d5_time_augmented,0.95,generator_all,6,90,0.07771383225917816,0.9222861677408218,13.83245849609375,18.268396377563477,1440
fold_1,direct_d5_time_augmented,1.0,generator_all,6,90,0.07858365029096603,0.921416349709034,13.981837272644043,18.351791381835938,1440
fold_1,direct_d5_time_augmented,0.0,generator_all,7,105,0.08517687022686005,0.91482312977314,15.34381103515625,22.480789184570312,1440
fold_1,direct_d5_time_augmented,0.05,generator_all,7,105,0.08401083201169968,0.9159891679883003,15.121405601501465,22.16568374633789,1440
fold_1,direct_d5_time_augmented,0.1,generator_all,7,105,0.08302246779203415,0.9169775322079659,14.926164627075195,21.865652084350586,1440
fold_1,direct_d5_time_augmented,0.15,generator_all,7,105,0.08221188932657242,0.9177881106734276,14.760970115661621,21.581327438354492,1440
fold_1,direct_d5_time_augmented,0.2,generator_all,7,105,0.08152853697538376,0.9184714630246162,14.61898422241211,21.313337326049805,1440
fold_1,direct_d5_time_augmented,0.25,generator_all,7,105,0.08093388378620148,0.9190661162137985,14.490989685058594,21.062301635742188,1440
fold_1,direct_d5_time_augmented,0.3,generator_all,7,105,0.08049613982439041,0.9195038601756096,14.388626098632812,20.82883644104004,1440
fold_1,direct_d5_time_augmented,0.35,generator_all,7,105,0.08020972460508347,0.9197902753949165,14.31494140625,20.61353874206543,1440
fold_1,direct_d5_time_augmented,0.4,generator_all,7,105,0.08003111183643341,0.9199688881635666,14.263469696044922,20.416982650756836,1440
fold_1,direct_d5_time_augmented,0.45,generator_all,7,105,0.07993967086076736,0.9200603291392326,14.22866439819336,20.239713668823242,1440
fold_1,direct_d5_time_augmented,0.5,generator_all,7,105,0.0799427479505539,0.9200572520494461,14.211113929748535,20.082242965698242,1440
fold_1,direct_d5_time_augmented,0.55,generator_all,7,105,0.08003655821084976,0.9199634417891502,14.211297988891602,19.945037841796875,1440
fold_1,direct_d5_time_augmented,0.6,generator_all,7,105,0.08019907027482986,0.9198009297251701,14.224802017211914,19.828523635864258,1440
fold_1,direct_d5_time_augmented,0.65,generator_all,7,105,0.08044115453958511,0.9195588454604149,14.252827644348145,19.733062744140625,1440
fold_1,direct_d5_time_augmented,0.7,generator_all,7,105,0.08075041323900223,0.9192495867609978,14.293399810791016,19.65896224975586,1440
fold_1,direct_d5_time_augmented,0.75,generator_all,7,105,0.08112943172454834,0.9188705682754517,14.347321510314941,19.60646629333496,1440
fold_1,direct_d5_time_augmented,0.8,generator_all,7,105,0.08159980922937393,0.9184001907706261,14.41840648651123,19.575748443603516,1440
fold_1,direct_d5_time_augmented,0.85,generator_all,7,105,0.082134909927845,0.917865090072155,14.501544952392578,19.56690788269043,1440
fold_1,direct_d5_time_augmented,0.9,generator_all,7,105,0.08273822069168091,0.9172617793083191,14.597588539123535,19.57997703552246,1440
fold_1,direct_d5_time_augmented,0.95,generator_all,7,105,0.08341768383979797,0.916582316160202,14.707457542419434,19.614912033081055,1440
fold_1,direct_d5_time_augmented,1.0,generator_all,7,105,0.08416084945201874,0.9158391505479813,14.828988075256348,19.67159652709961,1440
fold_1,direct_d5_time_augmented,0.0,generator_all,8,120,0.09254614263772964,0.9074538573622704,16.64529037475586,23.961599349975586,1440
fold_1,direct_d5_time_augmented,0.05,generator_all,8,120,0.09149530529975891,0.9085046947002411,16.44411277770996,23.655916213989258,1440
fold_1,direct_d5_time_augmented,0.1,generator_all,8,120,0.09068707376718521,0.9093129262328148,16.276765823364258,23.366762161254883,1440
fold_1,direct_d5_time_augmented,0.15,generator_all,8,120,0.0900760218501091,0.9099239781498909,16.14090347290039,23.094762802124023,1440
fold_1,direct_d5_time_augmented,0.2,generator_all,8,120,0.08958365023136139,0.9104163497686386,16.0233211517334,22.840526580810547,1440
fold_1,direct_d5_time_augmented,0.25,generator_all,8,120,0.08916071802377701,0.910839281976223,15.918366432189941,22.604658126831055,1440
fold_1,direct_d5_time_augmented,0.3,generator_all,8,120,0.08882790058851242,0.9111720994114876,15.830785751342773,22.38773536682129,1440
fold_1,direct_d5_time_augmented,0.35,generator_all,8,120,0.08862175047397614,0.9113782495260239,15.766592979431152,22.1903133392334,1440
fold_1,direct_d5_time_augmented,0.4,generator_all,8,120,0.08851258456707001,0.91148741543293,15.720134735107422,22.01291847229004,1440
fold_1,direct_d5_time_augmented,0.45,generator_all,8,120,0.08849722892045975,0.9115027710795403,15.690969467163086,21.856035232543945,1440
fold_1,direct_d5_time_augmented,0.5,generator_all,8,120,0.08861837536096573,0.9113816246390343,15.687467575073242,21.720109939575195,1440
fold_1,direct_d5_time_augmented,0.55,generator_all,8,120,0.08885277807712555,0.9111472219228745,15.706286430358887,21.605541229248047,1440
fold_1,direct_d5_time_augmented,0.6,generator_all,8,120,0.08918679505586624,0.9108132049441338,15.743247985839844,21.512666702270508,1440
fold_1,direct_d5_time_augmented,0.65,generator_all,8,120,0.08960452675819397,0.910395473241806,15.795844078063965,21.4417667388916,1440
fold_1,direct_d5_time_augmented,0.7,generator_all,8,120,0.09010043740272522,0.9098995625972748,15.8626708984375,21.393064498901367,1440
fold_1,direct_d5_time_augmented,0.75,generator_all,8,120,0.09068893641233444,0.9093110635876656,15.94460678100586,21.366708755493164,1440
fold_1,direct_d5_time_augmented,0.8,generator_all,8,120,0.09135112911462784,0.9086488708853722,16.039133071899414,21.362783432006836,1440
fold_1,direct_d5_time_augmented,0.85,generator_all,8,120,0.092068150639534,0.907931849360466,16.144485473632812,21.38129997253418,1440
fold_1,direct_d5_time_augmented,0.9,generator_all,8,120,0.09284509718418121,0.9071549028158188,16.261930465698242,21.422199249267578,1440
fold_1,direct_d5_time_augmented,0.95,generator_all,8,120,0.09367460757493973,0.9063253924250603,16.38949966430664,21.4853572845459,1440
fold_1,direct_d5_time_augmented,1.0,generator_all,8,120,0.0945902094244957,0.9054097905755043,16.5334529876709,21.570573806762695,1440
fold_2,direct_d5_time_augmented,0.0,generator_1,1,15,0.034366410225629807,0.9656335897743702,1.4209353923797607,2.2386233806610107,1440
fold_2,direct_d5_time_augmented,0.05,generator_1,1,15,0.03420291468501091,0.9657970853149891,1.4142502546310425,2.23107647895813,1440
fold_2,direct_d5_time_augmented,0.1,generator_1,1,15,0.03404458239674568,0.9659554176032543,1.4077975749969482,2.223792552947998,1440
fold_2,direct_d5_time_augmented,0.15,generator_1,1,15,0.033895112574100494,0.9661048874258995,1.4017467498779297,2.216773748397827,1440
fold_2,direct_d5_time_augmented,0.2,generator_1,1,15,0.03375307843089104,0.966246921569109,1.396005392074585,2.2100234031677246,1440
fold_2,direct_d5_time_augmented,0.25,generator_1,1,15,0.03361519053578377,0.9663848094642162,1.3904383182525635,2.203542947769165,1440
fold_2,direct_d5_time_augmented,0.3,generator_1,1,15,0.03348346799612045,0.9665165320038795,1.3851269483566284,2.197335720062256,1440
fold_2,direct_d5_time_augmented,0.35,generator_1,1,15,0.03335973247885704,0.966640267521143,1.3801473379135132,2.19140362739563,1440
fold_2,direct_d5_time_augmented,0.4,generator_1,1,15,0.03324540704488754,0.9667545929551125,1.3755635023117065,2.185749053955078,1440
fold_2,direct_d5_time_augmented,0.45,generator_1,1,15,0.033139169216156006,0.966860830783844,1.3713126182556152,2.1803736686706543,1440
fold_2,direct_d5_time_augmented,0.5,generator_1,1,15,0.0330459289252758,0.9669540710747242,1.3675929307937622,2.1752800941467285,1440
fold_2,direct_d5_time_augmented,0.55,generator_1,1,15,0.032963428646326065,0.9670365713536739,1.3643131256103516,2.1704704761505127,1440
fold_2,direct_d5_time_augmented,0.6,generator_1,1,15,0.032888416200876236,0.9671115837991238,1.361359715461731,2.1659460067749023,1440
fold_2,direct_d5_time_augmented,0.65,generator_1,1,15,0.0328204408288002,0.9671795591711998,1.3587037324905396,2.1617088317871094,1440
fold_2,direct_d5_time_augmented,0.7,generator_1,1,15,0.03275514021515846,0.9672448597848415,1.356165885925293,2.1577608585357666,1440
fold_2,direct_d5_time_augmented,0.75,generator_1,1,15,0.03269599750638008,0.9673040024936199,1.35390305519104,2.1541032791137695,1440
fold_2,direct_d5_time_augmented,0.8,generator_1,1,15,0.032647423446178436,0.9673525765538216,1.3520668745040894,2.150737762451172,1440
fold_2,direct_d5_time_augmented,0.85,generator_1,1,15,0.032607533037662506,0.9673924669623375,1.3505884408950806,2.1476657390594482,1440
fold_2,direct_d5_time_augmented,0.9,generator_1,1,15,0.03257793188095093,0.9674220681190491,1.3495283126831055,2.1448886394500732,1440
fold_2,direct_d5_time_augmented,0.95,generator_1,1,15,0.03256239369511604,0.967437606304884,1.349046230316162,2.142407178878784,1440
fold_2,direct_d5_time_augmented,1.0,generator_1,1,15,0.03256234526634216,0.9674376547336578,1.3492069244384766,2.1402223110198975,1440
fold_2,direct_d5_time_augmented,0.0,generator_1,2,30,0.04905669018626213,0.9509433098137379,2.025379180908203,3.1833860874176025,1440
fold_2,direct_d5_time_augmented,0.05,generator_1,2,30,0.048804834485054016,0.951195165514946,2.015383243560791,3.170766830444336,1440
fold_2,direct_d5_time_augmented,0.1,generator_1,2,30,0.04856354370713234,0.9514364562928677,2.0058369636535645,3.158578634262085,1440
fold_2,direct_d5_time_augmented,0.15,generator_1,2,30,0.04832959547638893,0.9516704045236111,1.9966100454330444,3.146826982498169,1440
fold_2,direct_d5_time_augmented,0.2,generator_1,2,30,0.048105791211128235,0.9518942087888718,1.9877960681915283,3.13551664352417,1440
fold_2,direct_d5_time_augmented,0.25,generator_1,2,30,0.04789131134748459,0.9521086886525154,1.97938871383667,3.124652147293091,1440
fold_2,direct_d5_time_augmented,0.3,generator_1,2,30,0.04769226536154747,0.9523077346384525,1.971617341041565,3.1142382621765137,1440
fold_2,direct_d5_time_augmented,0.35,generator_1,2,30,0.04750502482056618,0.9524949751794338,1.9643065929412842,3.1042795181274414,1440
fold_2,direct_d5_time_augmented,0.4,generator_1,2,30,0.047336749732494354,0.9526632502675056,1.957735538482666,3.094780683517456,1440
fold_2,direct_d5_time_augmented,0.45,generator_1,2,30,0.04719454050064087,0.9528054594993591,1.9522504806518555,3.0857458114624023,1440
fold_2,direct_d5_time_augmented,0.5,generator_1,2,30,0.04708341509103775,0.9529165849089622,1.9481204748153687,3.077178716659546,1440
fold_2,direct_d5_time_augmented,0.55,generator_1,2,30,0.046988312155008316,0.9530116878449917,1.9446661472320557,3.0690832138061523,1440
fold_2,direct_d5_time_augmented,0.6,generator_1,2,30,0.04691021144390106,0.9530897885560989,1.941946268081665,3.0614633560180664,1440
fold_2,direct_d5_time_augmented,0.65,generator_1,2,30,0.046841684728860855,0.9531583152711391,1.9396169185638428,3.054323196411133,1440
fold_2,direct_d5_time_augmented,0.7,generator_1,2,30,0.04678908362984657,0.9532109163701534,1.937971830368042,3.0476651191711426,1440
fold_2,direct_d5_time_augmented,0.75,generator_1,2,30,0.04675521329045296,0.953244786709547,1.937089204788208,3.0414929389953613,1440
fold_2,direct_d5_time_augmented,0.8,generator_1,2,30,0.046734683215618134,0.9532653167843819,1.9367800951004028,3.0358095169067383,1440
fold_2,direct_d5_time_augmented,0.85,generator_1,2,30,0.04672837629914284,0.9532716237008572,1.9370570182800293,3.0306172370910645,1440
fold_2,direct_d5_time_augmented,0.9,generator_1,2,30,0.04673866555094719,0.9532613344490528,1.938010334968567,3.025918960571289,1440
fold_2,direct_d5_time_augmented,0.95,generator_1,2,30,0.04676602780818939,0.9532339721918106,1.939682126045227,3.021717071533203,1440
fold_2,direct_d5_time_augmented,1.0,generator_1,2,30,0.046808384358882904,0.9531916156411171,1.9419938325881958,3.0180134773254395,1440
fold_2,direct_d5_time_augmented,0.0,generator_1,3,45,0.058899298310279846,0.9411007016897202,2.4220409393310547,3.8447861671447754,1440
fold_2,direct_d5_time_augmented,0.05,generator_1,3,45,0.058613598346710205,0.9413864016532898,2.41083025932312,3.8284287452697754,1440
fold_2,direct_d5_time_augmented,0.1,generator_1,3,45,0.058348167687654495,0.9416518323123455,2.4005584716796875,3.812532663345337,1440
fold_2,direct_d5_time_augmented,0.15,generator_1,3,45,0.05810338258743286,0.9418966174125671,2.3911523818969727,3.7971038818359375,1440
fold_2,direct_d5_time_augmented,0.2,generator_1,3,45,0.05788012593984604,0.942119874060154,2.38262677192688,3.7821483612060547,1440
fold_2,direct_d5_time_augmented,0.25,generator_1,3,45,0.057686369866132736,0.9423136301338673,2.3753888607025146,3.7676711082458496,1440
fold_2,direct_d5_time_augmented,0.3,generator_1,3,45,0.05751746892929077,0.9424825310707092,2.369215488433838,3.7536780834198,1440
fold_2,direct_d5_time_augmented,0.35,generator_1,3,45,0.05737869441509247,0.9426213055849075,2.3643980026245117,3.7401745319366455,1440
fold_2,direct_d5_time_augmented,0.4,generator_1,3,45,0.05726686120033264,0.9427331387996674,2.360811233520508,3.727165937423706,1440
fold_2,direct_d5_time_augmented,0.45,generator_1,3,45,0.05717744678258896,0.942822553217411,2.3581814765930176,3.7146573066711426,1440
fold_2,direct_d5_time_augmented,0.5,generator_1,3,45,0.05710306018590927,0.9428969398140907,2.356135129928589,3.7026538848876953,1440
fold_2,direct_d5_time_augmented,0.55,generator_1,3,45,0.0570513941347599,0.9429486058652401,2.3550755977630615,3.6911609172821045,1440
fold_2,direct_d5_time_augmented,0.6,generator_1,3,45,0.05701569467782974,0.9429843053221703,2.3546648025512695,3.680182456970215,1440
fold_2,direct_d5_time_augmented,0.65,generator_1,3,45,0.05699492618441582,0.9430050738155842,2.3548712730407715,3.6697235107421875,1440
fold_2,direct_d5_time_augmented,0.7,generator_1,3,45,0.05699343606829643,0.9430065639317036,2.3558993339538574,3.6597883701324463,1440
fold_2,direct_d5_time_augmented,0.75,generator_1,3,45,0.057007528841495514,0.9429924711585045,2.3576018810272217,3.6503818035125732,1440
fold_2,direct_d5_time_augmented,0.8,generator_1,3,45,0.05703280121088028,0.9429671987891197,2.3597869873046875,3.641507387161255,1440
fold_2,direct_d5_time_augmented,0.85,generator_1,3,45,0.05706915259361267,0.9429308474063873,2.3624203205108643,3.633169174194336,1440
fold_2,direct_d5_time_augmented,0.9,generator_1,3,45,0.05711635947227478,0.9428836405277252,2.365493059158325,3.625370740890503,1440
fold_2,direct_d5_time_augmented,0.95,generator_1,3,45,0.057186059653759,0.942813940346241,2.369459390640259,3.6181159019470215,1440
fold_2,direct_d5_time_augmented,1.0,generator_1,3,45,0.057267650961875916,0.9427323490381241,2.37394380569458,3.61140775680542,1440
fold_2,direct_d5_time_augmented,0.0,generator_1,4,60,0.06910600513219833,0.9308939948678017,2.842660903930664,4.379054069519043,1440
fold_2,direct_d5_time_augmented,0.05,generator_1,4,60,0.06873580813407898,0.931264191865921,2.8285889625549316,4.3562211990356445,1440
fold_2,direct_d5_time_augmented,0.1,generator_1,4,60,0.06840860843658447,0.9315913915634155,2.8163819313049316,4.334037780761719,1440
fold_2,direct_d5_time_augmented,0.15,generator_1,4,60,0.06812705844640732,0.9318729415535927,2.806116819381714,4.312513828277588,1440
fold_2,direct_d5_time_augmented,0.2,generator_1,4,60,0.06786903738975525,0.9321309626102448,2.7969048023223877,4.291659355163574,1440
fold_2,direct_d5_time_augmented,0.25,generator_1,4,60,0.06762577593326569,0.9323742240667343,2.788296937942505,4.271484375,1440
fold_2,direct_d5_time_augmented,0.3,generator_1,4,60,0.06741340458393097,0.932586595416069,2.7810678482055664,4.251997947692871,1440
fold_2,direct_d5_time_augmented,0.35,generator_1,4,60,0.0672333836555481,0.9327666163444519,2.775099277496338,4.23321008682251,1440
fold_2,direct_d5_time_augmented,0.4,generator_1,4,60,0.06707146763801575,0.9329285323619843,2.769897222518921,4.21513032913208,1440
fold_2,direct_d5_time_augmented,0.45,generator_1,4,60,0.06692223995923996,0.93307776004076,2.7652955055236816,4.19776725769043,1440
fold_2,direct_d5_time_augmented,0.5,generator_1,4,60,0.06680238246917725,0.9331976175308228,2.7620482444763184,4.1811299324035645,1440
fold_2,direct_d5_time_augmented,0.55,generator_1,4,60,0.06671345233917236,0.9332865476608276,2.7601616382598877,4.165226936340332,1440
fold_2,direct_d5_time_augmented,0.6,generator_1,4,60,0.06664704531431198,0.933352954685688,2.7592883110046387,4.15006685256958,1440
fold_2,direct_d5_time_augmented,0.65,generator_1,4,60,0.06659578531980515,0.9334042146801949,2.759077310562134,4.1356587409973145,1440
fold_2,direct_d5_time_augmented,0.7,generator_1,4,60,0.06656922399997711,0.9334307760000229,2.759887933731079,4.12200927734375,1440
fold_2,direct_d5_time_augmented,0.75,generator_1,4,60,0.06655628979206085,0.9334437102079391,2.761312246322632,4.109126091003418,1440
fold_2,direct_d5_time_augmented,0.8,generator_1,4,60,0.06655816733837128,0.9334418326616287,2.7633907794952393,4.09701681137085,1440
fold_2,direct_d5_time_augmented,0.85,generator_1,4,60,0.06657911837100983,0.9334208816289902,2.7662506103515625,4.085688591003418,1440
fold_2,direct_d5_time_augmented,0.9,generator_1,4,60,0.06662818044424057,0.9333718195557594,2.770263195037842,4.0751471519470215,1440
fold_2,direct_d5_time_augmented,0.95,generator_1,4,60,0.06669162958860397,0.933308370411396,2.7748632431030273,4.065399169921875,1440
fold_2,direct_d5_time_augmented,1.0,generator_1,4,60,0.06676571816205978,0.9332342818379402,2.7799386978149414,4.056450366973877,1440
fold_2,direct_d5_time_augmented,0.0,generator_1,5,75,0.07843227684497833,0.9215677231550217,3.2316243648529053,4.838404178619385,1440
fold_2,direct_d5_time_augmented,0.05,generator_1,5,75,0.077980175614357,0.922019824385643,3.214383363723755,4.808444499969482,1440
fold_2,direct_d5_time_augmented,0.1,generator_1,5,75,0.0775676742196083,0.9224323257803917,3.1988589763641357,4.779421806335449,1440
fold_2,direct_d5_time_augmented,0.15,generator_1,5,75,0.0771966502070427,0.9228033497929573,3.185148000717163,4.7513532638549805,1440
fold_2,direct_d5_time_augmented,0.2,generator_1,5,75,0.07686018943786621,0.9231398105621338,3.172954559326172,4.724256992340088,1440
fold_2,direct_d5_time_augmented,0.25,generator_1,5,75,0.07655632495880127,0.9234436750411987,3.1622464656829834,4.698148727416992,1440
fold_2,direct_d5_time_augmented,0.3,generator_1,5,75,0.07630006968975067,0.9236999303102493,3.153653860092163,4.6730451583862305,1440
fold_2,direct_d5_time_augmented,0.35,generator_1,5,75,0.07606705278158188,0.9239329472184181,3.146085500717163,4.64896297454834,1440
fold_2,direct_d5_time_augmented,0.4,generator_1,5,75,0.07586786150932312,0.9241321384906769,3.1399881839752197,4.625918388366699,1440
fold_2,direct_d5_time_augmented,0.45,generator_1,5,75,0.07570715993642807,0.9242928400635719,3.135626792907715,4.603926181793213,1440
fold_2,direct_d5_time_augmented,0.5,generator_1,5,75,0.07557469606399536,0.9244253039360046,3.1325089931488037,4.583002090454102,1440
fold_2,direct_d5_time_augmented,0.55,generator_1,5,75,0.07546485215425491,0.9245351478457451,3.130370855331421,4.563159942626953,1440
fold_2,direct_d5_time_augmented,0.6,generator_1,5,75,0.07538051903247833,0.9246194809675217,3.129323720932007,4.54441499710083,1440
fold_2,direct_d5_time_augmented,0.65,generator_1,5,75,0.07531304657459259,0.9246869534254074,3.129047393798828,4.526780605316162,1440
fold_2,direct_d5_time_augmented,0.7,generator_1,5,75,0.07527733594179153,0.9247226640582085,3.1302521228790283,4.510269641876221,1440
fold_2,direct_d5_time_augmented,0.75,generator_1,5,75,0.07528118789196014,0.9247188121080399,3.133206605911255,4.494894027709961,1440
fold_2,direct_d5_time_augmented,0.8,generator_1,5,75,0.07531601935625076,0.9246839806437492,3.1374292373657227,4.480666160583496,1440
fold_2,direct_d5_time_augmented,0.85,generator_1,5,75,0.07536760717630386,0.9246323928236961,3.142350196838379,4.467597007751465,1440
fold_2,direct_d5_time_augmented,0.9,generator_1,5,75,0.07543269544839859,0.9245673045516014,3.1478703022003174,4.455696105957031,1440
fold_2,direct_d5_time_augmented,0.95,generator_1,5,75,0.07552312314510345,0.9244768768548965,3.154477834701538,4.444973468780518,1440
fold_2,direct_d5_time_augmented,1.0,generator_1,5,75,0.07564196735620499,0.924358032643795,3.162275552749634,4.435437202453613,1440
fold_2,direct_d5_time_augmented,0.0,generator_1,6,90,0.08647526800632477,0.9135247319936752,3.5643534660339355,5.230025768280029,1440
fold_2,direct_d5_time_augmented,0.05,generator_1,6,90,0.08593536168336868,0.9140646383166313,3.543377637863159,5.197488307952881,1440
fold_2,direct_d5_time_augmented,0.1,generator_1,6,90,0.0854448601603508,0.9145551398396492,3.5245652198791504,5.165929317474365,1440
fold_2,direct_d5_time_augmented,0.15,generator_1,6,90,0.08498452603816986,0.9150154739618301,3.5072414875030518,5.135365962982178,1440
fold_2,direct_d5_time_augmented,0.2,generator_1,6,90,0.08456496149301529,0.9154350385069847,3.491696834564209,5.1058173179626465,1440
fold_2,direct_d5_time_augmented,0.25,generator_1,6,90,0.08418306708335876,0.9158169329166412,3.477696657180786,5.077300071716309,1440
fold_2,direct_d5_time_augmented,0.3,generator_1,6,90,0.08383278548717499,0.916167214512825,3.465083599090576,5.049831867218018,1440
fold_2,direct_d5_time_augmented,0.35,generator_1,6,90,0.0834980309009552,0.9165019690990448,3.4531748294830322,5.023429870605469,1440
fold_2,direct_d5_time_augmented,0.4,generator_1,6,90,0.08320561796426773,0.9167943820357323,3.4431939125061035,4.998111724853516,1440
fold_2,direct_d5_time_augmented,0.45,generator_1,6,90,0.08293851464986801,0.917061485350132,3.434277296066284,4.973893642425537,1440
fold_2,direct_d5_time_augmented,0.5,generator_1,6,90,0.08271216601133347,0.9172878339886665,3.427121877670288,4.950790882110596,1440
fold_2,direct_d5_time_augmented,0.55,generator_1,6,90,0.08253639191389084,0.9174636080861092,3.4222261905670166,4.9288201332092285,1440
fold_2,direct_d5_time_augmented,0.6,generator_1,6,90,0.08238646388053894,0.9176135361194611,3.418473958969116,4.90799617767334,1440
fold_2,direct_d5_time_augmented,0.65,generator_1,6,90,0.08226130902767181,0.9177386909723282,3.4158575534820557,4.888334274291992,1440
fold_2,direct_d5_time_augmented,0.7,generator_1,6,90,0.08216679096221924,0.9178332090377808,3.414571762084961,4.869847774505615,1440
fold_2,direct_d5_time_augmented,0.75,generator_1,6,90,0.08210631459951401,0.917893685400486,3.414806365966797,4.852550029754639,1440
fold_2,direct_d5_time_augmented,0.8,generator_1,6,90,0.08206941187381744,0.9179305881261826,3.4160895347595215,4.836453914642334,1440
fold_2,direct_d5_time_augmented,0.85,generator_1,6,90,0.08206388354301453,0.9179361164569855,3.4187049865722656,4.821572303771973,1440
fold_2,direct_d5_time_augmented,0.9,generator_1,6,90,0.08207781612873077,0.9179221838712692,3.4221577644348145,4.807915687561035,1440
fold_2,direct_d5_time_augmented,0.95,generator_1,6,90,0.08211512863636017,0.9178848713636398,3.426589012145996,4.795494556427002,1440
fold_2,direct_d5_time_augmented,1.0,generator_1,6,90,0.08217274397611618,0.9178272560238838,3.431859254837036,4.784318447113037,1440
fold_2,direct_d5_time_augmented,0.0,generator_1,7,105,0.09424041956663132,0.9057595804333687,3.8819611072540283,5.565253734588623,1440
fold_2,direct_d5_time_augmented,0.05,generator_1,7,105,0.0935654416680336,0.9064345583319664,3.8560221195220947,5.525755405426025,1440
fold_2,direct_d5_time_augmented,0.1,generator_1,7,105,0.09293004870414734,0.9070699512958527,3.831911563873291,5.487476825714111,1440
fold_2,direct_d5_time_augmented,0.15,generator_1,7,105,0.09233735501766205,0.907662644982338,3.809786319732666,5.450443267822266,1440
fold_2,direct_d5_time_augmented,0.2,generator_1,7,105,0.09179479628801346,0.9082052037119865,3.7898099422454834,5.414680480957031,1440
fold_2,direct_d5_time_augmented,0.25,generator_1,7,105,0.09130527824163437,0.9086947217583656,3.7723138332366943,5.380213260650635,1440
fold_2,direct_d5_time_augmented,0.3,generator_1,7,105,0.0908622294664383,0.9091377705335617,3.756970167160034,5.347067832946777,1440
fold_2,direct_d5_time_augmented,0.35,generator_1,7,105,0.09044560045003891,0.9095543995499611,3.742882013320923,5.315268039703369,1440
fold_2,direct_d5_time_augmented,0.4,generator_1,7,105,0.09005167335271835,0.9099483266472816,3.729830265045166,5.2848381996154785,1440
fold_2,direct_d5_time_augmented,0.45,generator_1,7,105,0.08970562368631363,0.9102943763136864,3.7187936305999756,5.255801677703857,1440
fold_2,direct_d5_time_augmented,0.5,generator_1,7,105,0.08941136300563812,0.9105886369943619,3.710099220275879,5.228183269500732,1440
fold_2,direct_d5_time_augmented,0.55,generator_1,7,105,0.08914685994386673,0.9108531400561333,3.7027385234832764,5.202004432678223,1440
fold_2,direct_d5_time_augmented,0.6,generator_1,7,105,0.08892468363046646,0.9110753163695335,3.6972053050994873,5.177286624908447,1440
fold_2,direct_d5_time_augmented,0.65,generator_1,7,105,0.08873753249645233,0.9112624675035477,3.693247079849243,5.154052257537842,1440
fold_2,direct_d5_time_augmented,0.7,generator_1,7,105,0.0885985717177391,0.9114014282822609,3.6914546489715576,5.132319450378418,1440
fold_2,direct_d5_time_augmented,0.75,generator_1,7,105,0.08849361538887024,0.9115063846111298,3.691175699234009,5.112109184265137,1440
fold_2,direct_d5_time_augmented,0.8,generator_1,7,105,0.08841504156589508,0.9115849584341049,3.6921041011810303,5.093438625335693,1440
fold_2,direct_d5_time_augmented,0.85,generator_1,7,105,0.08836998045444489,0.9116300195455551,3.694441080093384,5.076325416564941,1440
fold_2,direct_d5_time_augmented,0.9,generator_1,7,105,0.08836403489112854,0.9116359651088715,3.6984097957611084,5.060785293579102,1440
fold_2,direct_d5_time_augmented,0.95,generator_1,7,105,0.08838855475187302,0.911611445248127,3.7037482261657715,5.0468316078186035,1440
fold_2,direct_d5_time_augmented,1.0,generator_1,7,105,0.08843565732240677,0.9115643426775932,3.7100956439971924,5.034478664398193,1440
fold_2,direct_d5_time_augmented,0.0,generator_1,8,120,0.10060849785804749,0.8993915021419525,4.1388325691223145,5.8719587326049805,1440
fold_2,direct_d5_time_augmented,0.05,generator_1,8,120,0.09984171390533447,0.9001582860946655,4.109429359436035,5.828130722045898,1440
fold_2,direct_d5_time_augmented,0.1,generator_1,8,120,0.09915444999933243,0.9008455500006676,4.083688735961914,5.785656452178955,1440
fold_2,direct_d5_time_augmented,0.15,generator_1,8,120,0.09854152798652649,0.9014584720134735,4.061381816864014,5.744565486907959,1440
fold_2,direct_d5_time_augmented,0.2,generator_1,8,120,0.09799397736787796,0.902006022632122,4.041934013366699,5.704888343811035,1440
fold_2,direct_d5_time_augmented,0.25,generator_1,8,120,0.09749593585729599,0.902504064142704,4.02477502822876,5.666654109954834,1440
fold_2,direct_d5_time_augmented,0.3,generator_1,8,120,0.09705100953578949,0.9029489904642105,4.010087490081787,5.629892826080322,1440
fold_2,direct_d5_time_augmented,0.35,generator_1,8,120,0.09667998552322388,0.9033200144767761,3.9987471103668213,5.594633102416992,1440
fold_2,direct_d5_time_augmented,0.4,generator_1,8,120,0.09635817259550095,0.903641827404499,3.9896326065063477,5.560903072357178,1440
fold_2,direct_d5_time_augmented,0.45,generator_1,8,120,0.09608370810747147,0.9039162918925285,3.982710838317871,5.528731822967529,1440
fold_2,direct_d5_time_augmented,0.5,generator_1,8,120,0.09586221724748611,0.9041377827525139,3.978203058242798,5.498146057128906,1440
fold_2,direct_d5_time_augmented,0.55,generator_1,8,120,0.09567175060510635,0.9043282493948936,3.975116729736328,5.46917200088501,1440
fold_2,direct_d5_time_augmented,0.6,generator_1,8,120,0.09549485146999359,0.9045051485300064,3.972665309906006,5.441835880279541,1440
fold_2,direct_d5_time_augmented,0.65,generator_1,8,120,0.09534230828285217,0.9046576917171478,3.971356153488159,5.416162967681885,1440
fold_2,direct_d5_time_augmented,0.7,generator_1,8,120,0.09522309899330139,0.9047769010066986,3.9714620113372803,5.392176151275635,1440
fold_2,direct_d5_time_augmented,0.75,generator_1,8,120,0.09513232856988907,0.9048676714301109,3.9727516174316406,5.369898319244385,1440
fold_2,direct_d5_time_augmented,0.8,generator_1,8,120,0.09507499635219574,0.9049250036478043,3.975421190261841,5.349350929260254,1440
fold_2,direct_d5_time_augmented,0.85,generator_1,8,120,0.09503407031297684,0.9049659296870232,3.978813648223877,5.330554008483887,1440
fold_2,direct_d5_time_augmented,0.9,generator_1,8,120,0.09501554816961288,0.9049844518303871,3.9831604957580566,5.313526153564453,1440
fold_2,direct_d5_time_augmented,0.95,generator_1,8,120,0.09501586854457855,0.9049841314554214,3.9883127212524414,5.29828405380249,1440
fold_2,direct_d5_time_augmented,1.0,generator_1,8,120,0.09504049271345139,0.9049595072865486,3.9945051670074463,5.284843921661377,1440
fold_2,direct_d5_time_augmented,0.0,generator_all,1,15,0.018177062273025513,0.9818229377269745,4.562545299530029,7.207851886749268,1440
fold_2,direct_d5_time_augmented,0.05,generator_all,1,15,0.017943279817700386,0.9820567201822996,4.506152153015137,7.120902061462402,1440
fold_2,direct_d5_time_augmented,0.1,generator_all,1,15,0.017722895368933678,0.9822771046310663,4.453005790710449,7.0366129875183105,1440
fold_2,direct_d5_time_augmented,0.15,generator_all,1,15,0.017516711726784706,0.9824832882732153,4.403270244598389,6.955083847045898,1440
fold_2,direct_d5_time_augmented,0.2,generator_all,1,15,0.01733006350696087,0.9826699364930391,4.357842922210693,6.876410961151123,1440
fold_2,direct_d5_time_augmented,0.25,generator_all,1,15,0.017157187685370445,0.9828428123146296,4.31572961807251,6.800694942474365,1440
fold_2,direct_d5_time_augmented,0.3,generator_all,1,15,0.01699746772646904,0.983002532273531,4.277015209197998,6.728034496307373,1440
fold_2,direct_d5_time_augmented,0.35,generator_all,1,15,0.016848765313625336,0.9831512346863747,4.241146564483643,6.6585307121276855,1440
fold_2,direct_d5_time_augmented,0.4,generator_all,1,15,0.016712529584765434,0.9832874704152346,4.20842981338501,6.592282772064209,1440
fold_2,direct_d5_time_augmented,0.45,generator_all,1,15,0.016593117266893387,0.9834068827331066,4.179794788360596,6.52938985824585,1440
fold_2,direct_d5_time_augmented,0.5,generator_all,1,15,0.0164862759411335,0.9835137240588665,4.15437650680542,6.469948768615723,1440
fold_2,direct_d5_time_augmented,0.55,generator_all,1,15,0.016389431431889534,0.9836105685681105,4.131443500518799,6.414058208465576,1440
fold_2,direct_d5_time_augmented,0.6,generator_all,1,15,0.01631033420562744,0.9836896657943726,4.112828731536865,6.3618083000183105,1440
fold_2,direct_d5_time_augmented,0.65,generator_all,1,15,0.016253771260380745,0.9837462287396193,4.099432945251465,6.313292980194092,1440
fold_2,direct_d5_time_augmented,0.7,generator_all,1,15,0.016209488734602928,0.9837905112653971,4.089073181152344,6.268596649169922,1440
fold_2,direct_d5_time_augmented,0.75,generator_all,1,15,0.01617714762687683,0.9838228523731232,4.081721782684326,6.227801322937012,1440
fold_2,direct_d5_time_augmented,0.8,generator_all,1,15,0.016154447570443153,0.9838455524295568,4.076773643493652,6.190985679626465,1440
fold_2,direct_d5_time_augmented,0.85,generator_all,1,15,0.016141165047883987,0.983858834952116,4.074203968048096,6.158219814300537,1440
fold_2,direct_d5_time_augmented,0.9,generator_all,1,15,0.016137661412358284,0.9838623385876417,4.074035167694092,6.1295695304870605,1440
fold_2,direct_d5_time_augmented,0.95,generator_all,1,15,0.016140906140208244,0.9838590938597918,4.075459003448486,6.1050920486450195,1440
fold_2,direct_d5_time_augmented,1.0,generator_all,1,15,0.01615360751748085,0.9838463924825191,4.079132080078125,6.084837913513184,1440
fold_2,direct_d5_time_augmented,0.0,generator_all,2,30,0.030040554702281952,0.969959445297718,7.4697747230529785,11.87929630279541,1440
fold_2,direct_d5_time_augmented,0.05,generator_all,2,30,0.029645416885614395,0.9703545831143856,7.373866081237793,11.740622520446777,1440
fold_2,direct_d5_time_augmented,0.1,generator_all,2,30,0.029281577095389366,0.9707184229046106,7.285541534423828,11.606518745422363,1440
fold_2,direct_d5_time_augmented,0.15,generator_all,2,30,0.02894848957657814,0.9710515104234219,7.205061912536621,11.477147102355957,1440
fold_2,direct_d5_time_augmented,0.2,generator_all,2,30,0.028650684282183647,0.9713493157178164,7.13305139541626,11.352667808532715,1440
fold_2,direct_d5_time_augmented,0.25,generator_all,2,30,0.028379660099744797,0.9716203399002552,7.067600727081299,11.233243942260742,1440
fold_2,direct_d5_time_augmented,0.3,generator_all,2,30,0.02812475711107254,0.9718752428889275,7.006251335144043,11.119036674499512,1440
fold_2,direct_d5_time_augmented,0.35,generator_all,2,30,0.027894925326108932,0.9721050746738911,6.95118522644043,11.010210990905762,1440
fold_2,direct_d5_time_augmented,0.4,generator_all,2,30,0.027686864137649536,0.9723131358623505,6.901691436767578,10.906926155090332,1440
fold_2,direct_d5_time_augmented,0.45,generator_all,2,30,0.027505753561854362,0.9724942464381456,6.859111309051514,10.809342384338379,1440
fold_2,direct_d5_time_augmented,0.5,generator_all,2,30,0.02734294906258583,0.9726570509374142,6.821226596832275,10.71761417388916,1440
fold_2,direct_d5_time_augmented,0.55,generator_all,2,30,0.027197478339076042,0.972802521660924,6.787748336791992,10.6318941116333,1440
fold_2,direct_d5_time_augmented,0.6,generator_all,2,30,0.027071015909314156,0.9729289840906858,6.759124279022217,10.552328109741211,1440
fold_2,direct_d5_time_augmented,0.65,generator_all,2,30,0.026975475251674652,0.9730245247483253,6.738194942474365,10.479056358337402,1440
fold_2,direct_d5_time_augmented,0.7,generator_all,2,30,0.02690092660486698,0.973099073395133,6.722461700439453,10.412211418151855,1440
fold_2,direct_d5_time_augmented,0.75,generator_all,2,30,0.026847632601857185,0.9731523673981428,6.711898326873779,10.35191822052002,1440
fold_2,direct_d5_time_augmented,0.8,generator_all,2,30,0.02681577391922474,0.9731842260807753,6.706732749938965,10.298291206359863,1440
fold_2,direct_d5_time_augmented,0.85,generator_all,2,30,0.026806436479091644,0.9731935635209084,6.70689582824707,10.251436233520508,1440
fold_2,direct_d5_time_augmented,0.9,generator_all,2,30,0.026820510625839233,0.9731794893741608,6.7127509117126465,10.211446762084961,1440
fold_2,direct_d5_time_augmented,0.95,generator_all,2,30,0.026856768876314163,0.9731432311236858,6.723963737487793,10.178400993347168,1440
fold_2,direct_d5_time_augmented,1.0,generator_all,2,30,0.02690480276942253,0.9730951972305775,6.738184928894043,10.152368545532227,1440
fold_2,direct_d5_time_augmented,0.0,generator_all,3,45,0.040090564638376236,0.9599094353616238,9.94885540008545,15.638508796691895,1440
fold_2,direct_d5_time_augmented,0.05,generator_all,3,45,0.03953315317630768,0.9604668468236923,9.81323528289795,15.445514678955078,1440
fold_2,direct_d5_time_augmented,0.1,generator_all,3,45,0.0390099473297596,0.9609900526702404,9.686378479003906,15.25891399383545,1440
fold_2,direct_d5_time_augmented,0.15,generator_all,3,45,0.03853795304894447,0.9614620469510555,9.571617126464844,15.078943252563477,1440
fold_2,direct_d5_time_augmented,0.2,generator_all,3,45,0.038106318563222885,0.9618936814367771,9.466976165771484,14.905842781066895,1440
fold_2,direct_d5_time_augmented,0.25,generator_all,3,45,0.037706293165683746,0.9622937068343163,9.370426177978516,14.739856719970703,1440
fold_2,direct_d5_time_augmented,0.3,generator_all,3,45,0.03734221309423447,0.9626577869057655,9.283557891845703,14.581223487854004,1440
fold_2,direct_d5_time_augmented,0.35,generator_all,3,45,0.03700563684105873,0.9629943631589413,9.204066276550293,14.430190086364746,1440
fold_2,direct_d5_time_augmented,0.4,generator_all,3,45,0.036711014807224274,0.9632889851927757,9.135260581970215,14.286994934082031,1440
fold_2,direct_d5_time_augmented,0.45,generator_all,3,45,0.03645303100347519,0.9635469689965248,9.075799942016602,14.151878356933594,1440
fold_2,direct_d5_time_augmented,0.5,generator_all,3,45,0.036221928894519806,0.9637780711054802,9.02323055267334,14.02507209777832,1440
fold_2,direct_d5_time_augmented,0.55,generator_all,3,45,0.03601524978876114,0.9639847502112389,8.976855278015137,13.906803131103516,1440
fold_2,direct_d5_time_augmented,0.6,generator_all,3,45,0.035851042717695236,0.9641489572823048,8.940546035766602,13.797290802001953,1440
fold_2,direct_d5_time_augmented,0.65,generator_all,3,45,0.035718563944101334,0.9642814360558987,8.912205696105957,13.696746826171875,1440
fold_2,direct_d5_time_augmented,0.7,generator_all,3,45,0.03560745343565941,0.9643925465643406,8.889264106750488,13.605369567871094,1440
fold_2,direct_d5_time_augmented,0.75,generator_all,3,45,0.03552759438753128,0.9644724056124687,8.874181747436523,13.523343086242676,1440
fold_2,direct_d5_time_augmented,0.8,generator_all,3,45,0.03547652065753937,0.9645234793424606,8.866313934326172,13.450840950012207,1440
fold_2,direct_d5_time_augmented,0.85,generator_all,3,45,0.035453759133815765,0.9645462408661842,8.865643501281738,13.388016700744629,1440
fold_2,direct_d5_time_augmented,0.9,generator_all,3,45,0.03546949848532677,0.9645305015146732,8.874567031860352,13.335005760192871,1440
fold_2,direct_d5_time_augmented,0.95,generator_all,3,45,0.0355164110660553,0.9644835889339447,8.8910551071167,13.2919282913208,1440
fold_2,direct_d5_time_augmented,1.0,generator_all,3,45,0.035599999129772186,0.9644000008702278,8.916441917419434,13.258878707885742,1440
fold_2,direct_d5_time_augmented,0.0,generator_all,4,60,0.04936646297574043,0.9506335370242596,12.233983993530273,18.81503677368164,1440
fold_2,direct_d5_time_augmented,0.05,generator_all,4,60,0.04864183068275452,0.9513581693172455,12.056405067443848,18.581811904907227,1440
fold_2,direct_d5_time_augmented,0.1,generator_all,4,60,0.047965601086616516,0.9520343989133835,11.89122486114502,18.35637092590332,1440
fold_2,direct_d5_time_augmented,0.15,generator_all,4,60,0.04734981805086136,0.9526501819491386,11.741829872131348,18.138996124267578,1440
fold_2,direct_d5_time_augmented,0.2,generator_all,4,60,0.04679485782980919,0.9532051421701908,11.608116149902344,17.929988861083984,1440
fold_2,direct_d5_time_augmented,0.25,generator_all,4,60,0.046296630054712296,0.9537033699452877,11.488550186157227,17.729637145996094,1440
fold_2,direct_d5_time_augmented,0.3,generator_all,4,60,0.04587828367948532,0.9541217163205147,11.389195442199707,17.538244247436523,1440
fold_2,direct_d5_time_augmented,0.35,generator_all,4,60,0.04551338776946068,0.9544866122305393,11.303373336791992,17.356103897094727,1440
fold_2,direct_d5_time_augmented,0.4,generator_all,4,60,0.04519487917423248,0.9548051208257675,11.229263305664062,17.183509826660156,1440
fold_2,direct_d5_time_augmented,0.45,generator_all,4,60,0.04490891098976135,0.9550910890102386,11.163355827331543,17.020753860473633,1440
fold_2,direct_d5_time_augmented,0.5,generator_all,4,60,0.04466225206851959,0.9553377479314804,11.10749340057373,16.868120193481445,1440
fold_2,direct_d5_time_augmented,0.55,generator_all,4,60,0.04444563016295433,0.9555543698370457,11.05903148651123,16.72588348388672,1440
fold_2,direct_d5_time_augmented,0.6,generator_all,4,60,0.044256504625082016,0.955743495374918,11.017571449279785,16.594314575195312,1440
fold_2,direct_d5_time_augmented,0.65,generator_all,4,60,0.044091615825891495,0.9559083841741085,10.982291221618652,16.47366714477539,1440
fold_2,direct_d5_time_augmented,0.7,generator_all,4,60,0.04398097097873688,0.9560190290212631,10.960229873657227,16.364185333251953,1440
fold_2,direct_d5_time_augmented,0.75,generator_all,4,60,0.04391728714108467,0.9560827128589153,10.94964599609375,16.266088485717773,1440
fold_2,direct_d5_time_augmented,0.8,generator_all,4,60,0.04387696459889412,0.9561230354011059,10.944759368896484,16.17959213256836,1440
fold_2,direct_d5_time_augmented,0.85,generator_all,4,60,0.04386996105313301,0.956130038946867,10.94810676574707,16.104877471923828,1440
fold_2,direct_d5_time_augmented,0.9,generator_all,4,60,0.04389115795493126,0.9561088420450687,10.95853042602539,16.0421085357666,1440
fold_2,direct_d5_time_augmented,0.95,generator_all,4,60,0.04393695294857025,0.9560630470514297,10.975309371948242,15.991430282592773,1440
fold_2,direct_d5_time_augmented,1.0,generator_all,4,60,0.04400542005896568,0.9559945799410343,10.997909545898438,15.95295524597168,1440
fold_2,direct_d5_time_augmented,0.0,generator_all,5,75,0.05768168345093727,0.9423183165490627,14.289566993713379,21.462692260742188,1440
fold_2,direct_d5_time_augmented,0.05,generator_all,5,75,0.056892819702625275,0.9431071802973747,14.096736907958984,21.192901611328125,1440
fold_2,direct_d5_time_augmented,0.1,generator_all,5,75,0.05616370216012001,0.94383629783988,13.91970443725586,20.93274688720703,1440
fold_2,direct_d5_time_augmented,0.15,generator_all,5,75,0.05548720806837082,0.9445127919316292,13.756449699401855,20.682588577270508,1440
fold_2,direct_d5_time_augmented,0.2,generator_all,5,75,0.05487676337361336,0.9451232366263866,13.610490798950195,20.442798614501953,1440
fold_2,direct_d5_time_augmented,0.25,generator_all,5,75,0.05432697385549545,0.9456730261445045,13.48058795928955,20.21373748779297,1440
fold_2,direct_d5_time_augmented,0.3,generator_all,5,75,0.05384644493460655,0.9461535550653934,13.36866283416748,19.995784759521484,1440
fold_2,direct_d5_time_augmented,0.35,generator_all,5,75,0.05342480167746544,0.9465751983225346,13.27216625213623,19.78929901123047,1440
fold_2,direct_d5_time_augmented,0.4,generator_all,5,75,0.05304514616727829,0.9469548538327217,13.186493873596191,19.59464454650879,1440
fold_2,direct_d5_time_augmented,0.45,generator_all,5,75,0.05271937698125839,0.9472806230187416,13.1144437789917,19.412179946899414,1440
fold_2,direct_d5_time_augmented,0.5,generator_all,5,75,0.05243288725614548,0.9475671127438545,13.052606582641602,19.242250442504883,1440
fold_2,direct_d5_time_augmented,0.55,generator_all,5,75,0.05219421908259392,0.9478057809174061,13.002487182617188,19.085189819335938,1440
fold_2,direct_d5_time_augmented,0.6,generator_all,5,75,0.052008457481861115,0.9479915425181389,12.965215682983398,18.941320419311523,1440
fold_2,direct_d5_time_augmented,0.65,generator_all,5,75,0.0518803633749485,0.9481196366250515,12.942254066467285,18.810941696166992,1440
fold_2,direct_d5_time_augmented,0.7,generator_all,5,75,0.051785118877887726,0.9482148811221123,12.92758560180664,18.694339752197266,1440
fold_2,direct_d5_time_augmented,0.75,generator_all,5,75,0.05173997953534126,0.9482600204646587,12.925369262695312,18.591772079467773,1440
fold_2,direct_d5_time_augmented,0.8,generator_all,5,75,0.051736313849687576,0.9482636861503124,12.933558464050293,18.50347137451172,1440
fold_2,direct_d5_time_augmented,0.85,generator_all,5,75,0.051769860088825226,0.9482301399111748,12.951372146606445,18.429641723632812,1440
fold_2,direct_d5_time_augmented,0.9,generator_all,5,75,0.05184192582964897,0.948158074170351,12.978958129882812,18.370460510253906,1440
fold_2,direct_d5_time_augmented,0.95,generator_all,5,75,0.051955223083496094,0.9480447769165039,13.01675033569336,18.326068878173828,1440
fold_2,direct_d5_time_augmented,1.0,generator_all,5,75,0.05209815874695778,0.9479018412530422,13.062068939208984,18.296571731567383,1440
fold_2,direct_d5_time_augmented,0.0,generator_all,6,90,0.06492988020181656,0.9350701197981834,16.083654403686523,23.576641082763672,1440
fold_2,direct_d5_time_augmented,0.05,generator_all,6,90,0.06407299637794495,0.935927003622055,15.876297950744629,23.284940719604492,1440
fold_2,direct_d5_time_augmented,0.1,generator_all,6,90,0.06330163776874542,0.9366983622312546,15.691948890686035,23.003854751586914,1440
fold_2,direct_d5_time_augmented,0.15,generator_all,6,90,0.06259699165821075,0.9374030083417892,15.52553939819336,22.733768463134766,1440
fold_2,direct_d5_time_augmented,0.2,generator_all,6,90,0.06193741038441658,0.9380625896155834,15.37137222290039,22.47508430480957,1440
fold_2,direct_d5_time_augmented,0.25,generator_all,6,90,0.06133207678794861,0.9386679232120514,15.232142448425293,22.228200912475586,1440
fold_2,direct_d5_time_augmented,0.3,generator_all,6,90,0.060816388577222824,0.9391836114227772,15.115337371826172,21.993511199951172,1440
fold_2,direct_d5_time_augmented,0.35,generator_all,6,90,0.06038304418325424,0.9396169558167458,15.019769668579102,21.77140998840332,1440
fold_2,direct_d5_time_augmented,0.4,generator_all,6,90,0.06002505496144295,0.939974945038557,14.943994522094727,21.56229019165039,1440
fold_2,direct_d5_time_augmented,0.45,generator_all,6,90,0.05972538888454437,0.9402746111154556,14.883134841918945,21.36652946472168,1440
fold_2,direct_d5_time_augmented,0.5,generator_all,6,90,0.05946401134133339,0.9405359886586666,14.831832885742188,21.184499740600586,1440
fold_2,direct_d5_time_augmented,0.55,generator_all,6,90,0.059230439364910126,0.9407695606350899,14.787854194641113,21.016557693481445,1440
fold_2,direct_d5_time_augmented,0.6,generator_all,6,90,0.059030015021562576,0.9409699849784374,14.752243041992188,20.8630428314209,1440
fold_2,direct_d5_time_augmented,0.65,generator_all,6,90,0.05886535719037056,0.9411346428096294,14.725805282592773,20.72427749633789,1440
fold_2,direct_d5_time_augmented,0.7,generator_all,6,90,0.0587468184530735,0.9412531815469265,14.71152114868164,20.600557327270508,1440
fold_2,direct_d5_time_augmented,0.75,generator_all,6,90,0.058670319616794586,0.9413296803832054,14.70814037322998,20.49215316772461,1440
fold_2,direct_d5_time_augmented,0.8,generator_all,6,90,0.05862746760249138,0.9413725323975086,14.71310043334961,20.399316787719727,1440
fold_2,direct_d5_time_augmented,0.85,generator_all,6,90,0.05862724408507347,0.9413727559149265,14.72844409942627,20.322254180908203,1440
fold_2,direct_d5_time_augmented,0.9,generator_all,6,90,0.0586649589240551,0.9413350410759449,14.753424644470215,20.26114845275879,1440
fold_2,direct_d5_time_augmented,0.95,generator_all,6,90,0.05875350162386894,0.9412464983761311,14.791053771972656,20.216144561767578,1440
fold_2,direct_d5_time_augmented,1.0,generator_all,6,90,0.058875922113657,0.941124077886343,14.836870193481445,20.187347412109375,1440
fold_2,direct_d5_time_augmented,0.0,generator_all,7,105,0.07053549587726593,0.9294645041227341,17.456785202026367,25.309850692749023,1440
fold_2,direct_d5_time_augmented,0.05,generator_all,7,105,0.0696108266711235,0.9303891733288765,17.23285675048828,24.99810218811035,1440
fold_2,direct_d5_time_augmented,0.1,generator_all,7,105,0.0687844380736351,0.9312155619263649,17.03600311279297,24.698402404785156,1440
fold_2,direct_d5_time_augmented,0.15,generator_all,7,105,0.06807710975408554,0.9319228902459145,16.872331619262695,24.41118621826172,1440
fold_2,direct_d5_time_augmented,0.2,generator_all,7,105,0.06745660305023193,0.9325433969497681,16.732481002807617,24.13690757751465,1440
fold_2,direct_d5_time_augmented,0.25,generator_all,7,105,0.06691808998584747,0.9330819100141525,16.614330291748047,23.87601089477539,1440
fold_2,direct_d5_time_augmented,0.3,generator_all,7,105,0.06646919995546341,0.9335308000445366,16.519468307495117,23.628936767578125,1440
fold_2,direct_d5_time_augmented,0.35,generator_all,7,105,0.06608584523200989,0.9339141547679901,16.441661834716797,23.39612579345703,1440
fold_2,direct_d5_time_augmented,0.4,generator_all,7,105,0.06577181816101074,0.9342281818389893,16.381372451782227,23.178003311157227,1440
fold_2,direct_d5_time_augmented,0.45,generator_all,7,105,0.06551290303468704,0.934487096965313,16.33534049987793,22.974992752075195,1440
fold_2,direct_d5_time_augmented,0.5,generator_all,7,105,0.06529787927865982,0.9347021207213402,16.300464630126953,22.787498474121094,1440
fold_2,direct_d5_time_augmented,0.55,generator_all,7,105,0.06512437760829926,0.9348756223917007,16.276487350463867,22.61590003967285,1440
fold_2,direct_d5_time_augmented,0.6,generator_all,7,105,0.06498432904481888,0.9350156709551811,16.260910034179688,22.460567474365234,1440
fold_2,direct_d5_time_augmented,0.65,generator_all,7,105,0.06489989906549454,0.9351001009345055,16.259634017944336,22.32183837890625,1440
fold_2,direct_d5_time_augmented,0.7,generator_all,7,105,0.06487873196601868,0.9351212680339813,16.2738037109375,22.20002555847168,1440
fold_2,direct_d5_time_augmented,0.75,generator_all,7,105,0.06489615142345428,0.9351038485765457,16.297685623168945,22.095407485961914,1440
fold_2,direct_d5_time_augmented,0.8,generator_all,7,105,0.06494870781898499,0.935051292181015,16.33042335510254,22.00822639465332,1440
fold_2,direct_d5_time_augmented,0.85,generator_all,7,105,0.06505102664232254,0.9349489733576775,16.375282287597656,21.938697814941406,1440
fold_2,direct_d5_time_augmented,0.9,generator_all,7,105,0.06520850211381912,0.9347914978861809,16.433963775634766,21.886981964111328,1440
fold_2,direct_d5_time_augmented,0.95,generator_all,7,105,0.06542160362005234,0.9345783963799477,16.506608963012695,21.85321044921875,1440
fold_2,direct_d5_time_augmented,1.0,generator_all,7,105,0.06568358838558197,0.934316411614418,16.59128761291504,21.83746337890625,1440
fold_2,direct_d5_time_augmented,0.0,generator_all,8,120,0.07541573792695999,0.92458426207304,18.646808624267578,26.726089477539062,1440
fold_2,direct_d5_time_augmented,0.05,generator_all,8,120,0.07444735616445541,0.9255526438355446,18.42002296447754,26.36994171142578,1440
fold_2,direct_d5_time_augmented,0.1,generator_all,8,120,0.0736413300037384,0.9263586699962616,18.239112854003906,26.029586791992188,1440
fold_2,direct_d5_time_augmented,0.15,generator_all,8,120,0.07296112179756165,0.9270388782024384,18.093446731567383,25.705657958984375,1440
fold_2,direct_d5_time_augmented,0.2,generator_all,8,120,0.07237450033426285,0.9276254996657372,17.973773956298828,25.39878273010254,1440
fold_2,direct_d5_time_augmented,0.25,generator_all,8,120,0.07188741117715836,0.9281125888228416,17.880727767944336,25.10958480834961,1440
fold_2,direct_d5_time_augmented,0.3,generator_all,8,120,0.07149595767259598,0.928504042327404,17.813112258911133,24.838680267333984,1440
fold_2,direct_d5_time_augmented,0.35,generator_all,8,120,0.0711824968457222,0.9288175031542778,17.76651382446289,24.58667755126953,1440
fold_2,direct_d5_time_augmented,0.4,generator_all,8,120,0.0709511935710907,0.9290488064289093,17.741304397583008,24.354158401489258,1440
fold_2,direct_d5_time_augmented,0.45,generator_all,8,120,0.07078235596418381,0.9292176440358162,17.73263931274414,24.141691207885742,1440
fold_2,direct_d5_time_augmented,0.5,generator_all,8,120,0.07066052407026291,0.9293394759297371,17.736635208129883,23.949806213378906,1440
fold_2,direct_d5_time_augmented,0.55,generator_all,8,120,0.07057301700115204,0.929426982998848,17.749462127685547,23.77900505065918,1440
fold_2,direct_d5_time_augmented,0.6,generator_all,8,120,0.0705338791012764,0.9294661208987236,17.7745361328125,23.62973976135254,1440
fold_2,direct_d5_time_augmented,0.65,generator_all,8,120,0.07054200768470764,0.9294579923152924,17.811899185180664,23.502424240112305,1440
fold_2,direct_d5_time_augmented,0.7,generator_all,8,120,0.07062264531850815,0.9293773546814919,17.867019653320312,23.397417068481445,1440
fold_2,direct_d5_time_augmented,0.75,generator_all,8,120,0.07077428698539734,0.9292257130146027,17.940210342407227,23.315017700195312,1440
fold_2,direct_d5_time_augmented,0.8,generator_all,8,120,0.07096141576766968,0.9290385842323303,18.022411346435547,23.25546646118164,1440
fold_2,direct_d5_time_augmented,0.85,generator_all,8,120,0.07119810581207275,0.9288018941879272,18.11731719970703,23.21894073486328,1440
fold_2,direct_d5_time_augmented,0.9,generator_all,8,120,0.0715099424123764,0.9284900575876236,18.23120880126953,23.205549240112305,1440
fold_2,direct_d5_time_augmented,0.95,generator_all,8,120,0.07185760140419006,0.9281423985958099,18.354053497314453,23.215330123901367,1440
fold_2,direct_d5_time_augmented,1.0,generator_all,8,120,0.0722748190164566,0.9277251809835434,18.493953704833984,23.24825668334961,1440
fold_3,direct_d5_time_augmented,0.0,generator_1,1,15,0.027609962970018387,0.9723900370299816,2.8940157890319824,4.343934059143066,1423
fold_3,direct_d5_time_augmented,0.05,generator_1,1,15,0.027530157938599586,0.9724698420614004,2.8875174522399902,4.33410120010376,1423
fold_3,direct_d5_time_augmented,0.1,generator_1,1,15,0.027478432282805443,0.9725215677171946,2.88407564163208,4.326688289642334,1423
fold_3,direct_d5_time_augmented,0.15,generator_1,1,15,0.02744968980550766,0.9725503101944923,2.883171319961548,4.321707725524902,1423
fold_3,direct_d5_time_augmented,0.2,generator_1,1,15,0.027441810816526413,0.9725581891834736,2.884634256362915,4.319169044494629,1423
fold_3,direct_d5_time_augmented,0.25,generator_1,1,15,0.027456950396299362,0.9725430496037006,2.8885741233825684,4.319075584411621,1423
fold_3,direct_d5_time_augmented,0.3,generator_1,1,15,0.02749207615852356,0.9725079238414764,2.8946053981781006,4.321427345275879,1423
fold_3,direct_d5_time_augmented,0.35,generator_1,1,15,0.02754410356283188,0.9724558964371681,2.9025509357452393,4.326221466064453,1423
fold_3,direct_d5_time_augmented,0.4,generator_1,1,15,0.02761833369731903,0.972381666302681,2.9129087924957275,4.33344841003418,1423
fold_3,direct_d5_time_augmented,0.45,generator_1,1,15,0.027718206867575645,0.9722817931324244,2.926086664199829,4.34309720993042,1423
fold_3,direct_d5_time_augmented,0.5,generator_1,1,15,0.0278396587818861,0.9721603412181139,2.941497564315796,4.355151653289795,1423
fold_3,direct_d5_time_augmented,0.55,generator_1,1,15,0.027993153780698776,0.9720068462193012,2.96028995513916,4.369590759277344,1423
fold_3,direct_d5_time_augmented,0.6,generator_1,1,15,0.02817673422396183,0.9718232657760382,2.982224225997925,4.386392116546631,1423
fold_3,direct_d5_time_augmented,0.65,generator_1,1,15,0.02839730866253376,0.9716026913374662,3.0078423023223877,4.405528545379639,1423
fold_3,direct_d5_time_augmented,0.7,generator_1,1,15,0.028634747490286827,0.9713652525097132,3.035254955291748,4.426969051361084,1423
fold_3,direct_d5_time_augmented,0.75,generator_1,1,15,0.02889694646000862,0.9711030535399914,3.0653154850006104,4.450681209564209,1423
fold_3,direct_d5_time_augmented,0.8,generator_1,1,15,0.029178163036704063,0.9708218369632959,3.0973563194274902,4.476627826690674,1423
fold_3,direct_d5_time_augmented,0.85,generator_1,1,15,0.029483294114470482,0.9705167058855295,3.1319735050201416,4.504771709442139,1423
fold_3,direct_d5_time_augmented,0.9,generator_1,1,15,0.029797455295920372,0.9702025447040796,3.1675360202789307,4.535070896148682,1423
fold_3,direct_d5_time_augmented,0.95,generator_1,1,15,0.030129792168736458,0.9698702078312635,3.205033779144287,4.5674824714660645,1423
fold_3,direct_d5_time_augmented,1.0,generator_1,1,15,0.03047335334122181,0.9695266466587782,3.2437350749969482,4.601962566375732,1423
fold_3,direct_d5_time_augmented,0.0,generator_1,2,30,0.03794446215033531,0.9620555378496647,3.9504013061523438,5.941202163696289,1423
fold_3,direct_d5_time_augmented,0.05,generator_1,2,30,0.03783673793077469,0.9621632620692253,3.941680431365967,5.918817520141602,1423
fold_3,direct_d5_time_augmented,0.1,generator_1,2,30,0.037755370140075684,0.9622446298599243,3.935896873474121,5.89915657043457,1423
fold_3,direct_d5_time_augmented,0.15,generator_1,2,30,0.03769233822822571,0.9623076617717743,3.932175874710083,5.882247447967529,1423
fold_3,direct_d5_time_augmented,0.2,generator_1,2,30,0.03765527158975601,0.962344728410244,3.931347608566284,5.8681135177612305,1423
fold_3,direct_d5_time_augmented,0.25,generator_1,2,30,0.03764111548662186,0.9623588845133781,3.9330101013183594,5.856775283813477,1423
fold_3,direct_d5_time_augmented,0.3,generator_1,2,30,0.03765592351555824,0.9623440764844418,3.937624216079712,5.848248481750488,1423
fold_3,direct_d5_time_augmented,0.35,generator_1,2,30,0.03769052401185036,0.9623094759881496,3.944194793701172,5.842545509338379,1423
fold_3,direct_d5_time_augmented,0.4,generator_1,2,30,0.037754710763692856,0.9622452892363071,3.953965663909912,5.839675426483154,1423
fold_3,direct_d5_time_augmented,0.45,generator_1,2,30,0.03785043954849243,0.9621495604515076,3.967175006866455,5.839641094207764,1423
fold_3,direct_d5_time_augmented,0.5,generator_1,2,30,0.03797980025410652,0.9620201997458935,3.9841158390045166,5.842443466186523,1423
fold_3,direct_d5_time_augmented,0.55,generator_1,2,30,0.03812666982412338,0.9618733301758766,4.002904415130615,5.848078727722168,1423
fold_3,direct_d5_time_augmented,0.6,generator_1,2,30,0.03829122334718704,0.961708776652813,4.023595809936523,5.856537818908691,1423
fold_3,direct_d5_time_augmented,0.65,generator_1,2,30,0.03848833963274956,0.9615116603672504,4.0476298332214355,5.867809295654297,1423
fold_3,direct_d5_time_augmented,0.7,generator_1,2,30,0.038707930594682693,0.9612920694053173,4.074123859405518,5.881875991821289,1423
fold_3,direct_d5_time_augmented,0.75,generator_1,2,30,0.038966819643974304,0.9610331803560257,4.10468053817749,5.898719310760498,1423
fold_3,direct_d5_time_augmented,0.8,generator_1,2,30,0.03925163298845291,0.9607483670115471,4.137851238250732,5.918314456939697,1423
fold_3,direct_d5_time_augmented,0.85,generator_1,2,30,0.03955213353037834,0.9604478664696217,4.172610759735107,5.940634250640869,1423
fold_3,direct_d5_time_augmented,0.9,generator_1,2,30,0.03986526280641556,0.9601347371935844,4.208745002746582,5.965648651123047,1423
fold_3,direct_d5_time_augmented,0.95,generator_1,2,30,0.040196534246206284,0.9598034657537937,4.246782302856445,5.993324279785156,1423
fold_3,direct_d5_time_augmented,1.0,generator_1,2,30,0.04054177552461624,0.9594582244753838,4.286208629608154,6.023622512817383,1423
fold_3,direct_d5_time_augmented,0.0,generator_1,3,45,0.045877065509557724,0.9541229344904423,4.774826526641846,7.216490745544434,1423
fold_3,direct_d5_time_augmented,0.05,generator_1,3,45,0.04571375623345375,0.9542862437665462,4.762141704559326,7.1800312995910645,1423
fold_3,direct_d5_time_augmented,0.1,generator_1,3,45,0.04562053084373474,0.9543794691562653,4.757003307342529,7.149707794189453,1423
fold_3,direct_d5_time_augmented,0.15,generator_1,3,45,0.045584265142679214,0.9544157348573208,4.758148670196533,7.125598907470703,1423
fold_3,direct_d5_time_augmented,0.2,generator_1,3,45,0.04560955986380577,0.9543904401361942,4.7660393714904785,7.1077680587768555,1423
fold_3,direct_d5_time_augmented,0.25,generator_1,3,45,0.04570706933736801,0.954292930662632,4.781651020050049,7.096262454986572,1423
fold_3,direct_d5_time_augmented,0.3,generator_1,3,45,0.04587404429912567,0.9541259557008743,4.804382801055908,7.091113090515137,1423
fold_3,direct_d5_time_augmented,0.35,generator_1,3,45,0.04609851911664009,0.9539014808833599,4.833258152008057,7.092333793640137,1423
fold_3,direct_d5_time_augmented,0.4,generator_1,3,45,0.04637700319290161,0.9536229968070984,4.868256568908691,7.09991979598999,1423
fold_3,direct_d5_time_augmented,0.45,generator_1,3,45,0.046698734164237976,0.953301265835762,4.908068656921387,7.1138529777526855,1423
fold_3,direct_d5_time_augmented,0.5,generator_1,3,45,0.04705190658569336,0.9529480934143066,4.951378345489502,7.134095191955566,1423
fold_3,direct_d5_time_augmented,0.55,generator_1,3,45,0.04746958985924721,0.9525304101407528,5.001865863800049,7.160592079162598,1423
fold_3,direct_d5_time_augmented,0.6,generator_1,3,45,0.04794255644083023,0.9520574435591698,5.058146953582764,7.193275451660156,1423
fold_3,direct_d5_time_augmented,0.65,generator_1,3,45,0.04847056791186333,0.9515294320881367,5.120125770568848,7.232061386108398,1423
fold_3,direct_d5_time_augmented,0.7,generator_1,3,45,0.04902832210063934,0.9509716778993607,5.185179233551025,7.276852607727051,1423
fold_3,direct_d5_time_augmented,0.75,generator_1,3,45,0.04961923509836197,0.950380764901638,5.253623008728027,7.327538967132568,1423
fold_3,direct_d5_time_augmented,0.8,generator_1,3,45,0.050248146057128906,0.9497518539428711,5.32611608505249,7.383997917175293,1423
fold_3,direct_d5_time_augmented,0.85,generator_1,3,45,0.050917189568281174,0.9490828104317188,5.402957439422607,7.446099281311035,1423
fold_3,direct_d5_time_augmented,0.9,generator_1,3,45,0.05162889137864113,0.9483711086213589,5.484181880950928,7.513702392578125,1423
fold_3,direct_d5_time_augmented,0.95,generator_1,3,45,0.05238667130470276,0.9476133286952972,5.570302963256836,7.586660861968994,1423
fold_3,direct_d5_time_augmented,1.0,generator_1,3,45,0.05318794772028923,0.9468120522797108,5.661215305328369,7.664822101593018,1423
fold_3,direct_d5_time_augmented,0.0,generator_1,4,60,0.055551256984472275,0.9444487430155277,5.7941107749938965,8.561657905578613,1423
fold_3,direct_d5_time_augmented,0.05,generator_1,4,60,0.05529702454805374,0.9447029754519463,5.775297164916992,8.515745162963867,1423
fold_3,direct_d5_time_augmented,0.1,generator_1,4,60,0.055148184299468994,0.944851815700531,5.76773738861084,8.478524208068848,1423
fold_3,direct_d5_time_augmented,0.15,generator_1,4,60,0.055093470960855484,0.9449065290391445,5.769864082336426,8.450109481811523,1423
fold_3,direct_d5_time_augmented,0.2,generator_1,4,60,0.055124230682849884,0.9448757693171501,5.781262397766113,8.430587768554688,1423
fold_3,direct_d5_time_augmented,0.25,generator_1,4,60,0.0552699975669384,0.9447300024330616,5.805147171020508,8.420022964477539,1423
fold_3,direct_d5_time_augmented,0.3,generator_1,4,60,0.05550214648246765,0.9444978535175323,5.838441848754883,8.418448448181152,1423
fold_3,direct_d5_time_augmented,0.35,generator_1,4,60,0.05582039803266525,0.9441796019673347,5.880521774291992,8.42586898803711,1423
fold_3,direct_d5_time_augmented,0.4,generator_1,4,60,0.056213926523923874,0.9437860734760761,5.930526256561279,8.4422607421875,1423
fold_3,direct_d5_time_augmented,0.45,generator_1,4,60,0.056670259684324265,0.9433297403156757,5.987346649169922,8.467572212219238,1423
fold_3,direct_d5_time_augmented,0.5,generator_1,4,60,0.057179614901542664,0.9428203850984573,6.0498127937316895,8.501723289489746,1423
fold_3,direct_d5_time_augmented,0.55,generator_1,4,60,0.05774606019258499,0.942253939807415,6.118325233459473,8.544608116149902,1423
fold_3,direct_d5_time_augmented,0.6,generator_1,4,60,0.05837297439575195,0.941627025604248,6.1933441162109375,8.59609603881836,1423
fold_3,direct_d5_time_augmented,0.65,generator_1,4,60,0.05904659256339073,0.9409534074366093,6.273155212402344,8.65603256225586,1423
fold_3,direct_d5_time_augmented,0.7,generator_1,4,60,0.059777189046144485,0.9402228109538555,6.359346389770508,8.724245071411133,1423
fold_3,direct_d5_time_augmented,0.75,generator_1,4,60,0.060564443469047546,0.9394355565309525,6.451963901519775,8.800540924072266,1423
fold_3,direct_d5_time_augmented,0.8,generator_1,4,60,0.061417557299137115,0.9385824427008629,6.551652908325195,8.884711265563965,1423
fold_3,direct_d5_time_augmented,0.85,generator_1,4,60,0.062318310141563416,0.9376816898584366,6.656426906585693,8.976534843444824,1423
fold_3,direct_d5_time_augmented,0.9,generator_1,4,60,0.06327342242002487,0.9367265775799751,6.766963005065918,9.075778007507324,1423
fold_3,direct_d5_time_augmented,0.95,generator_1,4,60,0.06428248435258865,0.9357175156474113,6.883154392242432,9.182202339172363,1423
fold_3,direct_d5_time_augmented,1.0,generator_1,4,60,0.06532890349626541,0.9346710965037346,7.003281116485596,9.295560836791992,1423
fold_3,direct_d5_time_augmented,0.0,generator_1,5,75,0.062458936125040054,0.93754106387496,6.532320022583008,9.458108901977539,1423
fold_3,direct_d5_time_augmented,0.05,generator_1,5,75,0.06195638328790665,0.9380436167120934,6.487623691558838,9.387243270874023,1423
fold_3,direct_d5_time_augmented,0.1,generator_1,5,75,0.0615391843020916,0.9384608156979084,6.452188968658447,9.325862884521484,1423
fold_3,direct_d5_time_augmented,0.15,generator_1,5,75,0.061212021857500076,0.9387879781424999,6.426328659057617,9.274155616760254,1423
fold_3,direct_d5_time_augmented,0.2,generator_1,5,75,0.060986973345279694,0.9390130266547203,6.41155481338501,9.232284545898438,1423
fold_3,direct_d5_time_augmented,0.25,generator_1,5,75,0.060848623514175415,0.9391513764858246,6.406280040740967,9.200383186340332,1423
fold_3,direct_d5_time_augmented,0.3,generator_1,5,75,0.06080041453242302,0.939199585467577,6.410054683685303,9.178556442260742,1423
fold_3,direct_d5_time_augmented,0.35,generator_1,5,75,0.060829419642686844,0.9391705803573132,6.42237663269043,9.166875839233398,1423
fold_3,direct_d5_time_augmented,0.4,generator_1,5,75,0.060951050370931625,0.9390489496290684,6.4448018074035645,9.165380477905273,1423
fold_3,direct_d5_time_augmented,0.45,generator_1,5,75,0.06118617206811905,0.938813827931881,6.479367256164551,9.174074172973633,1423
fold_3,direct_d5_time_augmented,0.5,generator_1,5,75,0.06150968000292778,0.9384903199970722,6.52323579788208,9.1929292678833,1423
fold_3,direct_d5_time_augmented,0.55,generator_1,5,75,0.0619029700756073,0.9380970299243927,6.574328422546387,9.221883773803711,1423
fold_3,direct_d5_time_augmented,0.6,generator_1,5,75,0.06238189712166786,0.9376181028783321,6.63470458984375,9.260842323303223,1423
fold_3,direct_d5_time_augmented,0.65,generator_1,5,75,0.06296060234308243,0.9370393976569176,6.705892562866211,9.309678077697754,1423
fold_3,direct_d5_time_augmented,0.7,generator_1,5,75,0.0636090561747551,0.9363909438252449,6.7844719886779785,9.368239402770996,1423
fold_3,direct_d5_time_augmented,0.75,generator_1,5,75,0.06432022154331207,0.9356797784566879,6.869739055633545,9.436342239379883,1423
fold_3,direct_d5_time_augmented,0.8,generator_1,5,75,0.06509530544281006,0.9349046945571899,6.96177339553833,9.513782501220703,1423
fold_3,direct_d5_time_augmented,0.85,generator_1,5,75,0.06593720614910126,0.9340627938508987,7.061258316040039,9.600335121154785,1423
fold_3,direct_d5_time_augmented,0.9,generator_1,5,75,0.06684903055429459,0.9331509694457054,7.1685075759887695,9.695756912231445,1423
fold_3,direct_d5_time_augmented,0.95,generator_1,5,75,0.06782563030719757,0.9321743696928024,7.282801151275635,9.799786567687988,1423
fold_3,direct_d5_time_augmented,1.0,generator_1,5,75,0.06886103004217148,0.9311389699578285,7.403205871582031,9.912155151367188,1423
fold_3,direct_d5_time_augmented,0.0,generator_1,6,90,0.06867434829473495,0.931325651705265,7.194429874420166,10.386507987976074,1423
fold_3,direct_d5_time_augmented,0.05,generator_1,6,90,0.06810035556554794,0.9318996444344521,7.144092082977295,10.314960479736328,1423
fold_3,direct_d5_time_augmented,0.1,generator_1,6,90,0.06767065823078156,0.9323293417692184,7.1096343994140625,10.254549026489258,1423
fold_3,direct_d5_time_augmented,0.15,generator_1,6,90,0.06737112998962402,0.932628870010376,7.0894575119018555,10.205470085144043,1423
fold_3,direct_d5_time_augmented,0.2,generator_1,6,90,0.0671844482421875,0.9328155517578125,7.081601619720459,10.167888641357422,1423
fold_3,direct_d5_time_augmented,0.25,generator_1,6,90,0.06712456047534943,0.9328754395246506,7.087628364562988,10.141931533813477,1423
fold_3,direct_d5_time_augmented,0.3,generator_1,6,90,0.06714369356632233,0.9328563064336777,7.1016011238098145,10.127689361572266,1423
fold_3,direct_d5_time_augmented,0.35,generator_1,6,90,0.06726200878620148,0.9327379912137985,7.125367164611816,10.12520980834961,1423
fold_3,direct_d5_time_augmented,0.4,generator_1,6,90,0.06751154363155365,0.9324884563684464,7.163427829742432,10.134503364562988,1423
fold_3,direct_d5_time_augmented,0.45,generator_1,6,90,0.0678764283657074,0.9321235716342926,7.214161396026611,10.155536651611328,1423
fold_3,direct_d5_time_augmented,0.5,generator_1,6,90,0.06835014373064041,0.9316498562693596,7.276864051818848,10.188236236572266,1423
fold_3,direct_d5_time_augmented,0.55,generator_1,6,90,0.06890254467725754,0.9310974553227425,7.34802770614624,10.232492446899414,1423
fold_3,direct_d5_time_augmented,0.6,generator_1,6,90,0.0695348009467125,0.9304651990532875,7.427390098571777,10.288153648376465,1423
fold_3,direct_d5_time_augmented,0.65,generator_1,6,90,0.07026170194149017,0.9297382980585098,7.516869068145752,10.3550386428833,1423
fold_3,direct_d5_time_augmented,0.7,generator_1,6,90,0.0710710659623146,0.9289289340376854,7.6151299476623535,10.432929039001465,1423
fold_3,direct_d5_time_augmented,0.75,generator_1,6,90,0.0719444751739502,0.9280555248260498,7.7201104164123535,10.521581649780273,1423
fold_3,direct_d5_time_augmented,0.8,generator_1,6,90,0.07287438958883286,0.9271256104111671,7.831270217895508,10.6207275390625,1423
fold_3,direct_d5_time_augmented,0.85,generator_1,6,90,0.0738949254155159,0.9261050745844841,7.952054500579834,10.730073928833008,1423
fold_3,direct_d5_time_augmented,0.9,generator_1,6,90,0.0750105008482933,0.9249894991517067,8.083381652832031,10.84931468963623,1423
fold_3,direct_d5_time_augmented,0.95,generator_1,6,90,0.0761987566947937,0.9238012433052063,8.222758293151855,10.97812557220459,1423
fold_3,direct_d5_time_augmented,1.0,generator_1,6,90,0.07746909558773041,0.9225309044122696,8.371028900146484,11.116175651550293,1423
fold_3,direct_d5_time_augmented,0.0,generator_1,7,105,0.07389960438013077,0.9261003956198692,7.745500087738037,11.134293556213379,1423
fold_3,direct_d5_time_augmented,0.05,generator_1,7,105,0.07339509576559067,0.9266049042344093,7.704728126525879,11.066484451293945,1423
fold_3,direct_d5_time_augmented,0.1,generator_1,7,105,0.07303500175476074,0.9269649982452393,7.679279804229736,11.01050853729248,1423
fold_3,direct_d5_time_augmented,0.15,generator_1,7,105,0.07278943061828613,0.9272105693817139,7.666435718536377,10.966543197631836,1423
fold_3,direct_d5_time_augmented,0.2,generator_1,7,105,0.07266407459974289,0.9273359254002571,7.666810512542725,10.934737205505371,1423
fold_3,direct_d5_time_augmented,0.25,generator_1,7,105,0.07262293249368668,0.9273770675063133,7.676241874694824,10.915194511413574,1423
fold_3,direct_d5_time_augmented,0.3,generator_1,7,105,0.07267297804355621,0.9273270219564438,7.6951823234558105,10.907981872558594,1423
fold_3,direct_d5_time_augmented,0.35,generator_1,7,105,0.07282038778066635,0.9271796122193336,7.724601745605469,10.913124084472656,1423
fold_3,direct_d5_time_augmented,0.4,generator_1,7,105,0.07309377938508987,0.9269062206149101,7.76765775680542,10.930602073669434,1423
fold_3,direct_d5_time_augmented,0.45,generator_1,7,105,0.07345984131097794,0.9265401586890221,7.820558071136475,10.960358619689941,1423
fold_3,direct_d5_time_augmented,0.5,generator_1,7,105,0.07395993918180466,0.9260400608181953,7.887620449066162,11.002293586730957,1423
fold_3,direct_d5_time_augmented,0.55,generator_1,7,105,0.07457500696182251,0.9254249930381775,7.96648645401001,11.056267738342285,1423
fold_3,direct_d5_time_augmented,0.6,generator_1,7,105,0.07529383152723312,0.9247061684727669,8.055944442749023,11.12210750579834,1423
fold_3,direct_d5_time_augmented,0.65,generator_1,7,105,0.076128289103508,0.923871710896492,8.157405853271484,11.199601173400879,1423
fold_3,direct_d5_time_augmented,0.7,generator_1,7,105,0.07706023752689362,0.9229397624731064,8.269082069396973,11.2885103225708,1423
fold_3,direct_d5_time_augmented,0.75,generator_1,7,105,0.07805265486240387,0.9219473451375961,8.387419700622559,11.388567924499512,1423
fold_3,direct_d5_time_augmented,0.8,generator_1,7,105,0.07915294170379639,0.9208470582962036,8.516780853271484,11.499482154846191,1423
fold_3,direct_d5_time_augmented,0.85,generator_1,7,105,0.08032462745904922,0.9196753725409508,8.653742790222168,11.620942115783691,1423
fold_3,direct_d5_time_augmented,0.9,generator_1,7,105,0.08154692500829697,0.918453074991703,8.795960426330566,11.752620697021484,1423
fold_3,direct_d5_time_augmented,0.95,generator_1,7,105,0.08284445106983185,0.9171555489301682,8.946351051330566,11.894179344177246,1423
fold_3,direct_d5_time_augmented,1.0,generator_1,7,105,0.08418102562427521,0.9158189743757248,9.100833892822266,12.045269012451172,1423
fold_3,direct_d5_time_augmented,0.0,generator_1,8,120,0.07755813002586365,0.9224418699741364,8.157136917114258,11.642637252807617,1423
fold_3,direct_d5_time_augmented,0.05,generator_1,8,120,0.07698976248502731,0.9230102375149727,8.108856201171875,11.576642990112305,1423
fold_3,direct_d5_time_augmented,0.1,generator_1,8,120,0.07649541646242142,0.9235045835375786,8.06773853302002,11.518552780151367,1423
fold_3,direct_d5_time_augmented,0.15,generator_1,8,120,0.07606421411037445,0.9239357858896255,8.033249855041504,11.468485832214355,1423
fold_3,direct_d5_time_augmented,0.2,generator_1,8,120,0.07572825253009796,0.924271747469902,8.008743286132812,11.42654800415039,1423
fold_3,direct_d5_time_augmented,0.25,generator_1,8,120,0.07549533993005753,0.9245046600699425,7.994945049285889,11.392828941345215,1423
fold_3,direct_d5_time_augmented,0.3,generator_1,8,120,0.07533523440361023,0.9246647655963898,7.988789081573486,11.367403030395508,1423
fold_3,direct_d5_time_augmented,0.35,generator_1,8,120,0.07527364790439606,0.9247263520956039,7.992949485778809,11.350324630737305,1423
fold_3,direct_d5_time_augmented,0.4,generator_1,8,120,0.07529859244823456,0.9247014075517654,8.0066556930542,11.341630935668945,1423
fold_3,direct_d5_time_augmented,0.45,generator_1,8,120,0.07539507746696472,0.9246049225330353,8.027697563171387,11.34134292602539,1423
fold_3,direct_d5_time_augmented,0.5,generator_1,8,120,0.07556544989347458,0.9244345501065254,8.055974960327148,11.349459648132324,1423
fold_3,direct_d5_time_augmented,0.55,generator_1,8,120,0.07578766345977783,0.9242123365402222,8.08896541595459,11.36596393585205,1423
fold_3,direct_d5_time_augmented,0.6,generator_1,8,120,0.07608716189861298,0.923912838101387,8.130026817321777,11.39081859588623,1423
fold_3,direct_d5_time_augmented,0.65,generator_1,8,120,0.07645900547504425,0.9235409945249557,8.178966522216797,11.423970222473145,1423
fold_3,direct_d5_time_augmented,0.7,generator_1,8,120,0.07689377665519714,0.9231062233448029,8.234753608703613,11.465346336364746,1423
fold_3,direct_d5_time_augmented,0.75,generator_1,8,120,0.07737570255994797,0.922624297440052,8.295665740966797,11.51485824584961,1423
fold_3,direct_d5_time_augmented,0.8,generator_1,8,120,0.07791968435049057,0.9220803156495094,8.363490104675293,11.572402000427246,1423
fold_3,direct_d5_time_augmented,0.85,generator_1,8,120,0.07853911817073822,0.9214608818292618,8.43934440612793,11.637858390808105,1423
fold_3,direct_d5_time_augmented,0.9,generator_1,8,120,0.07923227548599243,0.9207677245140076,8.522663116455078,11.711092948913574,1423
fold_3,direct_d5_time_augmented,0.95,generator_1,8,120,0.07996273785829544,0.9200372621417046,8.609439849853516,11.791962623596191,1423
fold_3,direct_d5_time_augmented,1.0,generator_1,8,120,0.08075541257858276,0.9192445874214172,8.702183723449707,11.880311965942383,1423
fold_3,direct_d5_time_augmented,0.0,generator_all,1,15,0.016578083857893944,0.9834219161421061,5.14412784576416,8.061871528625488,1423
fold_3,direct_d5_time_augmented,0.05,generator_all,1,15,0.016441401094198227,0.9835585989058018,5.103765487670898,7.999880313873291,1423
fold_3,direct_d5_time_augmented,0.1,generator_all,1,15,0.016315363347530365,0.9836846366524696,5.066535949707031,7.940487861633301,1423
fold_3,direct_d5_time_augmented,0.15,generator_all,1,15,0.016202863305807114,0.9837971366941929,5.033349514007568,7.88375186920166,1423
fold_3,direct_d5_time_augmented,0.2,generator_all,1,15,0.01609990932047367,0.9839000906795263,5.00286865234375,7.829730987548828,1423
fold_3,direct_d5_time_augmented,0.25,generator_all,1,15,0.016006246209144592,0.9839937537908554,4.975345134735107,7.7784810066223145,1423
fold_3,direct_d5_time_augmented,0.3,generator_all,1,15,0.01592160016298294,0.9840783998370171,4.950538635253906,7.730057239532471,1423
fold_3,direct_d5_time_augmented,0.35,generator_all,1,15,0.01584566757082939,0.9841543324291706,4.928452014923096,7.684513568878174,1423
fold_3,direct_d5_time_augmented,0.4,generator_all,1,15,0.015779443085193634,0.9842205569148064,4.909304141998291,7.641901016235352,1423
fold_3,direct_d5_time_augmented,0.45,generator_all,1,15,0.01572187803685665,0.9842781219631433,4.892950534820557,7.602268695831299,1423
fold_3,direct_d5_time_augmented,0.5,generator_all,1,15,0.01567305251955986,0.9843269474804401,4.879195213317871,7.565664291381836,1423
fold_3,direct_d5_time_augmented,0.55,generator_all,1,15,0.01563349738717079,0.9843665026128292,4.868233680725098,7.532131195068359,1423
fold_3,direct_d5_time_augmented,0.6,generator_all,1,15,0.01560195628553629,0.9843980437144637,4.859567642211914,7.501710414886475,1423
fold_3,direct_d5_time_augmented,0.65,generator_all,1,15,0.01557520404458046,0.9844247959554195,4.852449417114258,7.474441051483154,1423
fold_3,direct_d5_time_augmented,0.7,generator_all,1,15,0.015554019249975681,0.9844459807500243,4.8470659255981445,7.450356960296631,1423
fold_3,direct_d5_time_augmented,0.75,generator_all,1,15,0.01554081216454506,0.9844591878354549,4.844227313995361,7.429488658905029,1423
fold_3,direct_d5_time_augmented,0.8,generator_all,1,15,0.015535712242126465,0.9844642877578735,4.8438825607299805,7.411864280700684,1423
fold_3,direct_d5_time_augmented,0.85,generator_all,1,15,0.015535924583673477,0.9844640754163265,4.845076560974121,7.397506237030029,1423
fold_3,direct_d5_time_augmented,0.9,generator_all,1,15,0.015542819164693356,0.9844571808353066,4.8482842445373535,7.386434555053711,1423
fold_3,direct_d5_time_augmented,0.95,generator_all,1,15,0.015560715459287167,0.9844392845407128,4.8549580574035645,7.378663063049316,1423
fold_3,direct_d5_time_augmented,1.0,generator_all,1,15,0.015587021596729755,0.9844129784032702,4.8641486167907715,7.374202728271484,1423
fold_3,direct_d5_time_augmented,0.0,generator_all,2,30,0.025849835947155952,0.974150164052844,7.9883551597595215,12.54464054107666,1423
fold_3,direct_d5_time_augmented,0.05,generator_all,2,30,0.025549061596393585,0.9744509384036064,7.898022174835205,12.40585994720459,1423
fold_3,direct_d5_time_augmented,0.1,generator_all,2,30,0.025273144245147705,0.9747268557548523,7.815282344818115,12.27198600769043,1423
fold_3,direct_d5_time_augmented,0.15,generator_all,2,30,0.02502070926129818,0.9749792907387018,7.739809513092041,12.143180847167969,1423
fold_3,direct_d5_time_augmented,0.2,generator_all,2,30,0.024792253971099854,0.9752077460289001,7.671799659729004,12.019608497619629,1423
fold_3,direct_d5_time_augmented,0.25,generator_all,2,30,0.024589957669377327,0.9754100423306227,7.612030982971191,11.901432037353516,1423
fold_3,direct_d5_time_augmented,0.3,generator_all,2,30,0.024408167228102684,0.9755918327718973,7.558412551879883,11.788813591003418,1423
fold_3,direct_d5_time_augmented,0.35,generator_all,2,30,0.024246811866760254,0.9757531881332397,7.5107269287109375,11.681913375854492,1423
fold_3,direct_d5_time_augmented,0.4,generator_all,2,30,0.02410736493766308,0.9758926350623369,7.46942138671875,11.580888748168945,1423
fold_3,direct_d5_time_augmented,0.45,generator_all,2,30,0.023981111124157906,0.9760188888758421,7.43204402923584,11.485897064208984,1423
fold_3,direct_d5_time_augmented,0.5,generator_all,2,30,0.023870600387454033,0.976129399612546,7.399620056152344,11.397088050842285,1423
fold_3,direct_d5_time_augmented,0.55,generator_all,2,30,0.023779744282364845,0.9762202557176352,7.373317241668701,11.314607620239258,1423
fold_3,direct_d5_time_augmented,0.6,generator_all,2,30,0.023711295798420906,0.9762887042015791,7.353917121887207,11.238594055175781,1423
fold_3,direct_d5_time_augmented,0.65,generator_all,2,30,0.023664239794015884,0.9763357602059841,7.3409857749938965,11.169180870056152,1423
fold_3,direct_d5_time_augmented,0.7,generator_all,2,30,0.023640844970941544,0.9763591550290585,7.335049629211426,11.106490135192871,1423
fold_3,direct_d5_time_augmented,0.75,generator_all,2,30,0.0236448235809803,0.9763551764190197,7.337705135345459,11.050638198852539,1423
fold_3,direct_d5_time_augmented,0.8,generator_all,2,30,0.023670006543397903,0.9763299934566021,7.346899509429932,11.001728057861328,1423
fold_3,direct_d5_time_augmented,0.85,generator_all,2,30,0.02371150441467762,0.9762884955853224,7.361223220825195,10.95985221862793,1423
fold_3,direct_d5_time_augmented,0.9,generator_all,2,30,0.023767627775669098,0.9762323722243309,7.380027770996094,10.925092697143555,1423
fold_3,direct_d5_time_augmented,0.95,generator_all,2,30,0.023837914690375328,0.9761620853096247,7.403035640716553,10.897517204284668,1423
fold_3,direct_d5_time_augmented,1.0,generator_all,2,30,0.023926204070448875,0.9760737959295511,7.431473255157471,10.877180099487305,1423
fold_3,direct_d5_time_augmented,0.0,generator_all,3,45,0.03452293947339058,0.9654770605266094,10.652626037597656,16.254003524780273,1423
fold_3,direct_d5_time_augmented,0.05,generator_all,3,45,0.03406170755624771,0.9659382924437523,10.514228820800781,16.052379608154297,1423
fold_3,direct_d5_time_augmented,0.1,generator_all,3,45,0.03363751620054245,0.9663624837994576,10.387606620788574,15.858439445495605,1423
fold_3,direct_d5_time_augmented,0.15,generator_all,3,45,0.03325066342949867,0.9667493365705013,10.272090911865234,15.672468185424805,1423
fold_3,direct_d5_time_augmented,0.2,generator_all,3,45,0.03290636092424393,0.9670936390757561,10.169353485107422,15.494752883911133,1423
fold_3,direct_d5_time_augmented,0.25,generator_all,3,45,0.03259231895208359,0.9674076810479164,10.075665473937988,15.325580596923828,1423
fold_3,direct_d5_time_augmented,0.3,generator_all,3,45,0.032314155250787735,0.9676858447492123,9.993512153625488,15.165236473083496,1423
fold_3,direct_d5_time_augmented,0.35,generator_all,3,45,0.032071493566036224,0.9679285064339638,9.922091484069824,15.014004707336426,1423
fold_3,direct_d5_time_augmented,0.4,generator_all,3,45,0.031877461820840836,0.9681225381791592,9.864909172058105,14.872162818908691,1423
fold_3,direct_d5_time_augmented,0.45,generator_all,3,45,0.031716711819171906,0.9682832881808281,9.817830085754395,14.739980697631836,1423
fold_3,direct_d5_time_augmented,0.5,generator_all,3,45,0.0315864160656929,0.9684135839343071,9.780503273010254,14.61772346496582,1423
fold_3,direct_d5_time_augmented,0.55,generator_all,3,45,0.03148429095745087,0.9685157090425491,9.751928329467773,14.505637168884277,1423
fold_3,direct_d5_time_augmented,0.6,generator_all,3,45,0.03141558915376663,0.9685844108462334,9.733941078186035,14.40396499633789,1423
fold_3,direct_d5_time_augmented,0.65,generator_all,3,45,0.031369443982839584,0.9686305560171604,9.723200798034668,14.3129243850708,1423
fold_3,direct_d5_time_augmented,0.7,generator_all,3,45,0.031343117356300354,0.9686568826436996,9.71867561340332,14.232721328735352,1423
fold_3,direct_d5_time_augmented,0.75,generator_all,3,45,0.031350065022706985,0.968649934977293,9.724632263183594,14.16353988647461,1423
fold_3,direct_d5_time_augmented,0.8,generator_all,3,45,0.03139004856348038,0.9686099514365196,9.740897178649902,14.105541229248047,1423
fold_3,direct_d5_time_augmented,0.85,generator_all,3,45,0.03145637363195419,0.9685436263680458,9.76529598236084,14.058865547180176,1423
fold_3,direct_d5_time_augmented,0.9,generator_all,3,45,0.03154928609728813,0.9684507139027119,9.797816276550293,14.0236234664917,1423
fold_3,direct_d5_time_augmented,0.95,generator_all,3,45,0.03167182579636574,0.9683281742036343,9.839424133300781,13.999903678894043,1423
fold_3,direct_d5_time_augmented,1.0,generator_all,3,45,0.03181616589426994,0.9681838341057301,9.887990951538086,13.987762451171875,1423
fold_3,direct_d5_time_augmented,0.0,generator_all,4,60,0.04247618094086647,0.9575238190591335,13.129419326782227,19.468996047973633,1423
fold_3,direct_d5_time_augmented,0.05,generator_all,4,60,0.041945088654756546,0.9580549113452435,12.969935417175293,19.240766525268555,1423
fold_3,direct_d5_time_augmented,0.1,generator_all,4,60,0.04144620522856712,0.9585537947714329,12.820530891418457,19.02151870727539,1423
fold_3,direct_d5_time_augmented,0.15,generator_all,4,60,0.040999673306941986,0.959000326693058,12.68679141998291,18.811565399169922,1423
fold_3,direct_d5_time_augmented,0.2,generator_all,4,60,0.040595464408397675,0.9594045355916023,12.565434455871582,18.611217498779297,1423
fold_3,direct_d5_time_augmented,0.25,generator_all,4,60,0.04023553058505058,0.9597644694149494,12.457930564880371,18.420793533325195,1423
fold_3,direct_d5_time_augmented,0.3,generator_all,4,60,0.03991897776722908,0.9600810222327709,12.364703178405762,18.240602493286133,1423
fold_3,direct_d5_time_augmented,0.35,generator_all,4,60,0.0396343395113945,0.9603656604886055,12.281447410583496,18.07094955444336,1423
fold_3,direct_d5_time_augmented,0.4,generator_all,4,60,0.0393795445561409,0.9606204554438591,12.207581520080566,17.912134170532227,1423
fold_3,direct_d5_time_augmented,0.45,generator_all,4,60,0.03917152062058449,0.9608284793794155,12.148311614990234,17.764448165893555,1423
fold_3,direct_d5_time_augmented,0.5,generator_all,4,60,0.03900504484772682,0.9609949551522732,12.101984977722168,17.628170013427734,1423
fold_3,direct_d5_time_augmented,0.55,generator_all,4,60,0.0388914979994297,0.9611085020005703,12.071968078613281,17.503568649291992,1423
fold_3,direct_d5_time_augmented,0.6,generator_all,4,60,0.038823068141937256,0.9611769318580627,12.05602741241455,17.390892028808594,1423
fold_3,direct_d5_time_augmented,0.65,generator_all,4,60,0.03879811614751816,0.9612018838524818,12.053582191467285,17.290374755859375,1423
fold_3,direct_d5_time_augmented,0.7,generator_all,4,60,0.03880854696035385,0.9611914530396461,12.061996459960938,17.20223045349121,1423
fold_3,direct_d5_time_augmented,0.75,generator_all,4,60,0.038850024342536926,0.9611499756574631,12.079980850219727,17.12664794921875,1423
fold_3,direct_d5_time_augmented,0.8,generator_all,4,60,0.038914259523153305,0.9610857404768467,12.105021476745605,17.06379508972168,1423
fold_3,direct_d5_time_augmented,0.85,generator_all,4,60,0.03899940103292465,0.9610005989670753,12.136428833007812,17.013816833496094,1423
fold_3,direct_d5_time_augmented,0.9,generator_all,4,60,0.03911175578832626,0.9608882442116737,12.17609691619873,16.97681999206543,1423
fold_3,direct_d5_time_augmented,0.95,generator_all,4,60,0.039241593331098557,0.9607584066689014,12.221250534057617,16.952896118164062,1423
fold_3,direct_d5_time_augmented,1.0,generator_all,4,60,0.03939177095890045,0.9606082290410995,12.272772789001465,16.942096710205078,1423
fold_3,direct_d5_time_augmented,0.0,generator_all,5,75,0.049257103353738785,0.9507428966462612,15.234405517578125,22.1178035736084,1423
fold_3,direct_d5_time_augmented,0.05,generator_all,5,75,0.048609208315610886,0.9513907916843891,15.040358543395996,21.843961715698242,1423
fold_3,direct_d5_time_augmented,0.1,generator_all,5,75,0.04801321029663086,0.9519867897033691,14.862961769104004,21.581933975219727,1423
fold_3,direct_d5_time_augmented,0.15,generator_all,5,75,0.04746123030781746,0.9525387696921825,14.69969367980957,21.332155227661133,1423
fold_3,direct_d5_time_augmented,0.2,generator_all,5,75,0.04694245755672455,0.9530575424432755,14.54699420928955,21.095064163208008,1423
fold_3,direct_d5_time_augmented,0.25,generator_all,5,75,0.0464712493121624,0.9535287506878376,14.409357070922852,20.871089935302734,1423
fold_3,direct_d5_time_augmented,0.3,generator_all,5,75,0.04605833813548088,0.9539416618645191,14.290300369262695,20.66065788269043,1423
fold_3,direct_d5_time_augmented,0.35,generator_all,5,75,0.045705344527959824,0.9542946554720402,14.190435409545898,20.464189529418945,1423
fold_3,direct_d5_time_augmented,0.4,generator_all,5,75,0.04540890082716942,0.9545910991728306,14.108521461486816,20.282087326049805,1423
fold_3,direct_d5_time_augmented,0.45,generator_all,5,75,0.045167118310928345,0.9548328816890717,14.043852806091309,20.114744186401367,1423
fold_3,direct_d5_time_augmented,0.5,generator_all,5,75,0.04497780650854111,0.9550221934914589,13.995500564575195,19.9625301361084,1423
fold_3,direct_d5_time_augmented,0.55,generator_all,5,75,0.0448373407125473,0.9551626592874527,13.962227821350098,19.82579231262207,1423
fold_3,direct_d5_time_augmented,0.6,generator_all,5,75,0.044748030602931976,0.955251969397068,13.944875717163086,19.704856872558594,1423
fold_3,direct_d5_time_augmented,0.65,generator_all,5,75,0.04470155015587807,0.9552984498441219,13.940711975097656,19.600011825561523,1423
fold_3,direct_d5_time_augmented,0.7,generator_all,5,75,0.04469009116292,0.95530990883708,13.947531700134277,19.511516571044922,1423
fold_3,direct_d5_time_augmented,0.75,generator_all,5,75,0.044729676097631454,0.9552703239023685,13.970004081726074,19.439598083496094,1423
fold_3,direct_d5_time_augmented,0.8,generator_all,5,75,0.04480189457535744,0.9551981054246426,14.002130508422852,19.38443946838379,1423
fold_3,direct_d5_time_augmented,0.85,generator_all,5,75,0.044930778443813324,0.9550692215561867,14.051665306091309,19.346181869506836,1423
fold_3,direct_d5_time_augmented,0.9,generator_all,5,75,0.045106008648872375,0.9548939913511276,14.115569114685059,19.324928283691406,1423
fold_3,direct_d5_time_augmented,0.95,generator_all,5,75,0.04531777650117874,0.9546822234988213,14.190783500671387,19.32073402404785,1423
fold_3,direct_d5_time_augmented,1.0,generator_all,5,75,0.04557836055755615,0.9544216394424438,14.280890464782715,19.33361053466797,1423
fold_3,direct_d5_time_augmented,0.0,generator_all,6,90,0.055284030735492706,0.9447159692645073,17.10329246520996,24.392398834228516,1423
fold_3,direct_d5_time_augmented,0.05,generator_all,6,90,0.05461844429373741,0.9453815557062626,16.901275634765625,24.114368438720703,1423
fold_3,direct_d5_time_augmented,0.1,generator_all,6,90,0.05399539694190025,0.9460046030580997,16.71307945251465,23.847700119018555,1423
fold_3,direct_d5_time_augmented,0.15,generator_all,6,90,0.053420934826135635,0.9465790651738644,16.539920806884766,23.5927734375,1423
fold_3,direct_d5_time_augmented,0.2,generator_all,6,90,0.052894581109285355,0.9471054188907146,16.382287979125977,23.349973678588867,1423
fold_3,direct_d5_time_augmented,0.25,generator_all,6,90,0.05239785462617874,0.9476021453738213,16.233871459960938,23.11968421936035,1423
fold_3,direct_d5_time_augmented,0.3,generator_all,6,90,0.05194910615682602,0.948050893843174,16.101276397705078,22.902284622192383,1423
fold_3,direct_d5_time_augmented,0.35,generator_all,6,90,0.051561594009399414,0.9484384059906006,15.987893104553223,22.69814109802246,1423
fold_3,direct_d5_time_augmented,0.4,generator_all,6,90,0.0512264259159565,0.9487735740840435,15.890715599060059,22.50761604309082,1423
fold_3,direct_d5_time_augmented,0.45,generator_all,6,90,0.050924014300107956,0.949075985699892,15.803953170776367,22.331058502197266,1423
fold_3,direct_d5_time_augmented,0.5,generator_all,6,90,0.05068030208349228,0.9493196979165077,15.735736846923828,22.168800354003906,1423
fold_3,direct_d5_time_augmented,0.55,generator_all,6,90,0.05050249397754669,0.9494975060224533,15.688337326049805,22.021160125732422,1423
fold_3,direct_d5_time_augmented,0.6,generator_all,6,90,0.050371117889881134,0.9496288821101189,15.655802726745605,21.88843536376953,1423
fold_3,direct_d5_time_augmented,0.65,generator_all,6,90,0.05027417838573456,0.9497258216142654,15.633874893188477,21.770893096923828,1423
fold_3,direct_d5_time_augmented,0.7,generator_all,6,90,0.05022140219807625,0.9497785978019238,15.625638008117676,21.66878318786621,1423
fold_3,direct_d5_time_augmented,0.75,generator_all,6,90,0.05024338513612747,0.9497566148638725,15.64013957977295,21.582326889038086,1423
fold_3,direct_d5_time_augmented,0.8,generator_all,6,90,0.05031585320830345,0.9496841467916965,15.670180320739746,21.511709213256836,1423
fold_3,direct_d5_time_augmented,0.85,generator_all,6,90,0.05041954666376114,0.9495804533362389,15.710124015808105,21.457088470458984,1423
fold_3,direct_d5_time_augmented,0.9,generator_all,6,90,0.05056607723236084,0.9494339227676392,15.763310432434082,21.41858673095703,1423
fold_3,direct_d5_time_augmented,0.95,generator_all,6,90,0.05076199769973755,0.9492380023002625,15.83135986328125,21.396291732788086,1423
fold_3,direct_d5_time_augmented,1.0,generator_all,6,90,0.050992630422115326,0.9490073695778847,15.91028118133545,21.390254974365234,1423
fold_3,direct_d5_time_augmented,0.0,generator_all,7,105,0.060042958706617355,0.9399570412933826,18.563161849975586,26.230043411254883,1423
fold_3,direct_d5_time_augmented,0.05,generator_all,7,105,0.059235092252492905,0.9407649077475071,18.316186904907227,25.908641815185547,1423
fold_3,direct_d5_time_augmented,0.1,generator_all,7,105,0.05849232152104378,0.9415076784789562,18.09008026123047,25.601823806762695,1423
fold_3,direct_d5_time_augmented,0.15,generator_all,7,105,0.057817332446575165,0.9421826675534248,17.88597297668457,25.31012535095215,1423
fold_3,direct_d5_time_augmented,0.2,generator_all,7,105,0.05721178278326988,0.9427882172167301,17.70438003540039,25.03406524658203,1423
fold_3,direct_d5_time_augmented,0.25,generator_all,7,105,0.05666287615895271,0.9433371238410473,17.54144859313965,24.774173736572266,1423
fold_3,direct_d5_time_augmented,0.3,generator_all,7,105,0.05617525801062584,0.9438247419893742,17.398805618286133,24.530960083007812,1423
fold_3,direct_d5_time_augmented,0.35,generator_all,7,105,0.055770739912986755,0.9442292600870132,17.28371810913086,24.304927825927734,1423
fold_3,direct_d5_time_augmented,0.4,generator_all,7,105,0.05545497685670853,0.9445450231432915,17.19663429260254,24.096559524536133,1423
fold_3,direct_d5_time_augmented,0.45,generator_all,7,105,0.05520035699009895,0.944799643009901,17.12900733947754,23.90631675720215,1423
fold_3,direct_d5_time_augmented,0.5,generator_all,7,105,0.055027250200510025,0.94497274979949,17.085493087768555,23.734636306762695,1423
fold_3,direct_d5_time_augmented,0.55,generator_all,7,105,0.05491665005683899,0.945083349943161,17.061508178710938,23.58192253112793,1423
fold_3,direct_d5_time_augmented,0.6,generator_all,7,105,0.05485551431775093,0.9451444856822491,17.053144454956055,23.44854736328125,1423
fold_3,direct_d5_time_augmented,0.65,generator_all,7,105,0.054835401475429535,0.9451645985245705,17.058263778686523,23.334840774536133,1423
fold_3,direct_d5_time_augmented,0.7,generator_all,7,105,0.0548519492149353,0.9451480507850647,17.074792861938477,23.241090774536133,1423
fold_3,direct_d5_time_augmented,0.75,generator_all,7,105,0.05491670221090317,0.9450832977890968,17.105945587158203,23.16754150390625,1423
fold_3,direct_d5_time_augmented,0.8,generator_all,7,105,0.0550316646695137,0.9449683353304863,17.15254783630371,23.1143856048584,1423
fold_3,direct_d5_time_augmented,0.85,generator_all,7,105,0.055184733122587204,0.9448152668774128,17.210529327392578,23.08176612854004,1423
fold_3,direct_d5_time_augmented,0.9,generator_all,7,105,0.05536933243274689,0.9446306675672531,17.278060913085938,23.069765090942383,1423
fold_3,direct_d5_time_augmented,0.95,generator_all,7,105,0.05559065192937851,0.9444093480706215,17.357250213623047,23.07841682434082,1423
fold_3,direct_d5_time_augmented,1.0,generator_all,7,105,0.05587092041969299,0.944129079580307,17.45477294921875,23.10770034790039,1423
fold_3,direct_d5_time_augmented,0.0,generator_all,8,120,0.06411588937044144,0.9358841106295586,19.823543548583984,27.73310661315918,1423
fold_3,direct_d5_time_augmented,0.05,generator_all,8,120,0.06326590478420258,0.9367340952157974,19.565811157226562,27.40385627746582,1423
fold_3,direct_d5_time_augmented,0.1,generator_all,8,120,0.062480729073286057,0.9375192709267139,19.32931137084961,27.090478897094727,1423
fold_3,direct_d5_time_augmented,0.15,generator_all,8,120,0.061757199466228485,0.9382428005337715,19.11253547668457,26.793535232543945,1423
fold_3,direct_d5_time_augmented,0.2,generator_all,8,120,0.06110795587301254,0.9388920441269875,18.920106887817383,26.513574600219727,1423
fold_3,direct_d5_time_augmented,0.25,generator_all,8,120,0.06051500514149666,0.9394849948585033,18.74610137939453,26.251140594482422,1423
fold_3,direct_d5_time_augmented,0.3,generator_all,8,120,0.06000489369034767,0.9399951063096523,18.599464416503906,26.006763458251953,1423
fold_3,direct_d5_time_augmented,0.35,generator_all,8,120,0.05958954989910126,0.9404104501008987,18.483951568603516,25.78095817565918,1423
fold_3,direct_d5_time_augmented,0.4,generator_all,8,120,0.05926165729761124,0.9407383427023888,18.396379470825195,25.574216842651367,1423
fold_3,direct_d5_time_augmented,0.45,generator_all,8,120,0.05900618061423302,0.940993819385767,18.332048416137695,25.387004852294922,1423
fold_3,direct_d5_time_augmented,0.5,generator_all,8,120,0.05880463868379593,0.9411953613162041,18.284448623657227,25.219757080078125,1423
fold_3,direct_d5_time_augmented,0.55,generator_all,8,120,0.05868511646986008,0.9413148835301399,18.262849807739258,25.0728702545166,1423
fold_3,direct_d5_time_augmented,0.6,generator_all,8,120,0.05860994756221771,0.9413900524377823,18.25544548034668,24.94670867919922,1423
fold_3,direct_d5_time_augmented,0.65,generator_all,8,120,0.05860590562224388,0.9413940943777561,18.270410537719727,24.841585159301758,1423
fold_3,direct_d5_time_augmented,0.7,generator_all,8,120,0.058642055839300156,0.9413579441606998,18.29815673828125,24.757768630981445,1423
fold_3,direct_d5_time_augmented,0.75,generator_all,8,120,0.058714378625154495,0.9412856213748455,18.337209701538086,24.695476531982422,1423
fold_3,direct_d5_time_augmented,0.8,generator_all,8,120,0.05881921574473381,0.9411807842552662,18.386354446411133,24.65487289428711,1423
fold_3,direct_d5_time_augmented,0.85,generator_all,8,120,0.058952365070581436,0.9410476349294186,18.444255828857422,24.636058807373047,1423
fold_3,direct_d5_time_augmented,0.9,generator_all,8,120,0.05913973227143288,0.9408602677285671,18.5184383392334,24.63909149169922,1423
fold_3,direct_d5_time_augmented,0.95,generator_all,8,120,0.059389639645814896,0.9406103603541851,18.61216926574707,24.66396141052246,1423
fold_3,direct_d5_time_augmented,1.0,generator_all,8,120,0.05970088019967079,0.9402991198003292,18.725204467773438,24.710599899291992,1423
