datetime,generator_1_t+15_pred,generator_1_t+30_pred,generator_1_t+45_pred,generator_1_t+60_pred,generator_1_t+75_pred,generator_1_t+90_pred,generator_1_t+105_pred,generator_1_t+120_pred,generator_all_t+15_pred,generator_all_t+30_pred,generator_all_t+45_pred,generator_all_t+60_pred,generator_all_t+75_pred,generator_all_t+90_pred,generator_all_t+105_pred,generator_all_t+120_pred
2025-10-01 00:00:00,112.060958,109.930606,108.885049,108.219925,107.388497,108.754228,107.929070,108.680268,331.250321,330.873462,328.258854,326.555600,325.791242,327.439108,327.483548,327.111019
2025-10-01 00:15:00,114.541239,113.307519,112.461912,111.457366,112.657045,111.672610,112.271033,113.704530,336.066433,334.033153,333.685310,332.608376,333.284783,333.713278,333.064902,332.776852
2025-10-01 00:30:00,117.384803,116.372799,115.208648,116.255235,115.123956,115.581527,116.879922,117.147581,339.316867,337.964261,336.310309,336.274891,336.124779,335.194420,335.041377,333.525721
2025-10-01 00:45:00,115.379235,114.255632,115.341112,114.247139,114.740494,116.073211,116.373793,115.858499,347.306297,345.549402,346.245236,345.067481,343.819041,343.360899,341.552594,337.948115
2025-10-01 01:00:00,123.743711,124.441977,122.976593,123.113694,124.104696,124.077509,123.247822,122.508376,347.256265,347.709479,345.963519,343.493503,342.696921,340.683243,336.494759,332.856397
2025-10-01 01:15:00,128.994907,127.343715,127.302592,128.122643,127.931481,126.944511,126.054202,125.205962,352.091454,350.748623,347.578516,345.359492,343.132802,338.739999,334.905657,332.325180
2025-10-01 01:30:00,131.942738,131.713925,132.353948,131.990104,130.837499,129.788315,128.787684,131.820281,350.858440,349.229458,347.179099,343.820313,339.184602,335.413071,332.892842,333.855284
2025-10-01 01:45:00,123.524128,124.498381,124.455127,123.610029,122.855802,122.138090,125.442061,125.897615,327.579321,327.209451,324.138148,319.289888,316.402501,314.371210,315.802635,316.514613
2025-10-01 02:00:00,108.009858,108.639509,108.439855,108.304731,108.180857,112.054430,113.056340,111.518980,277.216701,277.554728,272.577437,267.310537,266.993414,271.786972,274.076062,274.503603
2025-10-01 02:15:00,104.742778,104.702151,104.719565,104.742003,108.755918,109.892442,108.484203,108.871517,236.577654,235.720778,233.715681,231.967940,236.156087,239.512282,240.963381,245.116237
2025-10-01 02:30:00,104.121492,104.162602,104.207771,108.243487,109.400924,108.012744,108.419299,108.874952,224.513225,225.007653,224.275913,225.434912,229.131331,231.358446,235.824323,239.577925
2025-10-01 02:45:00,103.687607,103.752160,107.806471,108.981742,107.610670,108.033633,108.505025,110.471888,215.269916,216.648704,221.664241,225.056974,227.269309,232.152334,236.620176,242.191091
2025-10-01 03:00:00,101.518043,105.663529,106.926255,105.639068,106.142493,106.691064,108.731956,110.880815,220.633068,225.541856,229.433012,230.400780,235.189600,239.567081,245.051323,258.380112
2025-10-01 03:15:00,99.265180,100.789027,99.752303,100.495971,101.274979,103.536904,105.897777,104.512584,219.588953,223.894370,225.601471,229.870566,234.026044,240.178347,247.601896,248.679461
2025-10-01 03:30:00,102.872255,101.750513,102.412633,103.113421,105.300318,107.589225,106.135004,106.749530,223.788046,226.227608,231.172314,234.766864,240.987984,248.477541,249.618420,246.276573
2025-10-01 03:45:00,102.414170,103.049206,103.724015,105.885993,108.150999,106.673851,107.266386,107.818213,222.504657,227.768550,232.152039,238.073369,246.156375,247.435158,244.225587,238.708199
2025-10-01 04:00:00,100.705034,101.475511,103.729252,106.082275,104.689553,105.363068,105.992571,106.701690,220.574069,225.138195,230.442415,238.691615,240.129810,236.623467,231.702423,230.981234
2025-10-01 04:15:00,100.558334,102.849506,105.238432,103.880148,104.586695,105.247882,105.987393,108.106106,212.832880,219.398213,226.702614,227.673191,224.998060,220.475487,220.136506,228.197219
2025-10-01 04:30:00,97.157924,99.779126,98.643639,99.563892,100.430062,101.366190,103.673498,107.061408,212.715416,221.278413,223.137132,220.426882,216.145712,216.070789,224.384784,234.838186
2025-10-01 04:45:00,97.911660,96.852385,97.845740,98.782028,99.785414,102.157234,105.607024,108.172556,206.152298,209.136582,207.584189,203.729601,204.338940,213.341780,224.232853,233.200027
2025-10-01 05:00:00,100.063998,100.926284,101.736854,102.619652,104.875805,108.214648,110.673763,114.532894,202.336606,201.031467,197.790467,198.680758,207.920576,219.038957,228.224161,242.080407
2025-10-01 05:15:00,98.293871,99.211871,100.197715,102.552708,105.986358,108.536410,112.482768,113.213786,201.623320,198.092729,197.894494,204.964434,215.827252,224.767322,238.838115,244.447478
2025-10-01 05:30:00,98.450700,99.467608,101.852397,105.314627,107.892093,111.864746,112.620986,114.669233,194.861944,195.371652,201.325444,208.525400,217.374741,231.358508,236.884397,249.779416
2025-10-01 05:45:00,96.140879,98.661435,102.253890,104.956266,109.048732,109.919895,112.078375,113.184191,184.081975,193.389450,202.474111,208.751647,222.667600,228.559767,236.220480,241.248913
2025-10-01 06:00:00,93.489795,97.293308,100.198128,104.484776,105.542196,107.879333,109.156514,110.105615,181.124893,192.333807,199.249306,211.111308,217.382111,225.406008,228.971254,233.508651
2025-10-01 06:15:00,92.114125,95.230310,99.719697,100.971583,103.495249,104.951347,106.072063,108.856368,170.120920,180.533317,193.322526,198.711396,207.187097,211.547118,216.846855,224.122104
2025-10-01 06:30:00,93.672331,98.225300,99.538173,102.120337,103.632546,104.807083,107.643012,107.248997,179.809000,195.025893,199.607927,206.719787,210.707962,216.012436,223.292231,225.832637
2025-10-01 06:45:00,94.724991,96.180714,98.899897,100.543534,101.844135,104.800984,104.522953,105.399526,175.364308,183.278333,190.784766,194.748747,200.359497,208.294476,211.463329,214.127878
2025-10-01 07:00:00,95.229771,97.987763,99.668625,101.004932,103.996029,103.750849,104.658932,100.127924,164.011862,174.333973,179.313266,184.852019,193.047422,196.827479,200.078288,195.085783
2025-10-01 07:15:00,95.023879,96.825699,98.278027,101.380411,101.241975,102.252447,97.819649,96.855718,167.292939,173.445624,179.204382,187.015859,190.757141,194.332166,189.650646,190.967135
2025-10-01 07:30:00,96.131921,97.612563,100.742104,100.629718,101.665176,97.256346,96.315403,96.792109,164.875509,172.192820,181.267411,185.303700,188.764986,184.335776,185.894279,190.230992
2025-10-01 07:45:00,95.343745,98.565878,98.542305,99.662952,95.335833,94.473268,95.025151,94.580307,164.243430,173.812038,177.287368,180.341824,175.851870,177.713517,182.341003,186.900651
2025-10-01 08:00:00,94.415949,94.561737,95.844833,91.673534,90.960429,91.655673,91.348339,93.128658,169.007185,173.928819,177.668614,172.613307,174.262156,179.046936,183.757459,189.954352
2025-10-01 08:15:00,94.819983,96.092539,91.911131,91.188330,91.874274,91.558019,93.329780,92.642549,181.304755,185.624681,181.345870,183.045992,187.431155,192.119778,198.295665,200.224193
2025-10-01 08:30:00,94.548971,90.430557,89.768178,90.512079,90.251416,92.076501,91.440417,92.145207,185.392084,181.610858,183.034455,186.978653,191.454453,197.787611,199.866992,203.987306
2025-10-01 08:45:00,95.428087,94.561757,95.110029,94.661721,96.306819,95.498094,96.037287,96.528295,190.644480,192.490332,197.102667,201.291766,206.953216,209.187335,213.036308,216.855268
2025-10-01 09:00:00,103.905684,104.072626,103.258549,104.552805,103.407557,103.623961,103.805353,105.694578,190.826922,195.477406,199.248362,204.841474,206.294850,210.176115,214.026051,217.981070
2025-10-01 09:15:00,103.171800,102.394487,103.724006,102.612581,102.861429,103.073940,104.993015,104.021449,183.484124,188.584226,193.197069,193.845819,197.807780,202.096528,206.472450,210.480447
2025-10-01 09:30:00,104.712240,105.947171,104.745018,104.906839,105.035876,106.874883,105.826517,105.389001,173.032730,180.094432,182.998457,187.433048,191.778429,196.570082,200.976844,205.218624
2025-10-01 09:45:00,105.206411,104.034489,104.225307,104.382158,106.247843,105.225068,104.812096,105.791063,170.616974,174.366932,179.669882,184.527466,189.413711,194.272614,198.948082,204.638118
2025-10-01 10:00:00,104.999413,105.150853,105.269931,107.099386,106.041859,105.595554,106.542547,104.493672,174.417839,179.611972,184.545299,189.352198,193.738284,198.321640,203.923323,204.240770
2025-10-01 10:15:00,101.990518,102.238572,104.191738,103.252873,102.920388,103.976557,102.032401,103.597596,184.979562,189.867891,193.696382,195.996564,200.008195,205.422895,205.560990,210.241376
2025-10-01 10:30:00,104.808381,106.656672,105.617212,105.188237,106.151853,104.118922,105.598966,102.744253,197.527430,202.332725,206.098091,209.239318,214.491513,214.506242,219.068296,219.051146
2025-10-01 10:45:00,104.855089,103.889153,103.530701,104.561962,102.593915,104.136195,101.341179,101.444234,205.697330,210.032700,214.539071,219.747433,219.687611,224.178157,224.092417,225.728116
2025-10-01 11:00:00,104.483185,104.100490,105.108498,103.118147,104.639033,101.823495,101.906867,101.201789,214.827569,218.772407,223.064013,222.161322,226.450251,226.171122,227.621325,229.021915
2025-10-01 11:15:00,106.503625,107.413560,105.329138,106.759792,103.857705,103.858060,103.073352,104.424754,222.116031,226.992722,226.073417,230.258811,229.880372,231.235318,232.544538,231.848341
2025-10-01 11:30:00,106.735862,104.679097,106.136279,103.259638,103.284401,102.523104,103.896962,106.864009,236.119177,235.299151,238.519170,237.734009,238.698831,239.633849,238.783604,242.207233
2025-10-01 11:45:00,107.380764,108.727690,105.745292,105.668614,104.810016,106.090544,108.968070,109.766966,251.302253,254.498893,251.819952,251.632528,252.069176,250.740901,260.667672,262.184511
2025-10-01 12:00:00,105.704278,102.845268,102.886940,102.141865,103.531281,106.513252,107.412330,109.136567,249.714141,248.548390,247.952327,247.780098,246.593984,249.695451,251.343085,251.298701
2025-10-01 12:15:00,104.844747,104.804820,103.981475,105.295816,108.205775,109.035781,110.693764,112.935678,246.531482,247.066030,244.932986,241.823633,244.867547,250.095984,247.869457,259.660580
2025-10-01 12:30:00,104.781279,103.958894,105.274156,108.185000,109.015853,110.674649,112.917343,115.355552,269.054450,269.143386,262.973754,264.083240,265.913235,270.527697,278.047604,283.907915
2025-10-01 12:45:00,96.387965,98.012202,101.219409,102.334532,104.265997,106.770231,109.459307,110.885056,272.906814,271.020717,273.839235,276.948554,276.706258,284.320471,291.180610,294.135242
2025-10-01 13:00:00,96.406824,99.679548,100.857514,102.849256,105.411309,108.155843,109.634787,110.918466,251.851183,259.924890,260.769912,261.790789,273.029425,279.657932,282.462343,288.861708
2025-10-01 13:15:00,99.536192,100.720008,102.717362,105.284797,108.034494,109.518391,110.806820,114.253758,256.051441,257.692722,257.813951,268.584391,279.524412,284.092017,290.655376,303.856132
2025-10-01 13:30:00,100.254839,102.271177,104.856821,107.623984,109.124634,110.429133,113.891484,119.984189,248.347513,248.677100,256.101250,267.747064,270.985813,283.110171,298.053582,319.761728
2025-10-01 13:45:00,97.548036,100.326434,103.278485,104.956476,106.431080,110.056594,116.305803,118.946140,242.593325,250.291932,255.036461,257.757926,267.167615,287.961237,313.630034,323.753216
2025-10-01 14:00:00,98.475374,101.502968,103.253419,104.797526,108.489706,114.802860,117.504533,119.033697,247.480098,253.315898,257.021169,262.455926,290.881699,314.076579,322.880339,328.470609
2025-10-01 14:15:00,96.808395,98.750435,100.478311,104.346761,110.828991,113.692839,115.377560,119.106850,255.619250,259.212418,272.702067,294.626218,317.414752,325.500245,330.508454,336.130929
2025-10-01 14:30:00,97.019824,98.818327,102.754522,109.301732,112.227909,113.972414,117.759049,117.960342,253.989716,259.495216,287.481267,312.464038,321.623364,326.782477,332.549697,333.870922
2025-10-01 14:45:00,96.619800,100.645718,107.278989,110.287716,112.111401,115.973985,116.248128,117.224671,257.061956,279.716592,310.183264,319.012314,324.600431,330.528385,332.003786,334.791705
2025-10-01 15:00:00,98.096868,104.834159,107.942660,109.862049,113.816430,114.178624,115.239625,116.521227,247.710097,277.126997,294.563542,301.990886,308.530076,310.624274,314.660814,317.148329
2025-10-01 15:15:00,102.255239,105.468988,107.489328,111.540541,111.995615,113.145706,114.512763,112.907503,252.944805,262.388348,282.506154,291.991504,295.658017,299.520604,302.208175,303.060758
2025-10-01 15:30:00,103.510540,105.610806,109.738682,110.267291,111.487916,112.922628,111.382262,112.150430,268.171756,284.653080,298.205148,304.315822,310.055337,312.903811,313.910731,316.338988
2025-10-01 15:45:00,103.346067,107.566369,108.183631,109.489291,111.005567,109.543438,110.386650,110.634531,282.271928,298.664228,301.361692,307.158857,309.939971,310.882279,313.248560,314.947133
2025-10-01 16:00:00,108.134774,108.728839,110.012249,111.507183,110.024583,110.848158,111.077205,108.033980,299.808589,303.834474,306.889982,308.804445,309.641660,311.907138,313.509021,311.860652
2025-10-01 16:15:00,110.039207,111.269140,112.712780,111.180979,111.957361,112.141141,109.054496,108.175473,309.745528,313.565209,316.211624,317.024731,319.267085,320.855758,319.186114,319.629776
2025-10-01 16:30:00,109.469257,110.986351,109.525006,110.368969,110.617573,107.593105,106.773722,106.397323,309.224771,311.627759,312.477650,314.496039,315.869889,313.994187,314.240202,315.060894
2025-10-01 16:45:00,109.758367,108.347137,109.239170,109.533881,106.553639,105.776677,105.440968,105.690753,311.580898,312.147512,312.850182,313.357798,311.470624,311.705634,312.515771,314.199661
2025-10-01 17:00:00,109.330477,110.182379,110.438597,107.421434,106.609056,106.239378,106.456579,108.406910,309.999225,312.613379,313.252713,310.479518,310.761784,311.649756,313.838804,316.266798
2025-10-01 17:15:00,109.642718,109.920960,106.924921,106.132807,105.782564,106.018408,107.986621,107.225068,303.583574,305.178132,302.859651,302.195624,302.834305,305.639904,308.633269,307.944519
2025-10-01 17:30:00,109.012016,106.053072,105.296539,104.980425,105.249004,107.248617,106.517182,109.065224,313.198769,311.294878,310.703101,311.004735,312.673873,315.672286,314.788761,317.396403
2025-10-01 17:45:00,109.665025,108.761086,108.303582,108.436541,110.306069,109.449857,111.878216,114.012523,310.374959,310.641434,309.367749,310.042211,313.082542,311.583043,313.900282,317.465638
2025-10-01 18:00:00,109.335520,108.854573,108.965046,110.813006,109.936106,112.344620,114.459893,114.262858,305.700237,306.863086,309.062093,311.128382,310.569698,313.020056,315.225094,316.157787
2025-10-01 18:15:00,108.661934,108.780269,110.635769,109.766102,112.181554,114.303482,114.112831,115.941403,297.683186,299.995891,302.300947,302.009532,304.199970,306.606184,307.774743,312.422786
2025-10-01 18:30:00,108.289046,110.164594,109.314156,111.748052,113.887672,113.713990,115.558839,116.846219,291.944529,295.208412,294.531682,298.466195,300.755219,302.181402,306.013004,309.482467
2025-10-01 18:45:00,108.100675,107.334466,109.849155,112.066269,111.966920,113.883068,115.238837,116.818316,294.673169,294.841603,297.679244,302.016361,303.590734,307.564479,311.170283,315.967284
2025-10-01 19:00:00,108.389420,110.861055,113.036873,112.897913,114.776066,116.095392,117.639915,117.786395,282.067844,291.363598,296.864819,298.687673,303.649670,307.484088,311.738204,312.051263
2025-10-01 19:15:00,108.210078,110.494084,110.458896,112.436588,113.851389,115.487490,115.721813,115.197496,284.194766,293.497097,294.929326,302.625977,307.516843,311.903971,312.344613,313.629030
2025-10-01 19:30:00,106.705303,106.824737,108.950741,110.507801,112.280356,112.645564,112.246790,113.252288,311.340944,312.699680,316.466588,320.636166,324.742132,324.169106,325.896131,327.971679
2025-10-01 19:45:00,106.882171,109.005831,110.560643,112.331041,112.694180,112.293423,113.297018,112.681278,317.283253,321.832426,325.008349,328.878338,327.169213,328.200911,330.080510,328.722096
2025-10-01 20:00:00,107.482136,109.099131,110.929174,111.349524,111.003643,112.059875,111.494624,110.903024,319.874799,323.174117,326.671424,325.509119,326.189187,328.173237,326.915012,325.853052
2025-10-01 20:15:00,107.435771,109.333697,109.819160,109.535733,110.651871,110.144081,109.607598,108.323859,328.914747,332.161174,330.324936,331.000741,332.763391,331.292800,330.027142,323.451609
2025-10-01 20:30:00,107.615389,108.170976,107.954813,109.135469,108.689565,108.212441,106.985639,105.177615,322.939195,321.960207,321.923821,323.788361,322.256920,321.489851,316.364226,310.742385
2025-10-01 20:45:00,107.281489,107.101626,108.317101,107.904595,107.459506,106.263432,104.484881,103.502708,331.126097,331.407392,333.008944,331.383830,329.969955,323.922309,317.267145,313.489101
2025-10-01 21:00:00,109.260023,110.387413,109.890416,109.364285,108.090476,106.237362,105.183670,102.580998,333.902487,334.044493,333.270471,332.647767,327.256292,319.411750,314.797787,306.553947
2025-10-01 21:15:00,108.469990,108.051244,107.600170,106.398355,104.614298,103.626844,101.087707,100.947460,331.468559,329.574205,329.028767,324.231732,316.864808,312.175171,303.855492,294.691393
2025-10-01 21:30:00,117.407092,116.574201,115.006152,112.870805,111.546399,108.684060,108.233803,109.880159,341.273230,340.048124,334.488239,327.253789,323.297999,314.790386,306.482765,302.034064
2025-10-01 21:45:00,108.414195,107.179159,105.363237,104.345218,101.776764,101.608397,103.525140,103.988838,333.236324,327.366864,319.919350,315.421159,307.001980,297.751544,293.955241,289.159730
2025-10-01 22:00:00,117.856684,115.605006,114.169015,111.199646,110.646726,112.194610,112.304503,112.362667,336.637708,329.231510,323.529284,314.857043,305.529746,300.417859,296.868547,294.500298
2025-10-01 22:15:00,112.731268,111.412556,108.555680,108.110662,109.762044,109.971210,110.124598,108.192850,309.624122,304.366224,295.565110,282.932514,277.403112,274.848200,272.760236,269.447628
2025-10-01 22:30:00,107.784094,105.075297,104.772315,106.559937,106.899783,107.178517,105.367001,104.137868,294.550894,286.213897,275.144997,267.572943,265.410150,263.947251,259.277881,260.000300
2025-10-01 22:45:00,101.921829,101.747542,103.658607,104.116858,104.509165,102.806586,101.681945,100.316758,275.400462,267.190317,262.147291,258.093777,256.093373,253.352864,254.403877,255.023474
2025-10-01 23:00:00,102.084873,103.982171,104.427218,104.806858,103.092131,101.955837,100.579472,100.662885,267.024155,262.159876,260.447890,254.487789,251.879427,253.089701,253.862059,260.800536
2025-10-01 23:15:00,101.133930,101.695214,102.186350,100.578566,99.544852,98.266881,98.444672,98.431728,240.545845,239.481232,238.248813,235.788907,237.416668,238.621982,241.304309,244.389339
2025-10-01 23:30:00,101.212689,101.723516,100.134621,99.119025,97.858432,98.052892,98.055936,98.399734,239.985170,239.808925,237.959986,239.510167,240.916158,243.823479,247.124320,252.134158
2025-10-01 23:45:00,100.448682,98.911814,97.946121,96.733395,96.973769,97.020852,97.406893,98.419922,225.019628,223.693693,226.101550,228.022618,231.391488,235.135042,240.569526,247.178233
2025-10-02 00:00:00,100.046889,99.034873,97.777714,97.975469,97.981672,98.328501,99.303919,103.286380,223.030750,225.523963,226.872421,229.562734,233.381614,238.888349,245.566359,258.412627
2025-10-02 00:15:00,99.287449,98.019983,98.207850,98.204570,98.542303,99.508995,103.483087,105.278541,232.326418,234.101814,237.393950,239.631787,244.420689,250.906087,267.454533,271.119347
2025-10-02 00:30:00,100.042024,100.147371,100.064938,100.326748,101.220616,105.124856,106.853308,107.370308,226.421939,229.865488,231.785936,235.372181,241.529765,254.563813,260.767221,261.391671
2025-10-02 00:45:00,101.163695,101.039786,101.261811,102.117519,105.985156,107.678499,108.161822,109.776172,217.648097,221.968991,227.957252,234.340049,243.628717,247.728456,248.763509,250.017056
2025-10-02 01:00:00,98.446680,98.774532,99.731747,103.696749,105.483483,106.056386,107.756659,107.913720,211.638240,218.078431,225.651801,234.550571,239.015246,240.432848,242.053334,243.808531
2025-10-02 01:15:00,98.928189,99.879133,103.838120,105.619084,106.186453,107.881419,108.033388,107.960697,223.223757,230.716214,239.893389,244.317511,245.663709,247.215703,248.905205,251.980623
2025-10-02 01:30:00,99.952977,103.908950,105.687024,106.251621,107.943927,108.093345,108.018207,110.515698,229.402973,238.974494,243.776869,245.485882,247.385886,249.409194,252.804796,256.408994
2025-10-02 01:45:00,95.628707,97.744702,98.633429,100.636638,101.084270,101.295176,104.067038,105.022167,228.007398,233.249326,235.244059,237.548471,239.585281,243.352957,247.314044,251.504064
2025-10-02 02:00:00,95.428201,96.411466,98.505354,99.039965,99.334300,102.186187,103.218074,101.341649,230.845979,233.174270,235.668278,237.886946,241.829059,245.957464,250.307973,249.534927
2025-10-02 02:15:00,93.982511,96.175526,96.805218,97.190755,100.130120,101.245917,99.449977,99.909791,245.023229,247.134169,248.985402,252.575076,256.365424,260.391674,259.307601,260.262792
2025-10-02 02:30:00,95.825317,96.469302,96.868548,99.821062,100.949472,99.165630,99.637048,100.994080,260.748591,261.990933,264.996565,275.698051,284.758402,277.587468,278.048278,285.532996
2025-10-02 02:45:00,101.418525,101.615790,104.374567,105.317145,103.355056,103.655502,104.848539,106.121173,296.673992,298.791062,300.714870,302.753586,300.369945,300.078604,301.270420,304.287295
2025-10-02 03:00:00,102.921316,105.626814,106.518287,104.507179,104.760605,105.908543,107.137918,110.519459,309.774191,311.689272,313.732275,310.661112,309.961386,310.761484,313.450022,323.340114
2025-10-02 03:15:00,103.567999,104.543494,102.612978,102.943708,104.165794,105.466292,108.916052,107.910005,318.677245,320.573596,317.446548,316.442138,316.949987,319.310807,328.052702,329.672741
2025-10-02 03:30:00,102.339674,100.499097,100.916095,102.220929,103.600798,107.126690,106.193668,105.692777,312.483843,309.020986,307.779513,308.503240,311.702132,321.317239,323.120940,319.545451
2025-10-02 03:45:00,102.907731,103.226432,104.436980,105.726410,109.165555,108.149326,107.568623,108.004362,307.717066,306.503927,306.915664,308.655403,318.152952,319.555629,316.160242,311.986400
2025-10-02 04:00:00,100.751277,102.062837,103.449158,106.981238,106.054152,105.558955,106.076709,103.627801,311.314029,312.194814,314.632800,324.130449,325.533223,322.137928,317.964175,311.143184
2025-10-02 04:15:00,101.055643,102.483068,106.054575,105.165307,104.706383,105.258932,102.843397,104.835953,307.464138,310.079093,320.043505,321.901703,318.378488,314.358532,307.415539,310.569839
2025-10-02 04:30:00,100.492518,104.145260,103.333912,102.949729,103.573967,101.227197,103.285711,106.440744,307.185293,317.476329,319.389298,315.918618,311.949053,305.054394,308.255056,318.499590
2025-10-02 04:45:00,100.521912,99.858434,99.616087,100.376373,98.160099,100.343782,103.618877,103.419869,309.489775,312.335199,308.203800,303.167274,296.174762,299.419474,312.713075,317.561159
2025-10-02 05:00:00,99.747615,99.509790,100.274415,98.062301,100.249976,103.528899,103.333563,108.887911,306.774012,303.798508,299.469241,292.445824,295.813954,307.497785,313.319994,323.773356
2025-10-02 05:15:00,101.407151,102.094342,99.807957,101.924390,105.134980,104.874099,110.365576,112.853518,314.574887,310.402497,303.624896,306.899959,317.716203,322.351681,331.010206,333.188077
2025-10-02 05:30:00,103.522296,101.177635,103.238171,106.395144,106.082835,111.524984,113.965609,115.718192,320.851434,314.199037,316.668007,326.046303,329.651751,338.927032,340.775459,341.506850
2025-10-02 05:45:00,101.564745,103.609483,106.751303,106.424458,111.852665,114.279918,116.019673,116.852705,312.363944,314.870752,323.254811,325.063557,334.286274,336.035128,336.671010,337.723440
2025-10-02 06:00:00,102.176288,105.376598,105.105856,110.587875,113.066745,114.856010,115.736532,116.284685,316.190138,326.126123,329.947128,338.626509,340.523528,341.301527,342.093388,344.669237
2025-10-02 06:15:00,103.819859,103.612648,109.155606,111.692928,113.538260,114.472559,115.072295,116.242544,322.996896,327.303203,335.812726,337.536950,338.354823,339.581818,342.194352,345.144058
2025-10-02 06:30:00,103.835487,109.369351,111.897949,113.734914,114.661188,115.253226,116.416090,116.050226,327.542030,336.109384,336.947994,337.403491,337.908173,340.471616,343.374234,342.740034
2025-10-02 06:45:00,107.391811,110.001114,111.915489,112.916015,113.579275,114.810454,114.510117,116.007890,327.586830,329.971005,330.614934,331.556549,334.194182,337.447223,337.276077,339.573452
2025-10-02 07:00:00,106.335458,108.399431,109.543449,110.344345,111.707543,111.533838,113.153075,113.506081,320.791827,322.511907,323.933157,327.375762,331.052569,331.227238,333.100921,332.542860
2025-10-02 07:15:00,107.750793,108.921282,109.747570,111.135123,110.984778,112.626422,113.000922,110.916591,328.577302,329.714534,332.052247,334.828336,334.813336,336.511660,335.654856,332.557991
2025-10-02 07:30:00,116.793143,117.298175,118.377584,117.931670,119.289808,119.392371,117.047202,117.507128,352.938329,354.927184,357.583515,356.751718,358.407958,356.660192,350.694642,348.339545
2025-10-02 07:45:00,124.463247,125.250245,124.523855,125.612962,125.457474,122.864784,123.087292,121.305600,358.139535,360.888434,358.901603,359.939605,357.059175,350.640198,348.481100,346.026786
2025-10-02 08:00:00,120.950538,120.399620,121.657040,121.662995,119.225161,119.596203,117.956985,117.127544,348.356792,347.553575,349.244674,346.628658,340.643700,338.319366,336.092980,334.221497
2025-10-02 08:15:00,127.690540,128.650413,128.370965,125.659374,125.767833,123.876747,122.805718,122.298780,360.053461,361.189480,359.058738,351.669632,349.176941,346.982089,344.574366,344.037189
2025-10-02 08:30:00,126.569626,126.375095,123.744957,123.931544,122.115399,121.116251,120.678261,119.458592,359.275059,356.776533,350.275774,347.736637,345.341229,343.078175,342.679763,340.107260
2025-10-02 08:45:00,126.884034,124.233127,124.399791,122.564536,121.547059,121.091488,119.854954,118.219669,359.560836,353.084765,350.459463,347.667184,345.397510,344.992748,342.414154,338.601256
2025-10-02 09:00:00,124.495619,124.651571,122.806041,121.778708,121.313683,120.068082,118.424098,119.861470,357.846162,355.072958,351.947081,349.137045,348.498015,345.694712,341.666277,342.080535
2025-10-02 09:15:00,123.934987,122.118701,121.119419,120.681300,119.461506,117.842278,119.303394,120.092583,358.662345,356.352790,353.320717,352.173613,349.020797,345.059972,345.152662,347.099445
2025-10-02 09:30:00,126.688234,125.502467,124.885473,123.494105,121.710304,123.013564,123.651339,124.431378,364.926201,362.202595,360.390408,357.342776,353.008603,352.801392,354.863373,356.871256
2025-10-02 09:45:00,127.049730,126.369591,124.917656,123.075758,124.323293,124.907618,125.636387,123.594474,360.327143,359.342661,356.704703,351.938251,351.782436,353.893716,355.948887,353.635635
2025-10-02 10:00:00,117.080753,116.007900,114.529614,116.125922,117.044786,118.094442,116.360319,114.369302,360.041049,357.254393,352.936440,352.744786,354.821689,356.843886,354.499006,352.481166
2025-10-02 10:15:00,118.149989,116.584284,118.096740,118.935174,119.907681,118.099560,116.037564,117.242268,363.637262,360.196558,359.226341,360.897630,361.518798,360.016837,358.434354,357.292371
2025-10-02 10:30:00,118.927083,120.343927,121.090652,121.975194,120.082696,117.939767,119.066842,118.850823,362.529994,361.902064,363.393161,363.961021,361.450902,358.789663,358.720024,356.948898
2025-10-02 10:45:00,118.105117,118.943209,119.915389,118.106952,116.044655,117.249070,117.107236,116.786381,360.211194,361.454611,362.194845,359.989356,357.537352,356.559910,354.729864,351.389514
2025-10-02 11:00:00,118.815534,119.792924,117.989486,115.931982,117.140996,117.003572,116.686948,117.458090,362.067369,364.090298,360.650565,358.363275,357.332630,355.589634,352.058016,350.316963
2025-10-02 11:15:00,114.120627,112.548679,110.713217,112.135211,112.202076,112.081404,113.040501,112.711809,354.949065,352.854120,350.278865,348.817550,346.867381,343.307224,342.242684,336.355827
2025-10-02 11:30:00,117.526187,115.487591,116.714740,116.594712,116.294774,117.081921,116.588297,117.233685,358.873718,357.033513,355.252483,353.269891,349.323151,348.046164,341.755387,337.168454
2025-10-02 11:45:00,119.004481,120.088104,119.830407,119.398419,120.058904,119.443788,119.972641,119.748659,357.199425,355.888475,353.899775,350.102652,348.660473,342.524879,337.894818,335.303783
2025-10-02 12:00:00,116.667699,116.549591,116.251494,117.040407,116.548477,117.195490,117.084845,116.235957,355.783197,353.560933,349.447923,347.989355,341.827329,337.205532,334.622424,333.313501
2025-10-02 12:15:00,119.054281,118.653967,119.344834,118.758859,119.315665,119.118494,118.186612,118.404064,356.761506,352.964726,350.917027,344.282566,339.503798,336.770125,335.485891,334.224871
2025-10-02 12:30:00,118.505251,119.202187,118.622034,119.184423,118.992608,118.065864,118.288243,118.312194,356.137361,354.568272,348.232143,343.117938,340.200342,337.107516,336.326482,334.864748
2025-10-02 12:45:00,118.419707,117.871487,118.464507,118.302072,117.403509,117.652920,117.702798,118.684600,356.192606,350.208099,344.862432,341.942719,338.827326,337.398752,335.916254,337.560899
2025-10-02 13:00:00,118.491128,119.058861,118.872170,117.950341,118.177435,118.205907,119.167177,120.038778,355.563238,351.107872,347.924568,345.466974,344.330700,342.833741,344.280536,345.856414
2025-10-02 13:15:00,113.646785,113.680964,112.970991,113.401295,113.624684,114.772916,115.823849,117.283833,348.384200,345.273124,341.809189,340.114516,338.482036,339.982818,341.610481,354.925201
2025-10-02 13:30:00,118.387972,117.485903,117.731951,117.778604,118.757312,119.645640,120.949654,126.417972,356.915234,356.269289,355.928944,354.003829,355.177765,356.491921,367.636686,375.086252
2025-10-02 13:45:00,118.139108,118.358498,118.379581,119.333764,120.198566,121.480015,126.926688,131.147131,357.672361,356.720860,353.821336,354.473184,355.609356,363.845682,376.412514,383.575420
2025-10-02 14:00:00,121.537194,121.428553,122.258305,123.003755,124.170723,129.507587,133.622702,134.418532,364.128586,362.926063,362.531370,362.104555,370.857942,384.853583,391.952981,394.171712
2025-10-02 14:15:00,117.741757,118.721969,119.611738,120.917137,126.386781,130.629258,131.547252,134.949251,361.965986,362.385630,362.419509,369.956973,382.617974,388.800877,391.142845,394.278099
2025-10-02 14:30:00,122.925377,123.643603,124.784458,130.096275,134.187365,134.960151,138.222868,137.790183,363.924991,364.531775,372.380075,387.685373,394.668330,396.775370,399.685285,397.539374
2025-10-02 14:45:00,123.393643,124.544700,129.866301,133.966777,134.748565,138.019916,137.595514,137.562854,367.412421,374.148418,389.923496,396.560790,398.632682,401.508882,399.330633,397.303104
2025-10-02 15:00:00,122.750922,128.145728,132.316421,133.165561,136.501516,136.139080,136.165858,135.930796,371.196060,384.384329,390.771511,393.242753,396.343424,394.380485,392.559480,390.576394
2025-10-02 15:15:00,122.415524,126.820069,127.893518,131.444628,131.288567,131.513296,131.468108,129.667705,370.907440,375.613507,378.581911,381.911864,380.647483,379.384071,377.886331,375.699136
2025-10-02 15:30:00,123.175572,124.397755,128.091529,128.072310,128.428296,128.509008,126.829367,127.543270,372.713783,374.675780,377.263938,375.973641,375.309726,374.906637,374.123447,374.289445
2025-10-02 15:45:00,125.360882,129.015350,128.958429,129.278253,129.324278,127.611365,128.293355,128.210312,369.725184,372.892777,372.072174,371.012550,370.685224,368.964706,369.231046,369.030985
2025-10-02 16:00:00,123.975629,124.124381,124.641485,124.876739,123.345333,124.201421,124.285373,120.788678,371.476455,371.292889,370.076135,369.890911,368.471813,368.964537,368.484814,367.936260
2025-10-02 16:15:00,128.761510,129.089370,129.143103,127.437584,128.126666,128.050426,124.400078,120.693773,372.301851,371.487924,370.723734,370.222589,369.581463,370.931729,369.171419,365.126758
2025-10-02 16:30:00,134.469059,134.303244,132.387137,132.874225,132.604234,128.768043,124.883479,122.919866,370.842139,370.144463,368.562889,368.922524,368.114450,368.131154,364.470769,361.669365
2025-10-02 16:45:00,131.555926,129.751939,130.346570,130.179735,126.442488,122.652832,120.780252,121.143683,371.492025,370.481097,370.299959,370.067465,368.544481,366.032031,363.319426,364.304410
2025-10-02 17:00:00,133.685202,134.119314,133.798511,129.913580,125.982267,123.973811,124.206911,125.275321,370.327214,371.006496,369.914469,368.533109,364.875841,362.377068,363.023087,363.735352
2025-10-02 17:15:00,132.575993,132.318174,128.493656,124.620291,122.667418,122.953833,124.073381,124.853318,371.016444,371.092476,368.660754,365.597924,362.884885,363.869453,364.201595,363.666903
2025-10-02 17:30:00,133.238562,129.376484,125.467089,123.479658,123.732925,124.820678,125.570117,125.983512,376.853385,372.845966,371.965199,369.321038,370.027292,370.614500,369.622369,367.331864
2025-10-02 17:45:00,131.414059,127.421510,125.354318,125.531079,126.545448,127.224498,127.570377,131.575737,375.118541,372.366786,371.125371,372.076353,371.907383,371.499998,369.144807,365.666900
2025-10-02 18:00:00,131.072706,128.856507,128.890341,129.767617,130.315169,130.534916,134.419291,134.052426,375.710995,373.890801,374.072339,373.932600,373.335379,373.459093,371.032515,369.260945
2025-10-02 18:15:00,133.181230,133.038570,133.746554,134.131724,134.195715,137.930691,137.420523,135.648935,376.819049,377.309798,377.017889,375.699060,374.081866,372.304519,371.088800,368.278504
2025-10-02 18:30:00,129.837790,130.676401,131.186864,131.371037,135.221290,134.821694,133.156165,133.123289,376.790521,376.777838,376.519835,373.255605,369.765084,368.788302,366.107594,364.518822
2025-10-02 18:45:00,129.952352,130.492365,130.704880,134.582319,134.208800,132.568284,132.559400,132.555597,376.871220,375.834305,372.130525,371.441861,369.732922,366.814565,365.298372,366.103615
2025-10-02 19:00:00,129.777734,130.019414,133.924827,133.578141,131.963362,131.979165,131.999042,132.078236,374.786711,371.465379,369.266614,368.504499,365.549661,363.998475,364.408917,362.767443
2025-10-02 19:15:00,126.913513,130.945680,130.720574,129.222414,129.350076,129.477248,129.659357,128.755045,374.973114,370.725870,370.652405,368.550334,367.065649,367.554415,366.364386,364.522145
2025-10-02 19:30:00,132.159182,131.884552,130.338890,130.420988,130.504456,130.644644,129.700122,130.604221,377.194220,376.134968,372.716068,372.964100,373.363798,371.983603,371.165770,371.444286
2025-10-02 19:45:00,132.256346,130.695511,130.763055,130.832562,130.959361,130.001994,130.893774,129.742568,376.982267,374.692028,372.444407,372.902701,371.516303,370.767707,371.281304,369.997861
2025-10-02 20:00:00,133.084959,133.054989,133.030961,133.068042,132.024619,132.833854,131.603472,128.678333,378.542543,377.804659,377.838885,376.341765,374.120758,375.462439,373.283259,371.503084
2025-10-02 20:15:00,131.891503,131.914958,131.997583,130.997846,131.848985,130.658796,127.772209,126.084980,377.613137,377.654297,377.989206,375.894827,376.960443,374.820882,372.699827,370.827214
2025-10-02 20:30:00,132.520859,132.578757,131.555302,132.383690,131.171680,128.264162,126.556856,125.077751,374.255754,374.336018,371.984963,372.943922,370.787438,368.504469,366.744536,363.568374
2025-10-02 20:45:00,133.210987,132.161731,132.965370,131.729621,128.799334,127.070187,125.570133,124.769067,376.209422,373.995523,375.365014,372.465248,370.524606,368.831024,365.376853,361.077193
2025-10-02 21:00:00,129.530967,130.441969,129.309202,126.477693,124.843294,123.434120,122.720226,121.886311,374.275449,374.619774,373.398286,370.054638,367.594279,364.445699,360.312987,353.633207
2025-10-02 21:15:00,124.906752,123.999879,121.385047,119.958481,118.748660,118.225982,117.575479,117.578981,371.937515,369.548384,366.569593,365.564953,361.496312,357.245860,350.623799,340.136828
2025-10-02 21:30:00,125.843962,123.153872,121.655120,120.376057,119.786965,119.072757,119.015154,118.045251,375.281076,372.811123,370.538397,365.745088,362.002248,355.235463,344.520752,336.505106
2025-10-02 21:45:00,127.297220,125.629376,124.188122,123.443457,122.580026,122.379289,121.272094,119.373722,374.211016,372.781648,368.641871,363.438456,357.493745,346.065205,338.975197,334.707101
2025-10-02 22:00:00,128.492843,126.934730,126.077974,125.107027,124.803162,123.597047,121.603792,120.994822,373.877064,369.248711,364.596142,357.280619,345.468786,337.325924,333.036052,330.073611
2025-10-02 22:15:00,131.228583,130.196593,129.057563,128.592474,127.231715,125.090128,124.338878,122.517622,370.288279,366.888768,359.433986,346.931862,338.840562,334.521652,331.531358,327.199952
2025-10-02 22:30:00,129.389375,128.283288,127.849798,126.519348,124.406833,123.683469,121.888960,119.569687,367.438164,360.574639,349.086581,341.241884,336.911702,334.037439,330.446120,326.891541
2025-10-02 22:45:00,127.362005,126.966113,125.671727,123.593804,122.903620,121.140937,118.852192,118.474529,365.229953,355.198037,347.139497,341.704570,338.490581,333.944610,330.194169,327.546329
2025-10-02 23:00:00,125.845764,124.597101,122.563033,121.914916,120.192582,117.942540,117.602000,116.744990,361.280437,355.722066,350.888554,347.222485,342.611960,338.613193,335.727162,334.200403
2025-10-02 23:15:00,125.170442,123.112976,122.442415,120.698554,118.427862,118.067517,117.191508,116.505697,357.581345,353.028986,348.912228,343.810254,339.705494,336.717794,335.093516,335.619035
2025-10-02 23:30:00,123.327654,122.648332,120.896068,118.617316,118.249238,117.365813,116.672889,117.467684,356.824853,354.039408,347.742664,341.827484,338.576636,336.699949,336.983359,338.842244
2025-10-02 23:45:00,117.050330,115.526523,113.466905,113.309019,112.627207,112.127668,113.107955,113.763414,343.505684,338.991160,333.773828,330.374116,328.932079,329.632401,331.891182,333.995193
2025-10-03 00:00:00,105.821804,104.158241,104.380246,104.062822,103.912800,105.228341,106.205372,109.031971,321.546578,320.146999,318.235666,317.058311,318.308921,320.807270,321.675232,325.505443
2025-10-03 00:15:00,108.332732,108.384374,107.903540,107.596776,108.761972,109.594793,112.283069,113.420268,318.785653,316.992122,316.846348,318.470555,321.615516,324.710750,329.135974,331.288238
2025-10-03 00:30:00,103.495181,103.213878,103.098502,104.447274,105.456181,108.313355,109.612561,112.547889,324.842835,324.255205,325.775066,328.819940,331.819170,335.401385,337.084981,340.632295
2025-10-03 00:45:00,104.081492,103.930708,105.245518,106.221848,109.047775,110.317009,113.223588,115.144226,327.692287,329.034983,331.753650,333.920675,336.993675,339.647333,343.799625,343.359694
2025-10-03 01:00:00,105.657516,106.901854,107.810587,110.571678,111.778720,114.625646,116.489065,118.108710,324.296671,327.242174,329.701555,332.265894,333.944087,338.156110,337.773472,338.276229
2025-10-03 01:15:00,103.610875,104.653915,107.543830,108.874441,111.839892,113.816999,115.545693,114.830747,316.664450,319.808041,324.494813,325.776448,329.293437,329.049171,330.071666,329.158766
2025-10-03 01:30:00,104.445482,107.343904,108.682674,111.655951,113.640565,115.376459,114.668420,117.024790,304.388597,309.580741,312.287313,316.418597,316.620320,318.070603,317.568031,320.121840
2025-10-03 01:45:00,101.289143,102.875010,106.085301,108.297256,110.251214,109.752339,112.309337,114.639201,295.389653,299.884291,304.340947,303.131503,305.889723,305.812810,309.908593,315.521394
2025-10-03 02:00:00,102.177699,105.416448,107.655699,109.635840,109.162078,111.743165,114.096135,112.770492,300.019231,305.695215,306.799100,308.795250,308.816268,313.005986,318.708889,319.320048
2025-10-03 02:15:00,101.960000,104.340311,106.455754,106.111773,108.817345,111.289719,110.078608,110.678699,305.883915,306.773638,308.603388,308.352863,312.647518,318.451074,319.158779,320.778994
2025-10-03 02:30:00,100.636341,102.902945,102.703956,105.548603,108.154376,107.071220,107.794044,109.599944,313.093242,315.253996,315.676471,319.931785,325.304131,325.975640,327.561137,330.342227
2025-10-03 02:45:00,101.546659,101.403021,104.300759,106.957458,105.923149,106.692826,108.543668,110.060375,307.345015,307.837008,312.926323,318.722747,319.749539,321.675818,324.678571,327.763869
2025-10-03 03:00:00,101.169215,104.076495,106.742346,105.716816,106.494914,108.353832,109.878286,111.754026,312.150915,316.566739,322.647657,323.650449,325.525849,328.479799,331.518285,335.424950
2025-10-03 03:15:00,101.561897,104.330370,103.403274,104.275789,106.225271,107.836593,109.795656,109.180290,316.776147,323.071053,323.998549,325.408251,328.686400,331.658437,335.541756,335.764374
2025-10-03 03:30:00,100.480415,99.710437,100.733659,102.827697,104.577676,106.669737,106.181942,104.746018,328.590814,329.304442,330.902480,333.914767,336.457917,340.233790,340.282761,334.315625
2025-10-03 03:45:00,103.751039,104.609362,106.545231,108.143495,110.090033,109.462653,107.892842,105.904969,331.711654,333.254527,336.213901,338.325559,341.734612,341.736888,336.423837,325.873634
2025-10-03 04:00:00,111.783157,113.426259,114.743705,116.420884,115.535139,113.717507,111.491926,109.531659,335.474010,337.747064,340.123173,343.915137,343.711226,337.113977,326.814627,313.914497
2025-10-03 04:15:00,117.859005,118.995548,120.499207,119.447024,117.469745,115.091034,112.983885,114.748830,353.296952,355.192092,358.003203,357.020663,349.362834,337.641213,325.315839,323.486484
2025-10-03 04:30:00,121.795533,123.184924,122.023135,119.940724,117.461170,115.257295,116.929461,118.407531,351.828477,355.144640,353.039385,344.433893,332.469990,320.120046,317.743400,321.151269
2025-10-03 04:45:00,121.173804,120.094090,118.090404,115.686363,113.554919,115.296559,116.841269,117.234683,353.710221,352.685375,344.781350,332.712557,321.236477,318.796381,322.281440,321.051402
2025-10-03 05:00:00,118.649327,116.704603,114.357117,112.279920,114.073594,115.668214,116.109500,117.154480,349.748916,341.890077,329.913413,317.300424,314.866313,318.389622,317.196272,320.516912
2025-10-03 05:15:00,120.526635,118.023170,115.796360,117.446526,118.903494,119.212747,120.131082,117.080511,353.675841,341.619890,326.885247,323.497062,326.628581,324.956570,327.953451,322.282515
2025-10-03 05:30:00,124.480052,121.989733,123.387144,124.601672,124.678379,125.373659,122.109136,122.135057,349.085606,334.740495,331.084994,333.563089,331.512957,334.179657,327.778703,325.499622
2025-10-03 05:45:00,116.628417,118.244626,119.669024,119.947035,120.835403,117.756089,117.959660,117.572288,351.070839,347.339888,349.655867,347.169091,349.384459,342.550592,339.856265,337.888739
2025-10-03 06:00:00,118.806289,120.207765,120.463789,121.331068,118.231526,118.415694,118.009711,116.289653,362.282038,364.378519,361.681202,363.694622,356.667048,353.786920,351.641175,350.079388
2025-10-03 06:15:00,110.470150,111.123572,112.372030,109.638111,110.172981,110.103388,108.705991,109.097765,351.571234,349.474208,352.063420,345.588141,343.624781,341.987171,340.912782,342.324890
2025-10-03 06:30:00,122.860211,123.629691,120.436340,120.530529,120.038239,118.235395,118.238269,117.666360,361.136355,363.198581,355.574123,352.524535,351.170130,349.649657,350.633885,350.827897
2025-10-03 06:45:00,121.305355,118.206862,118.392037,117.987020,116.267888,116.351056,115.856166,116.696610,356.912858,349.961429,347.505719,345.121012,343.626422,344.635477,344.853302,345.663793
2025-10-03 07:00:00,118.025434,118.218013,117.820098,116.107777,116.197480,115.708857,116.555313,116.796204,355.882887,353.155805,350.189717,348.298631,348.919925,348.765814,349.219548,348.621970
2025-10-03 07:15:00,129.086995,128.245511,126.107724,125.789323,124.909252,125.380235,125.260976,124.084630,355.928588,354.199431,352.014755,352.003143,351.530916,351.679516,351.035526,348.163137
2025-10-03 07:30:00,128.929209,126.763520,126.418356,125.512614,125.958973,125.816096,124.617095,123.993556,351.217523,349.448834,349.319165,348.593284,348.787543,347.941079,344.933473,340.016265
2025-10-03 07:45:00,127.277909,126.911753,125.985875,126.412920,126.251517,125.034746,124.394163,123.505703,351.921316,352.304211,351.680641,351.613782,351.147992,347.889446,343.007659,340.964833
2025-10-03 08:00:00,128.776941,127.774943,128.128976,127.897539,126.613593,125.908576,124.958312,124.245812,351.662029,351.287874,351.289755,350.032913,346.748090,341.873605,339.837782,338.948429
2025-10-03 08:15:00,129.293588,129.585644,129.294760,127.953793,127.194081,126.191355,125.428534,125.010834,351.641757,352.037752,350.583138,346.707654,341.814447,339.793174,338.917777,335.584939
2025-10-03 08:30:00,127.999390,127.773242,126.494369,125.794218,124.848621,124.140597,123.775459,122.872034,345.432439,344.781598,340.746450,335.808861,333.904696,332.790246,329.565153,324.729257
2025-10-03 08:45:00,127.390893,126.127623,125.442439,124.511199,123.816945,123.465015,122.574260,121.514274,347.800155,344.645692,339.883030,337.986091,336.830491,333.315840,328.442085,322.808847
2025-10-03 09:00:00,126.381248,125.685713,124.744544,124.040768,123.679704,122.780186,121.711797,121.437927,350.839898,346.470479,344.477176,343.385601,340.175003,335.135596,328.923245,325.003374
2025-10-03 09:15:00,131.671707,130.486247,129.548149,128.962325,127.847221,126.572043,126.099825,124.227104,347.303704,345.027441,342.471199,338.079863,333.049558,326.505695,321.528677,322.770144
2025-10-03 09:30:00,118.249230,117.810531,117.703727,117.048092,116.213632,116.164146,114.696906,114.608685,342.087266,340.756463,337.224895,332.025896,326.662460,323.304509,324.161015,325.426132
2025-10-03 09:45:00,107.572760,107.883764,107.628888,107.178831,107.498060,106.384488,106.635501,106.871300,329.333705,326.892099,322.553684,316.793099,312.490221,314.938087,317.593822,318.108206
2025-10-03 10:00:00,106.299449,106.109229,105.721191,106.099907,105.043394,105.349138,105.637434,105.142571,331.436661,327.079216,321.300378,316.979991,319.411064,322.050691,322.549624,319.999720
2025-10-03 10:15:00,110.177358,109.623297,109.842766,108.633505,108.792735,108.940496,108.310833,109.677843,336.997983,331.174045,326.553191,328.842884,331.188319,331.405066,328.584493,326.715643
2025-10-03 10:30:00,108.766411,109.020849,107.845131,108.036535,108.215157,107.615096,109.010499,108.622287,331.544842,328.530489,330.100903,332.191493,332.163796,329.397016,327.303266,324.844065
2025-10-03 10:45:00,111.065384,109.806227,109.917598,110.019453,109.345757,110.670531,110.214573,110.203352,333.041068,333.302407,334.990818,334.836619,332.849315,332.351832,329.664210,327.131800
2025-10-03 11:00:00,109.647514,109.765362,109.873430,109.205693,110.536184,110.085708,110.079746,110.049665,329.568138,331.302617,331.144252,329.798281,327.584311,325.298057,322.585875,320.166855
2025-10-03 11:15:00,105.861407,106.128797,105.613881,107.090955,106.781081,106.909983,107.009261,106.336618,327.208591,327.198395,324.160140,322.082492,319.638735,317.051975,314.753258,311.937005
2025-10-03 11:30:00,113.284182,112.477251,113.674227,113.095686,112.966886,112.818979,111.909238,112.275965,320.330772,317.471722,315.585255,313.452281,310.989778,307.873817,305.801402,307.923249
2025-10-03 11:45:00,113.356816,114.517897,113.904926,113.743100,113.563515,112.623389,112.960971,111.779863,323.364170,321.304114,318.877233,316.306660,314.023469,311.222108,312.346095,311.882477
2025-10-03 12:00:00,115.380032,114.731876,114.536302,114.324346,113.353170,113.660969,112.451294,112.191476,325.913995,324.730062,321.820383,319.647014,316.515912,317.430385,316.663390,315.444783
2025-10-03 12:15:00,121.505548,121.033536,120.556425,119.330915,119.394759,117.951084,117.466817,119.191172,326.376555,323.176751,320.505162,318.860329,319.535791,319.610613,319.353342,322.892724
2025-10-03 12:30:00,118.548854,118.173144,117.044896,117.202034,115.847846,115.449413,117.256100,118.381849,324.965935,322.372858,320.083854,319.777896,320.596310,320.294831,323.791809,325.218463
2025-10-03 12:45:00,115.736150,114.707357,114.959891,113.697206,113.386542,115.277416,116.483916,117.360951,319.773624,317.143468,317.133421,317.334993,317.509554,320.697468,322.136950,324.218349
2025-10-03 13:00:00,113.726739,114.019293,112.794994,112.521150,114.447340,115.687717,116.597245,117.526547,313.780208,314.583997,314.533697,314.032443,318.238737,319.905069,322.492321,325.795034
2025-10-03 13:15:00,112.438032,111.278265,111.066320,113.051882,114.349208,115.313362,116.295060,117.461495,308.569372,309.082046,308.434789,311.823730,314.170838,316.937841,320.412970,330.476317
2025-10-03 13:30:00,117.132320,116.681468,118.437873,119.515394,120.268713,121.048180,122.020638,126.794047,330.594223,329.769608,333.098205,334.259783,336.138565,338.844551,348.667241,361.712667
2025-10-03 13:45:00,113.640234,115.520754,116.717323,117.584833,118.473831,119.551349,124.425532,125.909914,334.831404,338.273477,339.579183,341.503526,344.170384,354.130495,366.463673,369.086524
2025-10-03 14:00:00,117.982171,119.078289,119.849446,120.646024,121.634894,126.424046,127.826868,127.570705,353.432448,354.886446,356.419450,358.710940,366.973429,373.586914,373.284420,372.988260
2025-10-03 14:15:00,115.099855,116.033375,116.985689,118.123938,123.056375,124.596633,124.472298,126.520480,353.417160,354.977176,357.294574,365.581915,374.638197,373.493619,372.599724,371.916104
2025-10-03 14:30:00,126.863237,127.373579,128.087893,132.613695,133.763914,133.265457,134.954786,132.665604,365.397143,366.480111,369.113020,373.092044,375.804231,375.612988,377.289013,373.437519
2025-10-03 14:45:00,131.326109,131.879118,136.250198,137.252010,136.611202,138.163989,135.743838,134.509125,368.509573,370.507720,379.351616,380.449050,380.245621,381.623640,378.823556,376.560139
2025-10-03 15:00:00,133.304592,137.617498,138.563509,137.869178,139.370627,136.901232,135.619285,136.719531,369.424200,373.074711,376.101824,375.933772,377.303483,373.511138,371.646340,369.896161
2025-10-03 15:15:00,136.419766,137.414657,136.767211,138.313632,135.887373,134.646803,135.786737,134.714196,370.519598,371.174550,371.330998,373.132897,371.213377,370.345813,372.784273,372.613629
2025-10-03 15:30:00,136.780838,136.159259,137.730490,135.328030,134.110287,135.272116,134.220577,135.218689,370.442105,370.617938,371.539460,370.316586,370.621384,371.641438,369.948939,369.294260
2025-10-03 15:45:00,137.164387,138.694598,136.252793,134.997309,136.122939,135.036677,136.001484,134.428518,364.939848,365.721200,364.140493,364.694519,364.543211,362.288003,361.653206,361.017959
2025-10-03 16:00:00,135.536631,133.223703,132.091839,133.336042,132.363515,133.437415,131.969091,129.167267,365.725011,366.534850,364.936194,364.135625,363.144092,363.230129,361.836778,358.291339
2025-10-03 16:15:00,134.885989,133.686285,134.865418,133.830477,134.844509,133.318760,130.461856,129.741489,367.150688,368.847819,368.237586,366.956469,366.612574,366.194850,363.390386,362.206883
2025-10-03 16:30:00,137.057175,138.098740,136.931844,137.819309,136.172157,133.198804,132.366741,130.053962,367.665186,367.492279,368.437297,368.041056,366.840253,365.007400,364.070525,361.986736
2025-10-03 16:45:00,136.010567,134.928891,135.898097,134.329350,131.431203,130.671277,128.427691,128.873141,369.319504,369.079966,368.729815,368.637856,366.428475,365.169739,363.105434,363.067969
2025-10-03 17:00:00,137.301277,138.173665,136.512051,133.524827,132.679459,130.353918,130.720757,130.796785,366.777456,367.797152,366.995280,364.780377,364.660529,362.424896,362.287603,361.278088
2025-10-03 17:15:00,139.732297,138.007075,134.958838,134.054947,131.673271,131.986267,132.010649,130.750196,366.376352,367.223745,366.348498,366.143816,365.275756,365.000573,363.791545,361.755113
2025-10-03 17:30:00,139.589942,136.477107,135.511255,133.070147,133.326135,133.295836,131.982934,132.856930,371.156505,370.843033,369.715360,368.673794,368.328071,367.956599,366.042635,367.705441
2025-10-03 17:45:00,140.092727,138.979319,136.396678,136.516909,136.356393,134.918587,135.672778,136.333476,367.069578,367.236097,366.579003,365.896965,365.381484,364.284783,364.593500,364.399427
2025-10-03 18:00:00,141.639937,138.948714,138.964795,138.704379,137.170751,137.833030,138.405567,137.975318,367.776072,368.809131,368.946329,366.596528,365.973068,366.912278,367.174015,367.122086
2025-10-03 18:15:00,141.703270,141.606936,141.238693,139.601639,140.164712,140.642091,140.120569,140.459379,365.007779,364.415882,363.828132,364.121030,364.343355,364.376880,363.627216,364.340727
2025-10-03 18:30:00,141.290221,140.934903,139.310246,139.885211,140.373997,139.863416,140.212721,138.588780,366.267225,365.355270,365.576116,365.659266,365.712601,365.333519,365.713676,364.271429
2025-10-03 18:45:00,141.899155,140.235146,140.772366,141.224946,140.679637,140.995632,139.339741,139.741533,363.854094,363.421319,362.370636,362.144402,362.185412,361.934440,362.685922,362.221972
2025-10-03 19:00:00,142.575467,143.017177,143.378145,142.744963,142.976671,141.239932,141.564177,140.574274,366.993663,367.867061,367.605594,367.620185,366.961769,364.935236,365.758490,364.443313
2025-10-03 19:15:00,142.432678,142.817501,142.207199,142.460853,140.745165,141.089602,140.119066,137.529184,369.567229,369.259086,369.269320,369.113479,366.992968,367.829498,366.423638,366.080739
2025-10-03 19:30:00,143.258121,142.629837,142.866243,141.134011,141.462579,140.476822,137.872339,138.791719,372.684145,372.616142,371.286672,368.067427,369.118887,367.072561,366.067665,366.698460
2025-10-03 19:45:00,143.112657,143.329358,141.578226,141.888665,140.885519,138.264357,139.167739,138.225667,367.682329,367.213695,364.255347,364.765250,362.650727,362.218083,362.585078,362.876979
2025-10-03 20:00:00,142.823922,141.093417,141.423641,140.439473,137.836515,138.757356,137.832033,134.663646,370.917095,368.794912,369.308416,366.876914,366.025999,366.946961,365.684042,363.793718
2025-10-03 20:15:00,144.840189,145.017505,143.886669,141.143029,141.928930,140.874173,137.581634,136.080544,372.224765,373.430380,371.057605,370.009607,370.389251,367.499074,366.291721,362.517890
2025-10-03 20:30:00,144.171558,143.075246,140.364721,141.182385,140.158094,136.894780,135.421720,132.139631,373.495387,370.881041,369.697477,369.598065,366.807208,365.583826,360.257165,347.849811
2025-10-03 20:45:00,142.377070,139.695037,140.540031,139.541955,136.303786,134.854845,131.595890,131.021443,364.610959,363.433522,363.827221,360.403224,359.295199,355.043656,343.055473,338.118078
2025-10-03 21:00:00,141.836811,142.594398,141.512483,138.193895,136.667818,133.334875,132.689459,132.716191,364.966592,365.813108,362.437965,361.107087,356.721381,343.345499,338.177608,333.461395
2025-10-03 21:15:00,143.456484,142.339386,138.987052,137.428606,134.064614,133.389417,133.387584,133.854081,368.313545,365.973106,364.687347,359.985040,346.665093,341.952100,337.461116,331.538738
2025-10-03 21:30:00,142.144445,138.800066,137.249251,133.892579,133.224403,133.229304,133.702261,134.583278,365.707605,365.034691,360.158273,346.114278,341.188390,336.454995,330.368328,326.955457
2025-10-03 21:45:00,144.109927,142.342414,138.777887,137.910338,137.724004,138.013530,138.718602,137.335343,368.696946,366.410073,352.435352,346.682410,340.808730,334.834835,330.601392,329.536386
2025-10-03 22:00:00,143.898705,140.270665,139.342196,139.097426,139.330902,139.982211,138.547384,135.479521,368.175597,357.828768,352.466226,346.717540,340.437179,336.107094,334.760584,331.526777
2025-10-03 22:15:00,142.251269,141.241970,140.919670,141.078779,141.658756,140.155508,137.022017,133.184642,363.764622,359.160056,355.543593,348.856475,344.732675,343.038419,339.671764,335.917351
2025-10-03 22:30:00,138.586382,138.372458,138.635520,139.315208,137.907601,134.865849,131.116468,127.350471,363.477780,360.611066,354.903863,352.183253,351.004963,347.300081,344.240432,340.287961
2025-10-03 22:45:00,138.332668,138.597353,139.278599,137.872486,134.832167,131.084161,127.319482,126.720184,363.689959,360.039013,356.913304,354.904816,351.349087,347.918243,344.399482,341.144549
2025-10-03 23:00:00,140.814726,141.405479,139.912567,136.788991,132.961126,129.119847,128.447075,126.450153,361.204663,358.231846,355.510307,350.899250,347.008659,343.128948,339.397861,336.648978
2025-10-03 23:15:00,138.554366,137.177810,134.165840,130.445027,126.706432,126.132153,124.229704,122.334993,358.493064,356.868699,353.583116,349.905697,345.955575,342.465343,339.651679,336.825498
2025-10-03 23:30:00,137.375283,134.355255,130.626711,126.880701,126.299310,124.390040,122.488785,123.237768,353.056182,349.542283,345.776836,341.155271,337.682802,334.886176,332.076337,331.955557
2025-10-03 23:45:00,140.154124,136.188925,132.215919,131.416794,129.298676,127.197098,127.753932,126.835295,357.132822,353.461816,348.029364,343.605021,340.184220,337.112721,336.740959,335.863621
2025-10-04 00:00:00,135.190787,131.258515,130.498463,128.417822,126.352192,126.943507,126.057944,127.680780,350.162964,346.185280,343.003547,339.417501,336.835288,336.595804,335.845345,337.269662
2025-10-04 00:15:00,126.633191,126.061901,124.162319,122.270358,123.028255,122.302476,124.078574,125.071060,334.286701,332.070246,330.392727,328.358213,328.981115,329.057849,330.833310,331.046954
2025-10-04 00:30:00,119.218961,117.598643,115.974549,116.989382,116.510051,118.522542,119.741773,119.367351,317.851959,316.344650,315.441622,316.830357,317.389198,320.311549,321.201038,320.291137
2025-10-04 00:45:00,117.653176,116.026856,117.039554,116.558177,118.568703,119.786050,119.409821,119.777921,325.309505,323.838266,325.748923,326.091424,328.806264,329.496709,328.395889,327.498398
2025-10-04 01:00:00,118.150441,119.076474,118.511969,120.442760,121.583626,121.134037,121.431770,121.094026,326.852439,327.957438,328.496594,330.764422,331.403514,330.646912,329.702174,328.084704
2025-10-04 01:15:00,117.479648,116.980310,118.973609,120.174432,119.782352,120.135249,119.850417,120.087160,325.587308,326.013191,329.222407,329.989568,328.962333,328.135424,326.630972,326.220239
2025-10-04 01:30:00,117.303041,119.283170,120.471359,120.067162,120.408435,120.112454,120.338503,122.182453,328.687736,330.939691,331.977955,330.813274,330.248004,328.617096,328.085068,329.894642
2025-10-04 01:45:00,116.279771,117.590530,117.303902,117.757945,117.570132,117.899935,119.843404,118.608022,321.963096,322.876274,321.989097,321.004044,319.628453,319.341320,322.071758,321.529487
2025-10-04 02:00:00,117.057149,116.792288,117.267210,117.099425,117.448437,119.410332,118.192624,117.130501,331.162798,329.917615,328.881653,327.570155,326.967084,328.708515,327.875565,326.508554
2025-10-04 02:15:00,116.600258,117.083018,116.922749,117.278971,119.247782,118.036709,116.980948,117.318766,330.419582,329.439873,327.512360,326.695830,328.625988,327.596647,325.647785,326.629623
2025-10-04 02:30:00,117.326556,117.156348,117.503037,119.462704,118.242859,117.178686,117.508433,116.653966,322.397544,321.074005,320.459383,322.189735,321.346159,319.968955,320.728230,321.540560
2025-10-04 02:45:00,118.647332,118.933173,120.834475,119.558648,118.440776,118.719017,117.815146,118.716833,330.384989,329.300951,330.754635,329.699060,327.735074,328.490472,328.921665,331.504214
2025-10-04 03:00:00,122.106931,123.878710,122.478645,121.241607,121.405545,120.392035,121.188558,124.981525,336.212094,337.388413,335.655287,333.625049,333.941625,333.951906,335.570239,344.834196
2025-10-04 03:15:00,124.074765,122.666699,121.421986,121.578563,120.557991,121.347741,125.134213,125.356366,338.701576,336.940297,334.676379,334.984801,334.987260,337.212394,346.469155,350.169874
2025-10-04 03:30:00,133.017737,131.350593,131.101978,129.692750,130.109706,133.538597,133.417763,135.838828,357.441827,353.958898,353.488565,352.733310,354.214332,360.749077,361.788953,361.472001
2025-10-04 03:45:00,134.825665,134.435230,132.889971,133.176447,136.480182,136.239300,138.545217,138.772712,359.210174,358.418082,357.410803,358.594733,363.119041,363.646144,363.616551,361.620685
2025-10-04 04:00:00,134.807812,133.247347,133.519238,136.808984,136.554684,138.847729,139.062879,134.683855,360.016842,359.193492,360.363601,362.489558,364.699635,364.583750,363.380983,359.398496
2025-10-04 04:15:00,134.565541,134.783635,138.021781,137.717985,139.963556,140.133168,135.710465,135.978321,357.776036,359.343436,363.566092,363.873629,363.839047,361.838394,358.167273,358.868037
2025-10-04 04:30:00,133.005692,136.316396,136.082199,138.394527,138.628171,134.266888,134.593657,135.538759,355.197985,361.114039,361.879597,361.388366,359.701086,353.636369,354.318476,358.305226
2025-10-04 04:45:00,134.006544,133.866612,136.269360,136.589733,132.311640,132.718204,133.739844,132.625256,353.988058,356.352793,356.197608,352.773948,346.176929,347.179991,351.673737,351.743798
2025-10-04 05:00:00,133.522967,135.939739,136.273565,132.008374,132.427315,133.460826,132.357625,132.502452,352.281036,352.855301,348.804137,340.842391,342.080460,347.565289,347.851566,349.671929
2025-10-04 05:15:00,129.529899,130.125314,126.111037,126.770651,128.035014,127.153243,127.510464,127.216929,344.972045,341.662276,334.559342,335.526968,340.903032,341.422025,343.465606,339.574159
2025-10-04 05:30:00,130.602037,126.568304,127.209257,128.455720,127.556780,127.897532,127.588201,128.511712,351.224978,343.899008,344.597714,349.143457,349.190789,350.565399,346.623157,346.965453
2025-10-04 05:45:00,129.672819,130.187075,131.312012,130.296505,130.525447,130.108870,130.929510,130.363229,351.378704,351.942539,354.764726,353.983927,354.380549,352.129123,352.202479,350.717103
2025-10-04 06:00:00,133.023908,134.033073,132.906518,133.028944,132.510197,133.232839,132.572557,132.721970,355.791360,358.290284,358.330764,357.926574,355.972313,356.014060,354.322430,353.019776
2025-10-04 06:15:00,133.379006,132.279143,132.427173,131.932985,132.679183,132.041496,132.212582,133.489672,356.487669,356.447097,357.226959,353.010667,353.275388,351.889276,349.794599,350.247668
2025-10-04 06:30:00,133.666838,133.758235,133.209726,133.903819,133.216155,133.339302,134.570410,133.430311,354.495285,355.915018,352.250293,351.714155,350.598620,348.500704,348.950665,348.402507
2025-10-04 06:45:00,134.391907,133.817537,134.486825,133.775368,133.875693,135.084911,133.923815,134.013560,355.018285,351.791831,351.134994,349.078063,347.069390,347.637459,347.202589,347.481975
2025-10-04 07:00:00,134.573658,135.212088,134.471032,134.542967,135.724953,134.537736,134.602427,133.689216,357.391321,357.489287,355.677821,353.645554,353.951463,353.511401,353.549588,351.608819
2025-10-04 07:15:00,126.900968,126.499093,126.896367,128.390415,127.502525,127.854327,127.216509,124.748106,351.394500,349.610939,347.469540,347.687892,347.213983,347.455924,346.098572,344.227763
2025-10-04 07:30:00,123.771234,124.279833,125.880663,125.095198,125.545244,125.001661,122.623647,121.635405,345.720283,344.418129,344.942955,344.784225,345.313221,344.615099,342.708780,341.768385
2025-10-04 07:45:00,120.406545,122.165445,121.531600,122.127079,121.722992,119.478783,118.618885,118.097444,338.021143,339.107923,339.065701,339.521069,338.092192,336.364118,335.594695,337.591320
2025-10-04 08:00:00,121.659391,121.046198,121.661486,121.276401,119.050417,118.208001,117.703328,119.263289,345.458556,345.260131,345.661418,344.256268,342.649159,341.658721,343.091971,345.262236
2025-10-04 08:15:00,124.945332,125.401495,124.863778,122.491392,121.508547,120.869177,122.299938,122.388463,342.463924,343.070872,340.436820,338.269784,337.368273,339.238200,341.138901,341.173445
2025-10-04 08:30:00,124.594971,124.090169,121.749354,120.796792,120.186469,121.645092,121.760342,120.498476,338.651721,336.646775,334.742174,333.686769,335.698043,338.085703,338.250292,336.554065
2025-10-04 08:45:00,121.866691,119.616618,118.751094,118.224257,119.762959,119.955020,118.766830,118.288109,339.966675,338.245504,337.482700,339.485674,341.707806,341.864758,340.161207,338.648760
2025-10-04 09:00:00,127.614788,126.422854,125.582929,126.821319,126.725324,125.260835,124.517090,124.193172,348.719016,347.551605,349.185775,351.200981,351.000868,348.954825,347.113862,345.491878
2025-10-04 09:15:00,125.722764,124.911410,126.177205,126.107497,124.668222,123.948661,123.647941,121.997710,343.930632,345.341455,347.208458,346.834873,344.918843,343.553969,342.051602,341.087747
2025-10-04 09:30:00,123.697044,125.012398,124.990227,123.596548,122.920723,122.661953,121.051961,120.734082,345.609715,347.595557,347.420969,345.356332,343.986741,342.479849,341.511654,340.713819
2025-10-04 09:45:00,124.616228,124.610224,123.232053,122.571104,122.326602,120.730296,120.425544,118.502695,337.444238,337.583731,335.758539,334.086339,332.764054,331.972933,331.344944,329.405912
2025-10-04 10:00:00,124.509047,123.135006,122.478017,122.237314,120.644651,120.343395,118.423899,116.806101,342.361612,340.601449,338.929805,337.407732,336.547539,335.885805,333.914404,330.970473
2025-10-04 10:15:00,120.510152,119.960285,119.822332,118.328226,118.121504,116.292685,114.761863,115.576338,334.372688,333.009146,331.333128,330.378407,329.896003,327.540492,324.761553,324.521319
2025-10-04 10:30:00,116.196690,116.212332,114.865552,114.800143,113.106870,111.706063,112.645247,112.343514,319.941231,319.034326,317.972166,317.552968,315.646014,314.483123,313.987560,312.204471
2025-10-04 10:45:00,117.129211,115.745013,115.643713,113.916013,112.482185,113.389695,113.057580,113.477717,318.888499,318.484703,318.247523,316.598233,315.704630,315.198066,313.277580,312.493557
2025-10-04 11:00:00,115.136740,115.060264,113.356375,111.945386,112.874803,112.563702,113.003994,113.120515,306.395776,306.617549,304.110930,301.015452,300.930936,299.542118,298.645990,302.231421
2025-10-04 11:15:00,111.878478,110.304440,109.018002,110.066887,109.870378,110.420586,110.642538,109.758204,295.323533,294.138876,290.484066,289.604490,287.782638,287.806276,291.884729,293.722952
2025-10-04 11:30:00,111.362769,110.033140,111.040596,110.804350,111.316442,111.501833,110.582432,111.751568,304.951119,303.066965,301.427803,299.265616,298.887654,302.823775,304.970023,307.632666
2025-10-04 11:45:00,110.472230,111.461768,111.208333,111.703938,111.873516,110.938945,112.093532,110.853722,300.098396,300.466460,299.384908,299.405581,302.054712,303.231044,305.568449,306.035559
2025-10-04 12:00:00,110.236878,110.033431,110.576985,110.792554,109.902099,111.099000,109.899777,108.891302,308.875355,307.894496,308.011753,311.134162,312.844632,315.564087,315.041882,311.456534
2025-10-04 12:15:00,110.972551,111.477779,111.656586,110.730869,111.893947,110.662282,109.622689,110.269800,319.402440,319.104837,321.448681,323.375796,325.729139,324.855763,320.829095,323.902357
2025-10-04 12:30:00,109.940353,110.181903,109.316369,110.537174,109.360879,108.374397,109.072452,108.273506,319.830088,322.118257,323.499019,325.684030,324.761522,320.124235,322.865582,321.641371
2025-10-04 12:45:00,110.424609,109.549170,110.760474,109.575067,108.579844,109.269514,108.462526,110.647091,327.418769,328.668666,330.728152,329.685242,325.203524,328.533808,327.203342,329.974296
2025-10-04 13:00:00,110.582689,111.751815,110.525950,109.491921,110.144369,109.301677,111.451996,113.561301,327.485474,329.118133,327.942311,325.998421,329.206421,327.758662,330.417109,333.207359
2025-10-04 13:15:00,111.602831,110.383047,109.354850,110.012891,109.175566,111.331031,113.445273,115.914441,323.315074,322.268508,320.160336,323.302103,321.968411,324.736271,327.631468,338.704126
2025-10-04 13:30:00,111.340216,110.272956,110.893530,110.020265,112.141258,114.222434,116.659885,121.688509,323.204380,321.115034,324.117826,322.801456,325.310850,328.221983,339.309927,352.772425
2025-10-04 13:45:00,112.579489,113.105931,112.142377,114.176765,116.174871,118.532643,123.484838,125.498779,328.269880,330.921338,328.400531,330.913549,333.276043,341.481964,356.820696,361.605144
2025-10-04 14:00:00,112.760975,111.811498,113.859390,115.870448,118.240643,123.204755,125.230127,125.238872,335.850261,333.461724,335.536855,337.355630,346.571315,361.703989,366.196683,368.078586
2025-10-04 14:15:00,116.432325,118.291638,120.121814,122.318509,127.116201,128.981944,128.837576,132.065977,334.548756,336.833030,337.868338,348.873793,363.786502,368.067564,369.888103,372.489036
2025-10-04 14:30:00,114.823970,116.795663,119.128100,124.055995,126.046627,126.022050,129.365354,127.798245,325.675548,328.450683,339.270061,353.645003,358.590695,361.317517,365.049828,363.821331
2025-10-04 14:45:00,115.889506,118.258924,123.222290,125.246946,125.255005,128.629612,127.092529,127.789086,330.006383,340.919467,355.554463,360.580540,362.917491,366.932885,365.268187,366.315508
2025-10-04 15:00:00,125.423438,130.094417,131.838618,131.577666,134.694243,132.909659,133.368816,133.950253,349.585220,364.160636,367.991998,369.682124,371.179552,371.046645,370.325071,370.766773
2025-10-04 15:15:00,134.923859,136.470967,136.020968,138.956210,136.997693,137.290015,137.711426,136.736350,370.234098,372.093142,372.994635,371.448004,371.964043,372.367027,372.442217,373.470375
2025-10-04 15:30:00,139.017846,138.463906,141.299452,139.245306,139.445901,139.779329,138.719861,138.326740,372.992815,372.416785,372.465290,371.428390,371.607950,371.632520,372.340175,373.380074
2025-10-04 15:45:00,140.807204,143.547118,141.401244,141.513854,141.762888,140.622469,140.151702,139.098587,371.559083,373.764399,372.046205,372.218383,372.072187,371.740161,372.361422,371.194126
2025-10-04 16:00:00,139.986617,137.986049,138.238035,138.620757,137.608571,137.260802,136.325666,132.948182,370.096886,369.433342,369.633185,369.824037,371.163035,372.077469,371.650127,370.811570
2025-10-04 16:15:00,141.108447,141.233007,141.493502,140.364077,139.903855,138.860855,135.379908,133.559589,368.862527,369.075338,368.989108,369.702948,369.683822,370.396378,370.289217,368.085224
2025-10-04 16:30:00,141.036456,141.304972,140.183241,139.730400,138.694478,135.220321,133.406514,131.778599,371.330311,371.128211,370.009279,369.692797,370.248153,372.087107,371.598728,371.891171
2025-10-04 16:45:00,138.984879,137.957833,137.595811,136.647003,133.256404,131.522746,129.971709,129.346064,374.641849,373.518195,372.675437,372.291485,373.294990,373.309619,373.086259,372.943983
2025-10-04 17:00:00,139.221176,138.807597,137.809335,134.371301,132.592144,130.997463,130.329958,130.709120,374.186910,372.849401,371.285507,369.404047,369.674078,371.288078,371.393232,371.298841
2025-10-04 17:15:00,139.622724,138.591196,135.121254,133.311491,131.687453,130.991789,131.343941,130.408300,373.806525,372.165950,369.219583,369.617957,369.613692,369.640780,370.082824,371.282674
2025-10-04 17:30:00,139.917284,136.393224,134.531551,132.857722,132.114298,132.420640,131.441059,133.115481,374.973342,371.876649,370.614896,370.835696,371.204054,371.899267,372.296339,371.946333
2025-10-04 17:45:00,139.746578,137.748053,135.942957,135.073623,135.259193,134.163769,135.727076,137.702713,373.422775,371.293664,370.172413,370.272352,369.933933,370.821581,370.857210,369.518602
2025-10-04 18:00:00,141.036847,139.097533,138.099459,138.161544,136.947673,138.397367,140.264028,141.542292,372.517641,370.123182,369.109538,368.583131,368.416553,367.829112,367.451396,368.209308
2025-10-04 18:15:00,137.994153,137.041108,137.146385,135.973943,137.463376,139.368154,140.682979,142.757327,370.331400,368.963661,368.344438,366.800883,367.180782,367.680583,368.128955,369.213876
2025-10-04 18:30:00,139.629779,139.629410,138.355635,139.747870,141.559416,142.784814,144.773385,144.795373,369.024521,368.965440,367.549918,367.355112,367.862922,368.318977,368.784670,368.158869
2025-10-04 18:45:00,139.927582,138.641638,140.022201,141.822552,143.037211,145.015482,145.027589,144.840868,370.231759,368.166787,368.448018,368.689354,369.294315,370.468531,369.504134,370.046350
2025-10-04 19:00:00,142.261695,143.494521,145.153165,146.231900,148.079794,147.966845,147.660171,145.957974,370.735833,370.860867,370.699069,370.843103,371.894615,371.030200,371.462639,368.043149
2025-10-04 19:15:00,139.276975,141.107739,142.351570,144.357822,144.396769,144.235792,142.673345,141.718322,368.982948,368.624132,368.331772,369.434281,368.521471,369.113169,367.383561,367.081428
2025-10-04 19:30:00,138.462248,139.814043,141.923853,142.062132,141.996432,140.525375,139.658011,139.838785,368.836781,368.494105,368.879354,367.914600,368.637316,367.579036,367.950435,367.704257
2025-10-04 19:45:00,136.752209,138.986974,139.245108,139.294373,137.933588,137.171997,137.454226,134.285481,367.694484,368.089608,367.783903,366.184931,365.320771,365.347638,365.301411,361.714935
2025-10-04 20:00:00,137.566358,137.882468,137.987343,136.679899,135.969471,136.300776,133.179104,131.676202,369.473512,369.204255,368.907874,367.605453,367.656306,367.633086,364.966383,363.618913
2025-10-04 20:15:00,136.968192,137.110378,135.838724,135.162625,135.526857,132.436769,130.964163,128.952154,370.139728,370.373377,368.947168,368.861465,368.862592,365.099631,363.450047,357.414003
2025-10-04 20:30:00,137.015508,135.747725,135.075340,135.443135,132.356463,130.887134,128.878269,126.597046,366.958452,365.026916,364.612221,364.009808,360.895611,358.413699,352.421932,342.043380
2025-10-04 20:45:00,137.883128,137.123596,137.407800,134.240950,132.694714,130.612080,128.260100,127.259765,368.875305,368.919407,368.261629,365.003563,363.997742,357.941116,347.607622,344.255036
2025-10-04 21:00:00,139.255537,139.452736,136.202430,134.576145,132.416729,129.991100,128.920122,127.954057,366.160923,367.111067,365.579977,364.011749,359.146061,348.422319,344.999263,339.916687
2025-10-04 21:15:00,136.821187,133.678276,132.155003,130.094396,127.763542,126.783472,125.904605,125.802636,366.651812,363.641200,362.577469,355.921826,344.738846,341.347998,335.756172,327.262824
2025-10-04 21:30:00,135.548636,133.949032,131.815209,129.414129,128.366697,127.423217,127.259273,128.774916,364.974192,363.613264,359.192614,347.835793,344.350288,339.115727,330.488475,326.200063
2025-10-04 21:45:00,134.894513,132.722104,130.284013,129.201081,128.223550,128.026943,129.511257,128.568670,363.753214,360.486802,348.689697,344.405846,338.457557,329.565515,324.376413,323.108716
2025-10-04 22:00:00,130.673615,128.319124,127.316380,126.415764,126.292934,127.848014,126.973305,127.437464,351.361357,339.842717,336.193583,329.569419,321.160514,316.203529,314.771463,315.149003
2025-10-04 22:15:00,121.118470,120.409589,119.790844,119.938380,121.752793,121.126833,121.829590,119.136051,326.727199,323.948401,318.336319,310.304704,305.800741,304.803210,305.597552,302.606667
2025-10-04 22:30:00,116.177868,115.731821,116.045008,118.018312,117.544758,118.393701,115.840383,112.986313,314.570057,310.670739,303.436108,297.648462,297.022106,298.299316,294.905496,291.985632
2025-10-04 22:45:00,111.072708,111.576037,113.731721,113.433106,114.449848,112.057480,109.357793,107.383040,304.561894,298.697966,296.540871,296.001932,297.875189,295.285327,293.720638,290.033010
2025-10-04 23:00:00,108.761972,111.032500,110.844041,111.966444,109.675425,107.072951,105.191444,103.659529,311.355027,309.045409,308.491255,309.837722,307.254763,305.743749,302.245725,297.826707
2025-10-04 23:15:00,109.864924,109.724114,110.892222,108.645043,106.084619,104.243447,102.750220,101.606749,311.907486,311.551548,313.088141,310.668128,309.298148,305.587273,302.118305,301.998261
2025-10-04 23:30:00,111.325808,112.428550,110.118673,107.498109,105.599251,104.050694,102.854149,104.717203,315.136723,316.582789,313.959470,312.520670,308.815220,304.750192,304.556646,307.199063
2025-10-04 23:45:00,110.308265,108.084918,105.547353,103.728107,102.255911,101.132613,103.065923,103.401214,310.245070,307.479707,306.135694,301.801395,298.468914,298.479786,301.318280,303.329494
2025-10-05 00:00:00,109.139967,106.559345,104.698798,103.186989,102.025692,103.922556,104.222887,105.988321,307.805020,306.388199,301.908340,296.218433,296.027144,298.671726,301.016373,303.789886
2025-10-05 00:15:00,109.521976,107.540523,105.912741,104.640205,106.430369,106.628355,108.295621,110.963317,302.450793,298.732683,292.376737,289.672244,293.167597,294.951333,297.685058,302.560139
2025-10-05 00:30:00,109.790915,108.071294,106.710666,108.416333,108.533271,110.122796,112.715924,112.437048,299.961694,296.294675,294.906687,298.304115,300.007060,301.188380,304.853084,308.231347
2025-10-05 00:45:00,111.827269,110.313358,111.871998,111.847908,113.302161,115.765537,115.362205,116.385335,309.743007,309.086644,310.992965,311.989927,312.844211,315.834260,318.942817,320.996821
2025-10-05 01:00:00,111.510501,113.020284,112.949332,114.358635,116.778896,116.334208,117.317670,117.111409,321.277722,323.183923,324.300893,324.920151,328.045732,330.837778,332.341908,332.089202
2025-10-05 01:15:00,112.249837,112.210327,113.649790,116.098979,115.682038,116.692116,116.511384,115.739652,321.753110,322.568661,323.276218,326.486495,329.359781,331.254391,331.164205,328.792274
2025-10-05 01:30:00,111.078163,112.563830,115.057338,114.682907,115.733760,115.592138,114.857922,118.238004,323.939923,324.735497,327.636724,330.660084,332.563275,332.547593,330.316220,333.170351
2025-10-05 01:45:00,109.845682,112.450119,112.182090,113.335002,113.291276,112.650958,116.121108,115.303828,320.750738,323.741735,326.851200,328.906076,328.969616,326.745137,329.452987,330.231088
2025-10-05 02:00:00,115.024909,114.651802,115.703923,115.563520,114.830471,118.211673,117.309076,115.604546,326.139922,329.127008,330.995404,330.946348,328.682963,331.506389,332.185125,329.118453
2025-10-05 02:15:00,118.276287,119.180492,118.898208,118.029068,121.279734,120.251928,118.427298,118.205186,324.098742,326.150942,326.211914,323.984973,326.909629,327.685465,324.781023,323.289292
2025-10-05 02:30:00,128.251185,127.598721,126.374509,129.284592,127.930103,125.792123,125.269448,122.545596,341.481076,340.886377,337.948595,339.959848,340.157056,337.015518,334.991423,331.541586
2025-10-05 02:45:00,129.115585,127.829469,130.680175,129.268732,127.076122,126.501046,123.726932,123.700233,345.865204,342.778698,344.479024,344.162768,340.430669,338.211332,334.624984,333.918672
2025-10-05 03:00:00,130.440356,133.184510,131.670863,129.380221,128.711113,125.846806,125.733594,126.519547,343.863273,345.638494,345.296999,341.244956,338.839485,335.074599,334.593924,337.362602
2025-10-05 03:15:00,130.781391,129.365817,127.169245,126.590369,123.812609,123.782414,124.647996,124.261165,345.001301,344.911859,341.108357,338.820532,335.168489,334.796052,337.668553,338.089447
2025-10-05 03:30:00,128.628786,126.462292,125.912267,123.162182,123.158531,124.049574,123.687164,123.128190,345.560254,341.811938,339.794462,336.193193,335.869457,338.788671,339.254373,336.706925
2025-10-05 03:45:00,131.256840,130.511147,127.573379,127.389704,128.108071,127.580032,126.862188,126.689132,359.451459,356.692708,352.463694,351.657985,353.931769,353.954035,351.164374,346.672859
2025-10-05 04:00:00,132.978400,129.939941,129.659686,130.285413,129.668516,128.865440,128.610630,126.541316,360.875137,356.582635,355.440406,357.509290,357.364980,354.232416,349.770770,344.688902
2025-10-05 04:15:00,133.213642,132.799786,133.297364,132.557547,131.636568,131.268667,129.090877,129.299253,359.488227,358.234045,360.260785,359.870435,356.501871,351.630731,345.989050,347.275199
2025-10-05 04:30:00,133.015130,133.503919,132.755673,131.826608,131.450952,129.265723,129.466963,129.712020,358.724944,360.181461,359.494903,356.200471,351.199843,345.433960,346.417847,351.134080
2025-10-05 04:45:00,132.202390,131.507260,130.629143,130.302356,128.164002,128.410204,128.698388,128.452259,355.620547,355.368688,352.132963,347.572367,342.178171,343.581550,348.216108,348.693520
2025-10-05 05:00:00,131.726221,130.839168,130.503810,128.357234,128.595550,128.876170,128.622786,130.241832,352.210702,348.967081,343.810866,337.886023,339.282434,343.910308,344.381309,350.660366
2025-10-05 05:15:00,132.148691,131.759890,129.562054,129.751200,129.984657,129.686035,131.261689,130.726022,352.170202,347.452507,341.397413,341.911722,346.195518,346.519608,351.750211,352.673950
2025-10-05 05:30:00,132.493241,130.265476,130.425915,130.631837,130.306803,131.857123,131.297156,134.149666,345.069267,339.284417,339.897537,343.704235,344.061708,349.284346,350.200447,353.350643
2025-10-05 05:45:00,129.822341,130.000865,130.224133,129.915738,131.482018,130.937359,133.804553,135.746655,344.020931,345.015446,348.688489,348.525047,353.639996,354.253775,357.689274,358.988984
2025-10-05 06:00:00,127.981488,128.287168,128.057821,129.699923,129.227992,132.164947,134.173962,133.970581,339.486562,344.185513,344.883617,350.317592,351.415459,355.197168,356.602014,356.726376
2025-10-05 06:15:00,129.983798,129.685210,131.260898,130.725263,133.601113,135.551517,135.291918,135.405782,353.296090,353.717759,358.314246,358.977307,360.805878,362.598003,362.844540,362.613472
2025-10-05 06:30:00,131.964378,133.447052,132.822199,135.612471,137.480791,137.142457,137.180800,135.152929,357.673598,361.778912,361.906260,363.513373,363.399978,363.552637,363.924276,363.981298
2025-10-05 06:45:00,133.117412,132.506012,135.309188,137.189885,136.863423,136.913153,134.896205,135.401252,354.446589,355.670881,360.262307,360.825892,361.378538,362.133839,360.948356,360.219815
2025-10-05 07:00:00,133.178220,135.953963,137.808347,137.456645,137.482165,135.441995,135.924768,133.771118,353.605870,358.404806,359.314608,359.424532,359.532029,358.026751,357.173365,353.289965
2025-10-05 07:15:00,133.263740,135.227913,134.981520,135.108052,133.164771,133.740478,131.675970,128.884688,353.891545,355.576279,355.312207,355.564558,353.669355,353.036861,349.548907,344.489494
2025-10-05 07:30:00,129.787726,129.763350,130.102837,128.363822,129.135459,127.258884,124.647865,124.874996,345.167314,346.277747,346.669091,344.475479,344.239184,340.989915,336.478150,334.705483
2025-10-05 07:45:00,128.362220,128.758889,127.074720,127.898966,126.072853,123.510237,123.783796,121.518516,343.460683,344.760390,342.579782,342.050863,338.809874,334.306049,332.541000,330.180587
2025-10-05 08:00:00,132.277928,130.450146,131.136638,129.178395,126.489040,126.641031,124.259146,124.381158,345.041754,343.355819,343.152838,339.033837,334.552722,332.809455,330.469936,327.811202
2025-10-05 08:15:00,133.090230,133.668979,131.607389,128.818906,128.875814,126.402726,126.437257,127.071176,350.744739,350.374769,345.675756,340.999665,339.109030,336.628159,333.604395,331.764850
2025-10-05 08:30:00,132.291757,130.286373,127.551800,127.660420,125.236933,125.319041,125.998594,124.817881,346.676622,342.511962,337.730932,335.599226,333.176082,330.425106,329.025686,327.862866
2025-10-05 08:45:00,132.596420,129.767574,129.785767,127.275543,127.274454,127.874206,126.616948,125.957273,346.405462,341.775101,340.017441,337.168705,334.081050,332.180221,330.907674,330.132098
2025-10-05 09:00:00,132.520552,132.426394,129.808405,129.703949,130.204551,128.852191,128.101294,128.368807,348.175321,345.956273,342.672160,339.322700,337.193332,335.701571,334.252507,333.646808
2025-10-05 09:15:00,132.943537,130.304443,130.179743,130.660929,129.289943,128.521181,128.771558,125.702318,346.033535,343.241313,339.716151,337.281133,335.792602,334.422845,333.820118,332.041515
2025-10-05 09:30:00,132.524699,132.309389,132.703662,131.249311,130.400587,130.574265,127.431455,125.772453,353.935209,350.061914,347.089705,345.095615,343.378753,342.703005,340.570761,339.149182
2025-10-05 09:45:00,129.956340,130.446642,129.084402,128.324029,128.582452,125.520928,123.939896,122.713859,346.647730,343.481497,341.098535,339.351582,338.513908,336.292529,334.961105,331.813509
2025-10-05 10:00:00,132.732603,131.277071,130.427213,130.599804,127.455952,125.795951,124.494166,123.473820,352.883923,350.782752,348.768438,347.767384,345.230710,343.596860,340.602222,336.393687
2025-10-05 10:15:00,129.789254,129.000115,129.230947,126.142958,124.536541,123.286154,122.315107,123.567832,350.857658,348.966481,347.394674,345.084254,343.508842,340.310341,336.155571,335.052693
2025-10-05 10:30:00,116.984776,117.705960,115.088312,113.933041,113.115389,112.559416,114.210276,113.680965,320.758259,320.409610,317.985937,316.450345,313.734312,312.218575,311.728073,310.210410
2025-10-05 10:45:00,115.805258,113.265179,112.184311,111.438025,110.950507,112.667028,112.200697,112.543295,306.296876,305.236341,304.171462,300.891527,295.935525,296.030599,294.947770,293.345406
2025-10-05 11:00:00,115.554744,114.380438,113.544527,112.971041,114.605103,114.059678,114.326410,113.398581,308.724198,308.521777,306.300836,303.028334,303.137116,302.067435,301.205797,301.047307
2025-10-05 11:15:00,114.341305,113.506991,112.935037,114.570568,114.026553,114.294637,113.368104,112.788121,306.196637,304.152678,300.636483,300.383375,299.331971,298.487863,299.056207,297.446474
2025-10-05 11:30:00,112.726119,112.186033,113.852131,113.337435,113.633643,112.734086,112.179977,112.274680,304.139247,301.368451,301.312610,299.133777,298.378711,298.447717,296.908957,296.457534
2025-10-05 11:45:00,110.550624,112.283464,111.832786,112.190399,111.349742,110.852129,111.001023,108.831896,305.959510,306.068822,302.485408,299.750441,299.471964,297.907380,297.362338,294.890103
2025-10-05 12:00:00,109.435773,109.101312,109.570397,108.836664,108.441611,108.688879,106.614113,106.976470,288.918336,288.497374,288.257980,287.867689,286.803371,286.807028,285.145666,287.233478
2025-10-05 12:15:00,110.900497,111.296157,110.491994,110.029386,110.211856,108.074936,108.377677,111.125410,300.074149,299.765293,299.940187,299.425364,299.771305,297.834673,295.402665,300.648908
2025-10-05 12:30:00,109.127186,108.411540,108.033837,108.297747,106.238942,106.616611,109.436214,111.686826,288.265333,288.856658,288.741272,290.061467,287.901215,285.821709,291.007574,297.004245
2025-10-05 12:45:00,111.718732,111.206061,111.340510,109.157529,109.416089,112.121443,114.262470,117.336058,296.072091,295.874947,296.029822,293.199072,290.604825,295.840720,301.458659,307.702100
2025-10-05 13:00:00,111.635292,111.752225,109.552441,109.794884,112.484780,114.610979,117.670344,117.344940,296.868167,297.428739,295.697978,292.791201,297.950824,302.971324,309.175518,312.321400
2025-10-05 13:15:00,112.207829,109.989452,110.214061,112.886850,114.996640,118.040266,117.699765,119.808870,293.354935,291.709381,289.375524,294.146730,299.026596,305.347302,308.604942,323.673874
2025-10-05 13:30:00,114.065588,114.123847,116.637075,118.593817,121.490640,121.009328,122.983368,128.168623,317.600550,313.907462,317.802222,321.753680,327.623510,330.173451,342.555811,354.978882
2025-10-05 13:45:00,116.993048,119.389183,121.233610,124.022701,123.438054,125.312977,130.403159,133.276188,329.770575,332.700479,336.441183,340.123142,341.622237,351.520614,366.110749,371.614520
2025-10-05 14:00:00,120.897446,122.680320,125.410370,124.769092,126.589694,131.627773,134.450824,134.989356,341.598858,344.707160,349.132029,350.142012,361.649779,375.121022,376.519199,375.039635
2025-10-05 14:15:00,121.262127,124.050055,123.464291,125.338143,130.427299,133.299342,133.884866,137.119097,336.282499,340.730605,342.379471,354.788716,368.115181,371.934575,372.843457,372.520584
2025-10-05 14:30:00,122.390096,121.872076,123.810907,128.962390,131.894217,132.537085,135.826320,135.632604,345.970342,347.688403,359.321414,371.895573,375.509397,375.332971,374.026349,373.932290
2025-10-05 14:45:00,128.100118,129.784779,134.692465,137.390445,137.809009,140.883094,140.483008,140.063997,363.556566,371.234678,372.720862,377.546900,379.794851,381.764076,381.656221,381.222169
2025-10-05 15:00:00,137.108882,141.717667,144.128944,144.272507,147.082813,146.429713,145.768014,146.437702,369.007724,379.327285,383.580348,384.494449,387.362108,385.704455,384.944065,384.539509
2025-10-05 15:15:00,135.122958,137.803369,138.205082,141.263003,140.847412,140.413530,141.301737,140.421244,367.283623,372.225327,374.478220,375.427105,375.719935,375.475142,375.387791,374.856735
2025-10-05 15:30:00,140.560686,140.849871,143.799856,143.280736,142.747549,143.540503,142.568645,142.314274,368.359786,370.486071,373.593359,372.772776,372.431310,372.428582,371.978696,372.158554
2025-10-05 15:45:00,140.363974,143.333789,142.833689,142.318746,143.129200,142.174127,141.935857,140.966811,368.475664,371.842812,370.707471,370.593272,370.649954,370.257054,370.491571,368.943642
2025-10-05 16:00:00,139.989969,139.626332,139.242283,140.178289,139.343645,139.220888,138.362641,135.237105,371.675129,370.562677,370.557272,370.510637,370.156461,370.428121,368.892657,368.033433
2025-10-05 16:15:00,139.158598,138.793638,139.747953,138.930871,138.824960,137.982871,134.872834,133.275021,367.977506,367.704307,367.632865,366.917348,366.780666,365.238094,362.947061,361.807069
2025-10-05 16:30:00,138.463206,139.431006,138.626859,138.533355,137.703166,134.604544,133.017681,130.536673,369.237828,369.324690,369.003190,369.407640,367.886344,366.295108,367.094224,367.010106
2025-10-05 16:45:00,138.645176,137.873099,137.810356,137.009674,133.939353,132.379636,129.924667,130.063206,368.774971,368.419675,368.709554,367.318968,366.539538,366.969985,366.539613,366.509102
2025-10-05 17:00:00,138.669095,138.573867,137.742025,134.641817,133.053432,130.570965,130.683128,131.638820,367.888219,368.115550,366.560728,363.564596,363.439431,364.902366,364.548967,364.303157
2025-10-05 17:15:00,140.875946,139.950155,136.759832,135.085010,132.519633,132.552270,133.431681,130.684041,369.853303,368.302627,364.874210,364.799430,365.353409,365.586957,364.908201,364.207388
2025-10-05 17:30:00,138.355042,135.229817,133.617435,131.111951,131.202036,132.136551,129.441766,131.755473,370.266207,366.539710,367.288613,367.026305,367.137211,366.906123,363.633567,364.115890
2025-10-05 17:45:00,136.261991,134.607486,132.061597,132.112926,133.010267,130.279826,132.559331,134.022537,368.630139,367.467756,367.325044,367.322337,367.399292,362.409874,361.719620,361.062851
2025-10-05 18:00:00,139.923404,137.160569,137.003807,137.701548,134.779653,136.875518,138.162578,138.500965,371.831365,368.627174,368.054247,368.586560,367.515113,365.829491,365.012787,364.837335
2025-10-05 18:15:00,141.018008,140.703821,141.250563,138.183831,140.140770,141.294573,141.505142,142.550107,372.366813,371.401053,369.830549,367.175766,366.836948,366.794545,365.613039,365.677359
2025-10-05 18:30:00,140.466663,141.023083,137.965635,139.931478,141.093823,141.312584,142.365408,140.797146,369.665797,368.510723,366.463667,365.610392,365.706652,364.523701,364.586636,363.927964
2025-10-05 18:45:00,140.118011,137.097499,139.098771,140.295099,140.546457,141.630546,140.092275,139.299557,366.916127,365.731516,365.572644,364.452117,363.094375,363.198729,362.809261,362.638859
2025-10-05 19:00:00,141.974568,143.776804,144.782219,144.850455,145.758896,144.052144,143.097822,141.393269,369.287665,367.350258,367.141716,366.389505,366.831103,366.633546,365.781783,362.878646
2025-10-05 19:15:00,141.183459,142.294710,142.464463,143.470277,141.856925,140.992191,139.373570,138.563296,368.346720,366.136381,365.573819,365.015691,365.564115,365.260762,363.281099,361.659786
2025-10-05 19:30:00,140.797653,141.028501,142.092918,140.535777,139.724959,138.158055,137.397386,137.502978,367.365885,365.484186,364.948845,363.547740,362.539647,360.552334,360.795779,359.941906
2025-10-05 19:45:00,139.362560,140.494965,139.003037,138.254772,136.747866,136.044748,136.205542,133.860091,367.041471,366.674933,365.997177,365.110327,364.748510,365.825547,364.309424,362.544095
2025-10-05 20:00:00,138.565596,137.152407,136.479666,135.045204,134.411573,134.639017,132.357497,128.595770,368.562527,367.488915,367.115927,366.119893,366.180299,365.525708,364.496048,360.226956
2025-10-05 20:15:00,138.841374,138.099706,136.599129,135.902081,136.068696,133.728830,129.911139,126.992776,364.265525,363.592654,361.646388,361.548099,360.824587,359.032939,354.383120,348.427722
2025-10-05 20:30:00,136.447826,135.014663,134.382278,134.610917,132.330544,128.569918,125.706290,123.881177,364.468213,361.902377,361.231388,360.036311,356.283837,349.775509,344.496018,338.965018
2025-10-05 20:45:00,139.424730,138.612368,138.668375,136.222415,132.302959,129.286984,127.315741,125.442720,365.526485,364.284024,364.720256,363.652273,359.973433,354.154534,348.167181,344.550386
2025-10-05 21:00:00,140.559305,140.535856,138.013683,134.021125,130.935031,128.896529,126.958996,126.700524,368.251681,366.579755,365.888760,362.424157,358.181023,351.411641,347.416036,341.457023
2025-10-05 21:15:00,141.867687,139.291161,135.246468,132.110367,130.023900,128.040357,127.737754,129.141962,369.788918,364.906815,363.340534,359.787031,352.733226,347.563000,341.260111,334.466015
2025-10-05 21:30:00,142.968378,138.773615,135.493570,133.269032,131.153054,130.723420,132.005781,133.117569,371.260260,365.499856,364.926137,358.275751,354.596684,348.411375,341.422285,339.004254
2025-10-05 21:45:00,138.714118,135.436501,133.214292,131.100548,130.673057,131.957473,133.071233,130.811795,361.944468,359.822192,353.134367,349.361760,343.245088,336.464544,334.015244,331.269712
2025-10-05 22:00:00,137.507921,135.201176,133.006346,132.501079,133.710892,134.753094,132.425019,131.575542,361.953290,356.971608,352.225806,347.023540,340.107520,337.451802,334.508277,332.199879
2025-10-05 22:15:00,137.838978,135.536499,134.927974,136.038745,136.985946,134.566746,133.629865,131.256759,357.230972,353.606849,348.214821,341.587936,338.784932,335.700131,333.256222,330.042334
2025-10-05 22:30:00,136.635765,135.982378,137.050118,137.956044,135.497255,134.522398,132.112868,130.149315,355.996204,349.998117,343.094214,339.972579,336.904949,334.350667,330.958241,328.277313
2025-10-05 22:45:00,138.644263,139.603370,140.405097,137.846360,136.775636,134.274149,132.222393,130.452016,356.263148,350.622365,349.114392,345.777020,343.190423,339.669678,336.679262,332.431488
2025-10-05 23:00:00,137.117179,138.020369,135.558954,134.581580,132.169634,130.203764,128.515769,125.917623,356.665413,355.211370,352.271910,349.902882,346.430343,343.316174,338.949697,334.318967
2025-10-05 23:15:00,134.783644,132.454322,131.603650,129.313235,127.463936,125.887755,123.396860,119.820599,354.341952,351.741364,348.720311,345.362702,342.329453,337.740923,332.897203,328.399404
2025-10-05 23:30:00,139.027919,137.908974,135.361236,133.265115,131.452184,128.734202,124.940121,126.729702,361.789147,360.529539,357.227915,355.073572,351.894960,346.987066,342.257720,342.344302
2025-10-05 23:45:00,137.754291,135.212865,133.122799,131.315677,128.603265,124.814528,126.609234,126.678651,355.703167,353.323340,351.132739,347.407797,342.651105,337.870780,337.908464,337.732601
2025-10-06 00:00:00,136.308266,134.173496,132.323494,129.569953,125.741765,127.498630,127.531750,128.127130,353.683819,350.922775,346.933028,342.247859,337.407113,337.386841,337.155388,337.823759
2025-10-06 00:15:00,136.398941,134.458117,131.617461,127.705713,129.382429,129.338669,129.860308,129.063513,354.046835,350.289174,345.340824,340.593474,340.437624,340.076126,340.619759,337.115491
2025-10-06 00:30:00,135.779691,132.885101,128.921620,130.548713,130.457357,130.933341,130.092756,130.724588,353.730476,349.526974,344.893018,344.398309,344.095873,344.213671,340.960658,335.486830
2025-10-06 00:45:00,137.591464,133.435914,134.878777,134.610709,134.917192,133.914024,134.389908,135.261223,355.512284,351.215106,350.649310,349.866832,350.015548,347.443714,342.373162,338.977049
2025-10-06 01:00:00,137.540965,138.816298,138.387538,138.539887,137.388874,137.722948,138.458240,137.796164,359.111623,358.302253,357.432855,357.700651,355.144589,351.410981,349.005292,346.271274
2025-10-06 01:15:00,137.092506,136.734095,136.953922,135.867633,136.263789,137.058631,136.453674,135.666233,360.093050,360.496592,360.261266,356.881182,354.106457,352.140763,349.263409,345.860597
2025-10-06 01:30:00,131.390571,131.828471,130.951354,131.548147,132.535436,132.115073,131.504693,134.825955,358.485093,358.454416,357.145055,353.009576,349.878643,346.751027,343.514376,344.601163
2025-10-06 01:45:00,129.034407,128.271318,128.977484,130.069683,129.749949,129.236091,132.649936,132.831632,339.725355,336.350709,330.701013,327.015274,324.346473,321.549912,323.058829,324.349990
2025-10-06 02:00:00,126.450807,127.231269,128.394732,128.143354,127.695061,131.171797,131.413817,129.838521,336.067140,331.013773,327.198555,323.835298,321.151158,322.767908,324.162501,322.442085
2025-10-06 02:15:00,126.340448,127.540266,127.323759,126.908915,130.417733,130.690527,129.144749,129.245655,330.431671,327.380094,324.044154,320.641443,322.171994,323.483906,321.684183,321.685098
2025-10-06 02:30:00,130.632338,130.289642,129.753758,133.146477,133.307909,131.655315,131.653763,129.545539,336.383191,333.377577,328.791026,328.453985,329.447910,327.343177,327.051529,328.510534
2025-10-06 02:45:00,129.658668,129.148535,132.565953,132.751077,131.121207,131.141453,129.054136,130.026914,338.355298,335.088368,335.559798,335.556546,333.321820,332.905484,334.244890,336.846819
2025-10-06 03:00:00,123.128878,126.791961,127.212725,125.808878,126.045923,124.166558,125.338800,128.547118,337.005075,338.234051,339.100423,336.642294,336.377069,337.861419,340.602378,346.459530
2025-10-06 03:15:00,122.302867,122.906833,121.678712,122.084311,120.366622,121.693942,125.051008,123.690842,332.146351,333.464318,331.670404,331.676890,333.421862,336.412807,342.509742,341.839363
2025-10-06 03:30:00,124.493454,123.200582,123.544073,121.766810,123.036987,126.339243,124.926504,123.713208,340.695485,339.052717,339.204181,341.088214,344.212544,350.437422,349.889764,346.497018
2025-10-06 03:45:00,120.672902,121.119548,119.441231,120.806317,124.199608,122.874188,121.744649,122.491123,332.445803,332.734568,333.875055,336.908293,343.254339,342.822904,339.541638,336.063451
2025-10-06 04:00:00,120.671258,119.011236,120.393870,123.803993,122.494718,121.380665,122.141994,122.600223,333.341626,334.742439,338.097814,344.066811,343.853475,340.998824,338.108311,335.677915
2025-10-06 04:15:00,130.942542,131.838253,134.781325,133.024059,131.480298,131.829455,131.892334,133.717800,352.468870,355.172291,360.993437,360.058523,356.294326,352.352916,349.153398,353.572982
2025-10-06 04:30:00,133.292312,136.176043,134.361858,132.763501,133.060290,133.072938,134.850223,136.469020,352.791687,355.549133,354.115764,351.904134,348.436786,344.898724,348.993582,354.420094
2025-10-06 04:45:00,133.574709,131.866686,130.370158,130.764620,130.870956,132.738105,134.443098,134.804275,359.663237,359.838133,358.046935,354.371688,350.876091,355.011681,359.950992,361.634671
2025-10-06 05:00:00,132.652026,131.123448,131.487168,131.564016,133.402881,135.080745,135.415898,137.433229,358.897205,356.771440,353.845508,350.650883,354.245456,359.014918,361.257054,362.563096
2025-10-06 05:15:00,133.983760,134.230749,134.195630,135.927097,137.501946,137.738289,139.660842,136.033435,359.952458,357.730158,356.447839,357.723444,360.828910,362.505315,364.899562,360.823960
2025-10-06 05:30:00,130.719478,130.827656,132.696572,134.403261,134.766063,136.809914,133.298855,135.674140,361.006679,359.283256,360.873031,363.633045,364.549790,366.956366,362.900614,362.744578
2025-10-06 05:45:00,133.896095,135.639787,137.226361,137.473951,139.407292,135.790233,138.063843,139.336229,357.428418,357.913716,364.528177,365.946458,366.627613,360.808664,359.567224,358.985521
2025-10-06 06:00:00,135.438584,137.033370,137.288835,139.229731,135.619918,137.900479,139.179532,139.647809,355.904433,360.007930,362.406276,362.900120,356.438112,355.893445,355.293352,355.598932
2025-10-06 06:15:00,133.190321,133.602624,135.693955,132.228439,134.647408,136.059221,136.654840,136.674770,351.203904,354.536943,356.437196,348.788568,348.181483,348.321762,348.314837,349.105279
2025-10-06 06:30:00,132.269342,134.415086,131.001761,133.470792,134.930623,135.572301,135.636409,134.879290,343.925455,346.559832,338.681207,337.293756,337.184483,337.487349,339.230755,340.612725
2025-10-06 06:45:00,138.398109,134.822235,137.135349,138.445628,138.943857,138.870370,137.981271,137.117382,351.484162,345.168709,343.250073,342.202911,342.414827,343.893770,344.968026,344.292308
2025-10-06 07:00:00,136.942629,139.169209,140.396484,140.815098,140.665245,139.702896,138.768747,136.421866,343.026194,342.733933,341.350020,341.030312,342.228934,343.295323,342.521701,335.456609
2025-10-06 07:15:00,134.916840,136.317657,136.902730,136.912543,136.103344,135.316094,133.110118,131.152353,342.404183,341.908330,342.221083,343.973971,345.365037,344.554272,337.222947,332.972137
2025-10-06 07:30:00,128.120881,129.040468,129.371144,128.869714,128.377673,126.454858,124.768697,123.242123,333.081596,334.138647,336.117229,338.193082,338.039158,330.745199,327.231044,323.628410
2025-10-06 07:45:00,121.894191,122.516510,122.294821,122.071105,120.405664,118.966374,117.676596,115.402770,320.471870,323.602220,326.112391,326.758060,321.114586,318.029772,314.570459,310.021741
2025-10-06 08:00:00,120.870299,120.715793,120.556517,118.952888,117.572887,116.339978,114.120699,115.825200,324.467914,327.341490,327.952732,322.458952,319.516452,316.193645,311.775863,310.322207
2025-10-06 08:15:00,125.508199,125.153343,123.362115,121.802171,120.396662,118.011828,119.557530,121.193341,342.431145,342.493089,336.405162,333.649943,330.609727,325.726974,323.984890,325.351207
2025-10-06 08:30:00,124.774078,122.998328,121.453230,120.061962,117.690788,119.249591,120.897970,119.039873,340.803081,334.926550,331.452815,328.182467,323.433827,321.394574,322.626987,320.950458
2025-10-06 08:45:00,128.539938,126.768684,125.160490,122.581242,123.940463,125.397404,123.355683,121.038052,350.480168,346.491460,341.989488,336.334672,333.928463,334.549632,332.546068,327.147875
2025-10-06 09:00:00,129.985091,128.245633,125.540479,126.778932,128.120034,125.967201,123.542992,124.047998,355.038383,350.172292,344.457335,341.477798,341.909965,339.683266,334.153726,330.274595
2025-10-06 09:15:00,129.034537,126.297186,127.504758,128.816239,126.634993,124.183531,124.662397,123.879496,363.246854,357.217462,353.833082,353.775263,350.861159,344.748478,340.118922,338.026557
2025-10-06 09:30:00,131.014847,132.029888,133.156696,130.798314,128.176945,128.492837,127.553614,128.400682,364.751074,362.273580,361.858831,359.025857,352.584785,347.514974,344.903059,347.578990
2025-10-06 09:45:00,130.705416,131.886276,129.579741,127.008102,127.371696,126.478227,127.369182,128.181250,360.010119,359.672774,356.664726,350.351421,345.062454,342.599106,345.241889,346.142742
2025-10-06 10:00:00,134.691196,132.270190,129.588752,129.847028,128.852540,129.646598,130.365723,128.287879,362.639327,359.844274,357.018726,352.081247,349.069897,351.362696,352.110975,347.422855
2025-10-06 10:15:00,134.098181,131.342142,131.528861,130.465736,131.193959,131.849935,129.711519,129.162870,359.862515,355.599932,350.820725,347.938869,350.197295,350.912604,346.192860,344.364203
2025-10-06 10:30:00,134.204121,134.274041,133.098884,133.719647,134.272548,132.035264,131.391781,130.499095,348.953832,344.191274,340.728917,342.725235,343.326958,338.498262,336.565100,333.742110
2025-10-06 10:45:00,135.010823,133.805598,134.397519,134.922756,132.658937,131.990002,131.072902,130.824710,357.168201,355.351080,356.510935,356.056307,353.603042,351.980431,349.253914,347.993864
2025-10-06 11:00:00,131.475553,132.162564,132.779011,130.602679,130.017661,129.181054,129.010069,127.370490,355.920262,356.997195,356.896095,353.644323,352.526595,350.130827,348.833436,345.597944
2025-10-06 11:15:00,130.982662,131.647262,129.517117,128.976401,128.182288,128.052063,126.451582,124.994668,355.662102,355.923969,352.704394,351.005345,348.059658,346.825602,343.650860,339.537629
2025-10-06 11:30:00,134.798265,132.539526,131.875464,130.963039,130.719330,129.009996,127.448672,128.653716,362.480918,359.540733,358.598865,356.271818,355.078478,351.772797,347.533971,347.102312
2025-10-06 11:45:00,135.202459,134.429721,133.413055,133.069360,131.264120,129.610803,130.727610,130.700484,359.130161,357.681191,355.690908,354.629558,352.437152,348.378040,347.733876,348.827012
2025-10-06 12:00:00,132.462980,131.526578,131.259871,129.528477,127.945993,129.130742,129.168784,127.237195,355.656035,353.017742,351.989621,349.487972,345.345705,345.016273,346.142367,342.532938
2025-10-06 12:15:00,133.303124,132.963916,131.162978,129.513790,130.634556,130.611227,128.620771,127.726613,357.678159,355.805410,353.018312,349.220105,348.673485,350.188387,348.092233,347.924646
2025-10-06 12:30:00,138.015775,136.008668,134.161725,135.092806,134.887534,132.722559,131.661005,131.661462,356.534427,353.720328,349.429496,348.601005,351.188835,347.091512,347.391982,346.264917
2025-10-06 12:45:00,140.519363,138.488335,139.242845,138.868207,136.540779,135.323402,135.174394,135.652371,357.493861,353.853512,353.495417,354.809351,353.294340,353.185685,351.330214,351.652488
2025-10-06 13:00:00,138.088993,138.859800,138.500794,136.188361,134.985366,134.850154,135.341363,134.872497,354.860155,354.504485,356.784538,355.909129,355.068455,354.583569,354.523322,354.599946
2025-10-06 13:15:00,135.775167,135.542048,133.350362,132.263187,132.239069,132.836838,132.470183,135.655101,353.856070,355.600501,353.827182,353.686769,351.512815,352.497227,352.989770,360.371750
2025-10-06 13:30:00,130.160119,128.188072,127.311574,127.489533,128.281134,128.100400,131.463651,134.534828,351.003006,347.992694,346.902820,345.680250,346.265264,347.020799,359.788021,369.656974
2025-10-06 13:45:00,128.369987,127.486064,127.656902,128.441672,128.254387,131.611353,134.676503,138.240439,350.626065,350.770897,348.211343,348.424829,348.961823,359.855580,371.196829,377.825609
2025-10-06 14:00:00,133.230352,133.166763,133.726673,133.323703,136.473788,139.340499,142.714095,143.242948,356.849276,355.969155,356.161098,356.377412,364.016287,375.902605,383.070971,386.177488
2025-10-06 14:15:00,134.405225,134.914593,134.463144,137.566728,140.388835,143.719648,144.207464,148.694522,360.657598,360.698067,360.444763,368.592723,379.634806,386.691282,389.690474,394.325111
2025-10-06 14:30:00,132.371222,132.023569,135.226714,138.144318,141.566731,142.142409,146.713743,146.272901,361.443138,361.722335,369.048976,379.894265,386.991321,390.029437,394.701410,393.199640
2025-10-06 14:45:00,133.470289,136.614392,139.475365,142.843457,143.367031,147.888388,147.399608,148.586147,359.779241,366.968869,378.359317,385.098934,388.174325,392.882051,391.414576,392.042194
2025-10-06 15:00:00,131.604949,134.670360,138.234547,138.946213,143.647985,143.332259,144.684788,144.597799,358.611192,369.350477,375.588896,378.209050,383.167841,381.973692,382.863482,381.049899
2025-10-06 15:15:00,131.056191,134.767874,135.621017,140.458493,140.272931,141.750313,141.783081,138.988606,365.189029,369.531416,373.407745,376.343059,375.558040,376.290624,375.403098,374.291997
2025-10-06 15:30:00,133.145212,134.064576,138.965571,138.840937,140.376759,140.465583,137.724875,139.500626,366.311745,367.899300,372.253574,371.596652,372.925140,371.952459,369.178501,370.473252
2025-10-06 15:45:00,127.291530,132.468937,132.609433,134.399567,134.732323,132.225593,134.225773,132.292257,359.656325,361.463780,361.935183,362.702248,362.089902,361.117862,361.805919,360.613565
2025-10-06 16:00:00,132.011156,132.170335,133.978389,134.328334,131.838090,133.854084,131.935737,129.145179,359.780307,359.997812,360.482067,360.403898,359.320124,359.832283,358.971317,357.216281
2025-10-06 16:15:00,131.054386,132.907983,133.301611,130.853269,132.909454,131.029658,128.276078,126.933980,357.997626,358.927441,358.811490,358.245179,358.192096,357.663309,354.905771,352.533554
2025-10-06 16:30:00,131.307632,131.766572,129.380875,131.497150,129.674991,126.976695,125.687626,125.650944,361.843399,361.439719,360.610911,361.070184,359.962375,356.652588,355.583469,354.970144
2025-10-06 16:45:00,129.196826,126.916002,129.132869,127.407198,124.801452,123.601156,123.649623,125.196693,361.642763,361.320320,361.232430,360.531091,358.684787,356.924067,357.084229,357.555119
2025-10-06 17:00:00,132.200929,134.202115,132.269565,129.465383,128.074749,127.940648,129.312598,129.804705,364.376979,364.321390,364.065883,363.347523,361.090487,360.447356,361.479952,361.172468
2025-10-06 17:15:00,132.098111,130.251426,127.529606,126.217973,126.159647,127.604281,128.166105,128.496879,362.700019,361.368266,360.329288,357.899944,357.840369,358.319903,358.026739,358.325631
2025-10-06 17:30:00,133.373264,130.524039,129.090201,128.914658,130.246859,130.700838,130.928168,132.869336,362.895750,362.621488,361.971528,362.047929,362.000151,362.181885,361.266761,361.961150
2025-10-06 17:45:00,130.595823,129.159055,128.980702,130.310207,130.761601,130.986452,132.925241,134.459122,362.176183,361.539667,361.622736,361.552616,361.369505,361.029059,361.324742,361.478570
2025-10-06 18:00:00,131.392574,131.123070,132.365143,132.732674,132.877084,134.738716,136.198588,136.554294,361.133776,361.151080,361.089356,360.938819,359.955982,360.206088,360.148982,360.398756
2025-10-06 18:15:00,132.936291,134.104367,134.400919,134.477247,136.273575,137.670809,137.966433,138.386917,357.964500,358.365177,357.998234,357.161288,357.519183,357.316915,357.676002,357.097721
2025-10-06 18:30:00,129.585640,130.066604,130.319817,132.285813,133.845789,134.297514,134.867729,134.116021,360.820597,360.612778,359.709109,359.460945,359.162496,359.697278,359.601059,359.170558
2025-10-06 18:45:00,130.363245,130.604352,132.558735,134.107574,134.548615,135.108583,134.347045,134.636341,362.839230,362.453841,362.258377,361.393125,361.761350,361.489348,360.552377,360.547282
2025-10-06 19:00:00,131.137865,133.070475,134.598429,135.019439,135.560192,134.780223,135.051841,134.500828,363.451978,363.701198,362.857503,362.250795,361.755771,361.140633,361.172156,358.967899
2025-10-06 19:15:00,133.315324,134.833286,135.244711,135.776270,134.987484,135.250643,134.691517,133.688952,363.497001,363.261750,362.892915,361.706556,361.092613,361.125280,358.922121,359.344256
2025-10-06 19:30:00,132.714886,133.212764,133.827249,133.118002,133.457456,132.971511,132.039141,132.010012,362.123760,362.201560,361.200570,359.817258,359.389858,357.988788,358.240517,358.075599
2025-10-06 19:45:00,132.217924,132.873008,132.202705,132.579513,132.129397,131.231394,131.235230,130.734258,361.852357,361.260477,359.940485,359.184231,357.561914,358.159198,357.736261,355.786655
2025-10-06 20:00:00,132.477936,131.823756,132.216029,131.780747,130.896972,130.914456,130.426575,128.806124,361.002742,360.384720,360.205262,357.689334,358.273587,357.873332,356.783355,355.146660
2025-10-06 20:15:00,135.929120,136.153850,135.557864,134.519943,134.389571,133.759869,132.003385,127.977658,361.865621,361.738318,360.145845,360.026570,359.793036,358.794749,357.511729,352.137635
2025-10-06 20:30:00,135.499076,134.929811,133.917522,133.811735,133.205615,131.471750,127.467720,124.936660,359.959868,358.060021,358.115504,357.671459,356.063296,354.822253,349.053465,342.024064
2025-10-06 20:45:00,135.261702,134.235868,134.117090,133.498508,131.752689,127.737194,125.195137,124.488613,356.925127,357.334103,356.737536,355.661544,354.451313,349.326817,342.420882,337.877779
2025-10-06 21:00:00,135.760291,135.579299,134.901044,133.097987,129.027590,126.432871,125.675834,124.863047,357.362917,356.996960,355.741985,353.369430,347.629131,340.764014,336.269595,330.554928
2025-10-06 21:15:00,139.324743,138.493633,136.543961,132.332932,129.603320,128.716896,127.780001,125.574731,363.124666,360.768435,358.693795,352.701003,345.971450,341.259079,334.869097,324.214182
2025-10-06 21:30:00,142.425828,140.315681,135.950725,133.073470,132.045427,130.972693,128.637128,130.566348,364.525899,361.504495,355.795935,348.725982,344.031036,337.952987,327.121825,324.324394
2025-10-06 21:45:00,142.273628,137.828768,134.874868,133.773309,132.630060,130.226856,132.091200,130.694343,366.910190,361.034421,354.922348,350.389990,344.135764,333.625965,330.240640,327.492619
2025-10-06 22:00:00,141.239596,138.146499,136.911423,135.640106,133.114060,134.860575,133.350699,134.083741,365.914375,358.132302,354.766069,348.763618,339.423629,336.282949,333.293065,333.486480
2025-10-06 22:15:00,137.798591,136.577713,135.320015,132.807033,134.566077,133.068220,133.812790,131.398035,358.532369,354.964550,350.126336,340.792976,337.946653,334.952691,335.142194,331.553646
2025-10-06 22:30:00,137.262043,135.976417,133.436647,135.169996,133.647492,134.368422,131.930992,126.861586,355.649624,353.075965,345.085471,343.156665,340.137720,340.303258,336.691725,331.722570
2025-10-06 22:45:00,141.052619,138.305686,139.840328,138.127225,138.665334,136.052545,130.814937,127.715021,363.394187,359.113638,357.309787,354.353695,354.249584,350.411913,345.042722,340.978808
2025-10-06 23:00:00,137.656306,139.217449,137.529767,138.092258,135.502856,130.287681,127.209284,126.182138,367.895315,366.845105,364.540170,364.252756,363.314414,358.437469,353.874810,351.349031
2025-10-06 23:15:00,140.130704,138.405751,138.932493,136.308801,131.060735,127.950788,126.893381,124.696022,357.961630,355.763554,354.589931,350.791975,347.032497,342.380478,339.768985,337.963109
2025-10-06 23:30:00,136.569725,137.171397,134.619576,129.440448,126.396626,125.402646,123.266124,123.921956,357.661811,357.368048,352.669153,346.802815,343.553938,340.766877,338.792598,339.173381
2025-10-06 23:45:00,137.574482,135.006211,129.811304,126.752348,125.743850,123.593403,124.235878,124.156116,354.500544,351.554431,345.229250,339.828288,337.125199,335.231465,335.689505,336.296903
2025-10-07 00:00:00,136.067383,130.829169,127.728673,126.680331,124.491666,125.097483,124.982558,125.551146,354.850573,349.511633,343.853413,339.838697,337.760954,338.075002,338.544284,339.252923
2025-10-07 00:15:00,139.877293,136.407538,135.005007,132.476607,132.756554,132.329059,132.597832,132.026126,353.282005,348.819862,344.741609,341.815084,341.866818,342.109978,342.601722,340.811251
2025-10-07 00:30:00,137.909949,136.446103,133.858892,134.082427,133.600822,133.817694,133.196204,132.609565,354.339075,351.434944,348.453972,347.324058,347.376751,347.685802,345.979802,341.271511
2025-10-07 00:45:00,137.661036,135.024243,135.200219,134.672996,134.846113,134.182653,133.555756,133.254499,349.904350,347.552002,346.293578,345.275605,345.526128,343.623283,339.307453,332.876687
2025-10-07 01:00:00,129.884488,130.270221,129.944194,130.310295,129.831944,129.382602,129.251654,128.929074,346.799427,346.778971,346.199605,345.910523,344.281178,339.582288,333.284211,330.584017
2025-10-07 01:15:00,129.214771,128.931817,129.339234,128.900513,128.489183,128.394696,128.107088,127.449654,338.902864,339.393445,340.122514,338.072748,333.341259,327.515935,325.093546,322.976979
2025-10-07 01:30:00,122.604201,123.269851,123.078824,122.905081,123.038484,122.969466,122.521701,125.034523,340.170084,341.339926,340.583916,336.257958,331.025501,328.601816,326.975461,328.135355
2025-10-07 01:45:00,120.123227,120.060615,120.010047,120.261597,120.305906,119.966842,122.583929,123.438552,340.931028,339.703113,335.307254,329.776700,327.806884,326.740912,327.489757,328.813551
2025-10-07 02:00:00,118.096232,118.125831,118.454278,118.572344,118.304028,120.988975,121.908689,120.820735,339.086445,335.070639,330.552635,328.988495,327.503516,328.695500,330.363980,329.794054
2025-10-07 02:15:00,119.319101,119.598849,119.670205,119.357085,121.999056,122.877548,121.750054,121.726127,339.952494,334.802182,332.964025,331.280915,332.645634,333.836502,333.224058,333.504873
2025-10-07 02:30:00,117.758653,117.905108,117.664022,120.375088,121.319855,120.255932,120.292980,119.458101,332.802617,330.575617,328.646464,329.775181,330.872010,329.910102,330.114979,331.677628
2025-10-07 02:45:00,114.753598,114.641127,117.475559,118.538657,117.588237,117.734155,117.003703,117.951941,314.830869,313.168866,313.909328,314.871003,314.144854,314.575868,316.355426,318.273747
2025-10-07 03:00:00,111.938597,114.883321,116.052210,115.203262,115.446513,114.809420,115.847209,119.105448,308.195560,309.973964,311.693967,310.973785,311.718119,312.917981,315.237306,319.487120
2025-10-07 03:15:00,110.014649,111.382230,110.723867,111.149925,110.688178,111.894157,115.313722,114.248149,307.758109,309.747360,309.329662,309.999590,312.315909,314.781592,320.016053,320.728158
2025-10-07 03:30:00,109.198793,108.629537,109.141066,108.761302,110.045917,113.540910,112.547687,113.427021,306.762769,306.976752,308.309530,310.598035,313.312128,319.376038,320.347873,317.660879
2025-10-07 03:45:00,108.081732,108.615616,108.257296,109.562480,113.077203,112.102903,113.000389,111.457040,298.766755,300.617409,304.385195,307.871080,314.392015,315.802223,313.535712,309.151896
2025-10-07 04:00:00,109.414195,109.023284,110.297208,113.781946,112.778885,113.648784,112.078974,110.514746,306.746783,309.919972,314.063003,320.613311,322.051694,319.812208,315.454315,309.661976
2025-10-07 04:15:00,109.501952,110.756342,114.222342,113.201309,114.053968,112.467622,110.887534,110.707719,318.099527,321.182648,327.982416,329.262592,326.871356,322.367905,317.323904,319.130714
2025-10-07 04:30:00,110.749832,114.216099,113.195320,114.048224,112.462112,110.882249,110.702649,111.476192,329.100551,335.113184,336.450232,333.716062,328.883671,323.524155,325.028327,328.776849
2025-10-07 04:45:00,123.628999,122.224074,122.708510,120.768967,118.850096,118.345325,118.806966,118.117009,354.484747,354.378950,350.170072,344.391464,338.511358,339.144967,342.058455,342.055691
2025-10-07 05:00:00,132.094988,132.176586,129.850646,127.561147,126.700873,126.821520,125.804484,126.490530,360.265549,357.783114,351.857508,344.410348,344.414097,346.723430,346.141167,349.281526
2025-10-07 05:15:00,126.450261,124.358015,122.292673,121.647409,121.974290,121.155073,122.030864,121.728619,356.563737,352.109558,344.583073,344.167999,346.372008,345.688719,348.732176,349.097270
2025-10-07 05:30:00,131.082728,128.742947,127.834443,127.908829,126.847420,127.490903,126.965831,129.812720,350.970666,345.482254,344.915436,346.126004,345.339057,347.538256,347.644925,352.328583
2025-10-07 05:45:00,128.227502,127.340034,127.434596,126.392541,127.054587,126.547322,129.411291,131.524680,349.842685,349.287110,350.253061,348.639473,351.129434,351.043513,356.594824,359.014424
2025-10-07 06:00:00,125.162410,125.345842,124.389030,125.132841,124.704004,127.643199,129.828745,130.370078,350.129389,351.714490,351.190138,353.164727,353.222157,358.104662,360.479387,361.061130
2025-10-07 06:15:00,121.363676,120.569378,121.469071,121.189754,124.272368,126.595479,127.268764,129.066041,345.651805,344.963839,348.002809,348.363600,354.054182,357.175559,358.095232,358.854505
2025-10-07 06:30:00,123.143762,123.938393,123.558302,126.544254,128.774648,129.359000,131.070973,127.224429,342.685019,345.600228,345.198609,349.430914,352.685701,355.046736,356.232237,352.832881
2025-10-07 06:45:00,122.741367,122.410126,125.442936,127.718276,128.345738,130.099064,126.292183,130.826708,347.512788,347.760108,352.028613,354.381958,356.847230,358.037166,354.494366,358.406280
2025-10-07 07:00:00,124.305215,127.260685,129.461841,130.018148,131.703222,127.830874,132.302605,130.566521,339.572303,345.449210,348.403070,351.470999,352.269401,349.483898,353.146793,350.346647
2025-10-07 07:15:00,123.965275,126.300919,126.986225,128.795033,125.041370,129.626942,128.000053,124.522074,336.359616,340.612109,343.603953,345.240468,341.595324,346.529064,343.904867,336.275418
2025-10-07 07:30:00,125.976461,126.675008,128.496517,124.755037,129.352294,127.736614,124.269386,124.212985,342.627655,345.831516,346.820566,342.834696,347.751275,344.829217,337.312282,334.162103
2025-10-07 07:45:00,127.587226,129.371507,125.594318,130.157324,128.508790,125.010049,124.923421,123.129849,344.998421,346.613036,341.814673,345.892183,342.683138,335.347806,332.156924,329.645315
2025-10-07 08:00:00,129.269669,125.496636,130.063628,128.418918,124.923845,124.840735,123.050537,121.643983,339.741193,336.070595,340.521193,336.026399,328.530886,325.571247,323.589836,321.008876
2025-10-07 08:15:00,127.045906,131.549671,129.844315,126.291071,126.152164,124.308446,122.850556,122.514277,330.348400,335.778811,330.679940,321.933939,319.158363,317.353504,314.941891,312.139874
2025-10-07 08:30:00,122.800791,121.452481,118.241713,118.431304,116.902679,115.747022,115.700642,113.470062,319.395780,315.850822,307.229410,305.717064,304.532784,302.855335,300.624278,297.201250
2025-10-07 08:45:00,126.499185,123.082457,123.074496,121.356379,120.018965,119.798244,117.400439,117.153554,325.541384,318.901986,316.014352,314.166124,312.468315,310.059125,307.339436,305.057047
2025-10-07 09:00:00,124.241660,124.186390,122.422896,121.041957,120.779488,118.341637,118.056342,118.216942,326.397476,323.773880,322.501810,320.230026,317.257230,313.757791,311.833080,311.574250
2025-10-07 09:15:00,120.146617,118.547988,117.325186,117.214400,114.922043,114.776303,115.070763,113.821026,328.158067,326.947956,325.028707,322.330823,318.813133,316.707072,316.677564,317.722284
2025-10-07 09:30:00,117.987471,116.787544,116.698700,114.427389,114.301836,114.615659,113.384494,113.158648,332.646290,331.865880,329.477508,325.925487,323.786496,323.725402,324.739825,326.666965
2025-10-07 09:45:00,120.479291,120.239784,117.823960,117.559791,117.740655,116.381958,116.033783,119.677246,339.816363,336.582174,333.658419,331.040948,330.599127,331.248362,332.906773,337.117561
2025-10-07 10:00:00,122.322283,119.821470,119.475782,119.578454,118.144755,117.724639,121.299097,122.214937,335.505487,331.548752,329.561322,329.006120,329.546601,330.352449,335.372926,336.192172
2025-10-07 10:15:00,126.672241,126.046969,125.881467,124.190539,123.523692,126.861487,127.550322,129.221559,344.663996,341.563093,340.110403,340.405154,341.483410,346.258025,347.101525,348.749134
2025-10-07 10:30:00,130.209328,129.873958,128.020094,127.196961,130.384848,130.929893,132.463208,131.871017,343.808444,342.341251,342.006960,342.331410,346.679389,347.113664,348.625682,347.263587
2025-10-07 10:45:00,128.667461,126.862834,126.086929,129.320118,129.908615,131.483609,130.931395,131.224323,338.885275,338.527525,338.037087,341.900108,342.313681,344.000178,342.745879,344.569377
2025-10-07 11:00:00,124.000621,123.341525,126.686754,127.382721,129.060797,128.607460,128.995229,129.423031,335.635555,336.262660,339.677223,339.451551,341.152290,339.911653,341.748255,345.412105
2025-10-07 11:15:00,122.476171,125.856716,126.586557,128.297125,127.874954,128.292617,128.749093,128.153784,332.638235,337.000144,336.520559,337.207848,336.146499,338.155072,342.581975,343.457065
2025-10-07 11:30:00,115.964192,117.097752,119.195564,119.144832,119.918776,120.716993,120.449478,120.130413,310.095945,311.683789,312.925204,312.017438,314.262660,319.292848,321.063880,319.736048
2025-10-07 11:45:00,113.387771,115.636989,115.731485,116.644730,117.576562,117.437210,117.241077,114.191814,305.741467,308.973959,309.105853,312.149588,317.394465,318.319159,317.086560,315.242063
2025-10-07 12:00:00,111.854552,112.103412,113.164720,114.238573,114.235447,114.169979,111.246049,111.200686,304.792397,305.297637,308.650075,313.537091,314.897801,314.144051,311.974096,311.660005
2025-10-07 12:15:00,111.605972,112.687581,113.780907,113.796458,113.748906,110.842160,110.813280,110.963642,297.482079,301.701542,307.455533,309.250953,308.784134,305.818329,305.531711,308.743704
2025-10-07 12:30:00,111.847423,112.975037,113.023475,113.007469,110.130982,110.131125,110.309327,109.914596,304.798270,310.582938,312.354533,312.608383,309.780204,308.099005,310.754578,308.955731
2025-10-07 12:45:00,112.759585,112.816816,112.809244,109.940846,109.948749,110.134393,109.746802,111.611998,307.312384,309.662720,310.086332,307.420988,305.895979,308.516214,306.237694,309.737307
2025-10-07 13:00:00,110.532022,110.617694,107.838734,107.932426,108.200357,107.891695,109.832599,111.472026,299.519609,300.413229,297.744677,296.019422,299.998142,298.605203,301.863058,304.003108
2025-10-07 13:15:00,110.390145,107.620472,107.723071,107.999546,107.699079,109.647844,111.294811,113.354791,294.462504,292.705294,290.610147,295.062019,293.973238,297.522837,299.810680,310.617202
2025-10-07 13:30:00,111.673909,111.611084,111.728888,111.276224,113.079004,114.585943,116.511610,120.923173,295.387482,293.367505,296.901478,292.067028,298.308163,300.791682,310.840511,325.994064
2025-10-07 13:45:00,110.518894,110.681270,110.271361,112.115149,113.661424,115.624822,120.072574,123.140211,295.895930,297.292764,295.329976,298.575466,300.703655,311.263244,324.101337,331.549822
2025-10-07 14:00:00,110.400373,110.001927,111.856711,113.413533,115.387047,119.844503,122.921447,126.506882,305.138615,303.112163,305.664502,307.502751,317.948974,330.623354,337.007808,344.470686
2025-10-07 14:15:00,111.710717,113.495765,114.985696,116.895049,121.290963,124.308876,127.837689,131.789254,319.387890,321.471683,322.134963,331.223623,343.387977,349.853107,356.758139,361.397501
2025-10-07 14:30:00,115.164475,116.586305,118.430336,122.763594,125.721409,129.192576,133.088847,134.527030,327.803811,328.270811,337.701967,348.733611,354.910795,360.676390,363.397455,363.741127
2025-10-07 14:45:00,127.541667,128.938604,132.843014,135.389482,138.466090,141.983904,143.059075,141.296448,344.342120,352.657985,360.758795,363.467895,363.774068,366.434740,367.384069,365.623192
2025-10-07 15:00:00,133.335017,137.060006,139.434377,142.345910,145.705387,146.628681,144.720377,143.527228,357.911880,363.887763,366.240221,371.092913,373.262469,373.957368,372.862877,371.205971
2025-10-07 15:15:00,135.929698,138.350196,141.305976,144.707893,145.671896,143.802638,142.646942,138.904262,357.957401,362.034995,362.679341,364.878554,365.797759,364.040495,362.851130,360.540862
2025-10-07 15:30:00,135.005669,138.097941,141.630779,142.720361,140.971557,139.931399,136.299541,136.692189,359.027545,362.679863,363.385253,362.849588,362.865749,362.130414,360.804960,360.924142
2025-10-07 15:45:00,134.760091,138.429149,139.649391,138.025915,137.105971,133.589420,134.092669,132.677004,362.519449,364.151598,363.655335,364.079740,363.860971,362.570357,362.820865,361.386839
2025-10-07 16:00:00,136.140557,137.454198,135.920309,135.086295,131.652169,132.234478,130.894647,127.250604,363.800957,363.957328,364.502944,364.279254,362.983920,363.229901,362.136596,358.843675
2025-10-07 16:15:00,135.840501,134.372468,133.601623,130.228086,130.868513,129.584428,125.993855,125.090270,369.048514,369.633857,369.275931,370.288079,370.327520,368.245536,364.918708,364.603430
2025-10-07 16:30:00,137.565366,136.664217,133.165695,133.686236,132.287158,128.586286,127.576902,126.652798,364.130655,363.624347,365.516631,365.416820,365.763508,364.484223,363.963535,363.081018
2025-10-07 16:45:00,138.649975,135.070413,135.513222,134.039584,130.267194,129.189211,128.199308,129.446637,370.618785,368.340072,368.161366,368.208805,370.027270,369.581895,371.060603,369.973562
2025-10-07 17:00:00,136.368375,136.758213,135.233766,131.412641,130.287912,129.253170,130.457490,131.470116,371.084570,371.083570,369.032987,369.248457,369.579527,370.689947,369.691595,369.134957
2025-10-07 17:15:00,135.081878,133.625844,129.870339,128.808552,127.834184,129.096414,130.164586,129.726453,368.755791,368.668766,370.634749,370.619947,369.630050,370.529383,369.518508,370.374592
2025-10-07 17:30:00,135.240698,131.419290,130.294290,129.259288,130.463358,131.475745,130.984103,133.235157,368.372453,369.504263,369.268152,370.388908,369.400470,369.431301,369.375083,369.359156
2025-10-07 17:45:00,134.768834,133.507137,132.341017,133.419321,134.311073,133.703720,135.843785,137.761542,368.813379,369.347969,369.915844,369.504341,368.788564,370.029900,369.495549,368.694175
2025-10-07 18:00:00,138.109638,136.755688,137.653826,138.372766,137.599653,139.580723,141.345974,141.677625,369.473692,370.083755,370.191053,369.538797,369.843366,370.296861,370.300550,369.829930
2025-10-07 18:15:00,139.679295,140.458120,141.062615,140.179727,142.055503,143.719757,143.954533,143.887305,372.566301,373.582910,373.794312,371.477912,371.777945,371.742913,371.701860,370.793376
2025-10-07 18:30:00,140.023162,140.645408,139.779547,141.671655,143.351574,143.601375,143.548560,142.519892,372.918778,373.151777,371.176454,371.573358,371.336693,371.534611,370.422972,369.211882
2025-10-07 18:45:00,138.999205,138.200527,140.157075,141.898805,142.207894,142.211948,141.237828,141.645369,372.801712,370.789410,371.122914,370.938895,370.911660,369.997531,368.949160,369.467227
2025-10-07 19:00:00,138.541159,140.483806,142.212202,142.508501,142.500287,141.514400,141.910654,140.835118,373.069069,373.489429,373.158430,373.102039,371.884294,370.445820,371.180027,368.834956
2025-10-07 19:15:00,135.981879,137.894001,138.366529,138.527350,137.703601,138.255376,137.329013,135.062712,369.262098,369.087688,369.000721,368.159340,366.941526,367.762105,366.533067,367.120125
2025-10-07 19:30:00,137.937965,138.408699,138.567799,137.742400,138.292591,137.364710,135.096951,133.733533,368.531375,368.775901,368.076257,366.878397,367.687410,366.447277,366.416713,367.177005
2025-10-07 19:45:00,139.218610,139.344657,138.487553,139.007335,138.050284,135.754547,134.364293,131.306316,369.370910,368.633422,367.584077,368.058197,366.070991,366.934063,367.680672,365.908356
2025-10-07 20:00:00,138.933253,138.092938,138.628824,137.687221,135.406301,134.030258,130.985913,129.026326,370.689976,369.277493,370.287563,367.568675,365.543936,366.409691,365.303546,364.407707
2025-10-07 20:15:00,137.567004,138.124354,137.203338,134.942165,133.585064,130.558888,128.616727,127.424869,369.694587,370.668646,368.488556,366.482009,367.334509,366.189742,365.501745,361.446505
2025-10-07 20:30:00,134.355492,133.588285,131.474645,130.259055,127.368615,125.556651,124.489677,121.867387,368.765440,368.547688,368.936998,366.690364,365.842404,363.254754,357.853720,348.596166
2025-10-07 20:45:00,132.498922,130.429739,129.256793,126.407256,124.634525,123.605183,121.018990,121.256949,367.603126,367.053525,364.619744,363.445661,361.023300,355.232220,346.288547,343.074274
2025-10-07 21:00:00,128.098111,127.020320,124.262055,122.576871,121.631503,119.125857,119.441076,118.631554,363.042124,361.534713,356.929433,354.144253,347.697258,338.775690,335.606020,332.727996
2025-10-07 21:15:00,125.349208,122.659142,121.039374,120.156752,117.711291,118.084239,117.330091,119.559970,365.582708,361.430133,358.769962,352.116752,342.700130,339.726870,336.795073,334.225497
2025-10-07 21:30:00,123.547814,121.891779,120.974370,118.495541,118.836484,118.051636,120.252068,120.308815,362.397520,359.977480,352.841910,343.434385,340.101780,337.067469,334.881992,332.926090
2025-10-07 21:45:00,122.549941,121.605672,119.101080,119.417310,118.608759,120.786454,120.821392,119.993151,357.542569,350.740117,341.674933,338.143258,335.214408,332.647661,330.335157,329.487606
2025-10-07 22:00:00,122.658623,120.111060,120.386072,119.537985,121.677758,121.676322,120.813190,120.554744,349.708800,340.676357,338.915846,335.887694,334.063227,332.452556,332.261638,333.024785
2025-10-07 22:15:00,130.441660,130.295075,129.042596,130.794481,130.420986,129.200980,128.600224,125.505295,356.771977,353.250977,349.504692,347.262056,345.042977,343.596841,344.471865,341.759837
2025-10-07 22:30:00,132.202389,130.872072,132.549295,132.104185,130.815487,130.148842,126.990713,124.251070,366.025132,362.223325,358.936041,355.563607,353.577900,353.808529,350.405734,348.021713
2025-10-07 22:45:00,131.569172,133.217946,132.745548,131.430675,130.738924,127.556714,124.793972,123.141832,362.010236,359.350877,356.702962,354.640937,354.893038,351.583509,349.102542,346.133919
2025-10-07 23:00:00,130.494679,130.133419,128.925149,128.335650,125.251518,122.582853,121.020950,119.860554,351.997026,348.298147,345.892252,345.568462,342.278681,339.694668,337.106139,335.505346
2025-10-07 23:15:00,125.942447,124.905212,124.479768,121.552998,119.035271,117.618147,116.596621,115.423335,353.728994,351.690904,351.245863,346.975451,344.545202,341.625227,340.065295,338.294314
2025-10-07 23:30:00,130.198594,129.557124,126.423144,123.706664,122.098898,120.894510,119.545825,120.415409,357.856558,356.990547,353.699156,350.178733,347.011526,345.031326,343.032880,343.497022
2025-10-07 23:45:00,120.822898,118.045367,115.670788,114.390970,113.501147,112.454189,113.613187,112.589732,337.863684,335.131466,331.737328,328.099490,326.819244,325.492188,326.600319,326.379522
2025-10-08 00:00:00,113.459092,111.271681,110.171394,109.453774,108.571991,109.889424,109.017937,109.724698,327.722015,327.985057,326.049241,324.930801,324.889978,325.362191,325.232557,324.774494
2025-10-08 00:15:00,113.053197,111.880205,111.092847,110.144174,111.397445,110.464415,111.112145,112.592937,327.748351,325.995177,325.371301,324.673828,326.385848,326.491826,326.178323,326.055009
2025-10-08 00:30:00,110.589032,109.854368,108.956238,110.257989,109.371461,110.063794,111.587370,112.071022,320.643430,320.395042,319.901462,321.578004,322.015349,322.019690,322.638874,321.983183
2025-10-08 00:45:00,111.351216,110.391998,111.635155,110.692424,111.330849,112.802716,113.236768,112.849498,319.458898,319.154767,321.244077,321.711947,321.745567,322.392834,321.764082,318.904004
2025-10-08 01:00:00,113.898378,114.998438,113.918450,114.425218,115.770802,116.083725,115.580269,115.153740,331.419856,333.154137,333.533937,333.240915,333.574871,332.645593,329.497254,327.250063
2025-10-08 01:15:00,113.841500,112.808727,113.360784,114.749808,115.104398,114.640909,114.252716,113.886102,333.259381,333.411816,333.142876,333.499931,332.592809,329.465722,326.845442,325.429479
2025-10-08 01:30:00,113.277666,113.810585,115.181253,115.518236,115.037857,114.633465,114.251312,117.877146,331.568202,331.303390,331.664406,330.761083,327.637641,325.395259,323.656124,325.680983
2025-10-08 01:45:00,113.905262,115.272065,115.605342,115.121409,114.713607,114.328183,117.950880,118.712153,334.045188,334.200075,333.099036,329.855040,327.430750,325.517131,327.374626,328.495285
2025-10-08 02:00:00,117.967104,118.190395,117.600964,117.091970,116.609484,120.139080,120.811051,118.957218,345.285857,343.646295,340.203672,337.589083,335.937671,337.251541,337.285278,336.822348
2025-10-08 02:15:00,125.380874,124.497996,123.707530,122.955059,126.225689,126.649262,124.557168,124.288536,352.933826,348.719225,345.430215,343.074179,343.749081,344.106628,343.068467,344.075420
2025-10-08 02:30:00,129.408236,128.417380,127.472698,130.558960,130.805691,128.543971,128.112635,127.764592,364.538354,362.406175,358.710283,358.909595,358.432296,356.206347,356.832218,355.560682
2025-10-08 02:45:00,134.042913,132.868649,135.734700,135.770205,133.305881,132.680209,132.145761,133.147832,367.449558,365.261039,364.575399,363.405256,361.772423,361.706165,360.420903,361.014837
2025-10-08 03:00:00,136.041455,138.778022,138.689327,136.105872,135.365931,134.721877,135.618816,136.670408,363.163588,363.067189,362.525361,360.135856,360.327700,358.316589,358.827897,361.025612
2025-10-08 03:15:00,134.943359,135.011159,132.577812,131.981853,131.475905,132.505314,133.683970,131.164808,362.741456,362.309712,360.079579,359.967181,357.960651,359.036364,361.097845,359.187267
2025-10-08 03:30:00,137.653432,135.112252,134.412861,133.807702,134.741949,135.829327,133.222612,132.731677,367.360651,366.606894,366.562671,364.648387,365.341522,366.464151,365.076013,361.872614
2025-10-08 03:45:00,133.102696,132.485316,131.958821,132.968522,134.128274,131.590980,131.166634,130.743079,364.277578,364.379555,363.310583,362.895699,364.518872,362.882966,359.851049,351.360002
2025-10-08 04:00:00,132.486718,131.960166,132.969812,134.129512,131.592167,131.167772,130.744171,130.443164,365.488004,364.085648,364.608451,365.344947,364.817884,360.759922,351.772180,347.333382
2025-10-08 04:15:00,132.026286,133.033233,134.190345,131.650517,131.223741,130.797855,130.494658,131.613217,366.208448,366.380192,367.416195,366.190858,364.918735,356.795097,352.000883,355.788184
2025-10-08 04:30:00,134.263439,135.370345,132.782361,132.309394,131.839202,131.493507,132.571302,134.779877,364.843337,365.146446,364.660613,360.411014,351.549820,347.113894,350.785222,356.713036
2025-10-08 04:45:00,134.681067,132.121213,131.675227,131.230916,130.910045,132.011652,134.243067,135.639947,364.806960,364.279145,359.855464,350.799187,346.092354,349.862611,355.709663,359.051866
2025-10-08 05:00:00,136.014582,135.409706,134.812989,134.345932,135.307318,137.404235,138.672106,141.388610,365.818741,362.717133,355.380908,350.354770,354.125229,359.923096,362.936587,365.969997
2025-10-08 05:15:00,135.175381,134.588227,134.130342,135.100527,137.205883,138.481849,141.206118,140.764920,358.880925,351.530820,346.331290,349.474674,354.768633,357.354914,361.958010,362.528521
2025-10-08 05:30:00,136.125561,135.604937,136.514942,138.562575,139.783174,142.454335,141.962197,142.813013,365.277433,362.304594,363.192004,365.158559,368.286889,374.845889,375.446287,376.731707
2025-10-08 05:45:00,138.265151,139.066592,141.010090,142.130805,144.706157,144.122121,144.884790,144.651759,363.639939,364.888984,367.924616,370.111686,376.506568,377.088432,378.107583,376.660879
2025-10-08 06:00:00,136.701707,138.741718,139.955006,142.619154,142.120290,142.964654,142.809985,142.385669,361.203245,364.054462,366.934293,372.655036,373.288055,374.356274,374.282483,373.844552
2025-10-08 06:15:00,139.058603,140.258958,142.910702,142.399939,143.232891,143.067275,142.632459,143.924714,378.478834,381.836946,387.998730,387.520530,387.886932,386.447286,385.970980,387.705912
2025-10-08 06:30:00,138.514277,141.237222,140.794755,141.693215,141.590434,141.215889,142.565955,140.746715,368.656357,376.183847,376.696411,377.722173,376.435113,377.260148,377.898030,376.553043
2025-10-08 06:45:00,133.945256,133.800378,134.984283,135.155296,135.043373,136.645343,135.067726,134.697751,366.607858,367.670120,368.137489,368.099855,368.295018,369.120327,367.280509,367.103673
2025-10-08 07:00:00,124.985290,126.528943,127.045024,127.264085,129.183532,127.910436,127.832553,122.355818,353.118748,357.270729,357.190745,358.220934,361.393434,359.994166,358.277021,348.753914
2025-10-08 07:15:00,120.601258,121.359251,121.810352,123.952369,122.892759,123.019650,117.739332,115.962468,334.237288,334.825870,336.508082,340.065924,339.273688,338.138802,329.113085,326.837905
2025-10-08 07:30:00,127.639912,127.834696,129.730856,128.435423,128.336115,122.838829,120.853852,120.329130,348.363121,349.613946,353.024814,351.843445,350.327861,340.557135,337.190038,336.802168
2025-10-08 07:45:00,123.973038,126.026795,124.882527,124.928215,119.570007,117.718432,117.321668,115.966891,347.486195,351.060741,349.578173,348.238691,338.629435,335.140729,334.901418,334.792885
2025-10-08 08:00:00,125.353979,124.237170,124.309195,118.976249,117.148906,116.775385,115.442902,116.239908,350.039077,348.999221,347.157880,336.836917,333.325065,333.063553,332.933726,334.645372
2025-10-08 08:15:00,126.935134,126.897054,121.458497,119.529852,119.059163,117.633477,118.341085,116.633130,344.955967,343.650346,333.999087,330.523910,330.321331,330.248031,332.013898,329.896940
2025-10-08 08:30:00,127.565581,122.099741,120.144926,119.649136,118.199373,118.883886,117.153779,116.809192,348.945335,338.780671,335.135467,334.778983,334.475802,335.634157,333.794641,333.365007
2025-10-08 08:45:00,124.750186,122.687205,122.087662,120.538383,121.127439,119.305771,118.873361,118.432416,349.363171,345.577985,344.739708,343.747636,344.771067,341.757413,340.992543,340.385954
2025-10-08 09:00:00,127.532197,126.734928,124.995991,125.403130,123.406969,122.807186,122.205700,123.343997,354.700612,353.539717,352.078270,352.970205,349.547514,348.509552,347.692497,347.121608
2025-10-08 09:15:00,126.359979,124.636344,125.058161,123.076078,122.489799,121.901265,123.051987,121.343425,360.175411,358.984941,359.521664,355.607819,354.395156,353.359049,352.627427,351.736321
2025-10-08 09:30:00,124.393438,124.825168,122.852594,122.275435,121.695650,122.854763,121.154250,120.091200,357.780969,358.448379,354.499967,353.572871,352.652096,352.031098,351.297583,350.559483
2025-10-08 09:45:00,123.831577,121.899552,121.361288,120.818809,122.013706,120.347517,119.317390,119.704388,353.579052,350.155023,348.646840,347.633387,347.061318,346.323255,345.630173,346.170751
2025-10-08 10:00:00,124.617676,123.968483,123.319604,124.412442,122.648359,121.524334,121.821265,119.148857,361.352381,360.051183,358.930155,358.117078,357.147841,356.233020,356.560908,352.036366
2025-10-08 10:15:00,123.069317,122.457133,123.585169,121.854847,120.763206,121.091199,118.448585,119.343828,359.440010,358.304422,357.477379,356.494747,355.567077,355.882641,351.129699,351.118653
2025-10-08 10:30:00,122.887847,123.998306,122.251124,121.143310,121.455791,118.798298,119.679268,116.249931,354.733111,354.068720,352.753871,352.027327,352.486431,347.871170,347.992187,343.715241
2025-10-08 10:45:00,123.698770,121.963813,120.867724,121.191452,118.544747,119.436065,116.016652,115.520794,360.378167,359.323844,358.327408,358.577013,353.925902,353.905652,349.443824,346.882026
2025-10-08 11:00:00,121.380570,120.308284,120.654843,118.030037,118.942360,115.543096,115.066564,113.824431,348.732153,348.100910,348.231865,343.916979,344.167530,340.401844,338.136560,336.091611
2025-10-08 11:15:00,123.664484,123.874074,121.117890,121.904196,118.384058,117.791584,116.438242,117.244215,344.240215,344.921654,340.031425,340.047984,335.967248,333.770991,332.049857,328.802529
2025-10-08 11:30:00,124.644318,121.856699,122.612855,119.063796,118.443582,117.063631,117.844082,120.241939,350.156763,345.539740,345.678358,341.256102,339.117602,336.963806,333.020118,333.083058
2025-10-08 11:45:00,121.647970,122.412644,118.871755,118.259379,116.886945,117.674607,120.079381,120.424818,349.483130,349.434800,344.890524,342.206568,339.906601,335.820994,335.747807,336.916007
2025-10-08 12:00:00,123.248952,119.673933,119.028819,117.624984,118.382526,120.758410,121.076136,122.242745,349.814124,345.343292,342.618584,339.851114,335.634348,335.490962,336.591828,334.181644
2025-10-08 12:15:00,122.907590,122.130509,120.600093,121.236219,123.495641,123.701659,124.761120,126.428937,352.400540,349.523625,346.898964,341.889120,341.625612,342.508847,340.383857,346.090454
2025-10-08 12:30:00,121.746197,120.231464,120.882634,123.156487,123.376346,124.449083,126.129635,128.028643,348.130963,345.559139,340.516208,340.157625,341.087489,339.164666,344.914163,346.934535
2025-10-08 12:45:00,120.163719,120.817654,123.094158,123.316561,124.391738,126.074630,127.975882,128.645960,336.655533,332.416268,332.047892,333.023163,331.034203,334.849248,337.284012,337.973159
2025-10-08 13:00:00,119.724501,122.045617,122.310812,123.427033,125.149296,127.088312,127.794612,128.337179,330.552602,330.571241,330.936356,328.792343,333.142586,335.608155,336.601929,338.924478
2025-10-08 13:15:00,121.851986,122.125083,123.248884,124.978417,126.924406,127.637395,128.186378,130.924047,335.366684,336.628604,333.560651,337.039974,339.382469,340.010675,342.467507,353.692394
2025-10-08 13:30:00,120.025228,121.234726,123.046457,125.071291,125.859907,126.481430,129.288679,134.753016,336.595766,336.428214,341.528093,343.638406,344.181923,346.616467,357.113456,366.212587
2025-10-08 13:45:00,126.113381,127.726012,129.559871,130.165305,130.611122,133.249836,138.552516,140.284953,350.097450,354.225689,355.233590,354.638426,356.231820,364.460934,372.070497,376.203289
2025-10-08 14:00:00,125.605612,127.526006,128.214443,128.739877,131.454957,136.830887,138.633584,139.300459,356.978825,358.791527,359.217071,360.496794,368.687581,376.569608,379.811913,381.428215
2025-10-08 14:15:00,119.833787,120.836148,121.662694,124.666598,130.319564,132.387992,133.309753,136.307221,362.722144,363.115805,364.749012,371.695512,377.073267,380.894468,383.081535,384.711314
2025-10-08 14:30:00,116.505038,117.508338,120.681783,126.497372,128.721786,129.793167,132.934149,132.516138,360.197652,362.527264,372.123483,376.748090,377.680501,377.958113,380.007999,378.855840
2025-10-08 14:45:00,120.282194,123.342437,129.049443,131.169705,132.141185,135.186343,134.676419,134.900894,362.582717,373.425645,375.471258,378.218717,380.189819,383.010610,381.717336,381.849572
2025-10-08 15:00:00,126.065085,131.660979,133.674663,134.543915,137.491015,136.887036,137.021295,137.413975,374.070665,377.407663,381.852619,382.502329,385.126201,383.572537,383.455011,382.471041
2025-10-08 15:15:00,128.196849,130.351906,131.356762,134.433932,133.954714,134.208642,134.716109,132.286339,374.452188,374.485599,376.238226,378.790905,377.563375,377.758672,377.139661,375.140174
2025-10-08 15:30:00,137.180952,137.907110,140.716957,139.981326,139.989305,140.260859,137.604806,137.302817,376.113340,378.185923,381.153919,379.870657,379.973086,379.053954,376.658068,375.966258
2025-10-08 15:45:00,133.050745,136.058783,135.513254,135.703577,136.150035,133.661746,133.520676,132.824445,371.059309,373.902513,372.621485,372.765467,371.886192,369.874837,368.873398,367.793426
2025-10-08 16:00:00,136.373381,135.815013,135.993021,136.427666,133.928047,133.776110,133.069455,129.128714,376.004897,374.757954,374.934630,374.297757,371.989376,371.545733,370.231723,370.495857
2025-10-08 16:15:00,135.715019,135.897108,136.335667,133.839803,133.691466,132.988266,129.050838,127.355753,372.510691,372.703252,372.081616,370.382608,370.095178,370.222179,368.984605,369.747628
2025-10-08 16:30:00,139.945177,140.218533,137.564207,137.263875,136.414883,132.337613,130.508393,129.163369,376.198939,375.290159,372.925195,372.099221,372.057770,372.209155,371.388906,370.693609
2025-10-08 16:45:00,138.339965,135.762304,135.535509,134.757052,130.747439,128.983115,127.700339,127.041706,377.348121,374.944158,374.244600,373.701864,373.057062,373.430415,373.156809,372.362850
2025-10-08 17:00:00,139.510252,139.130501,138.205331,134.054992,132.155685,130.743434,129.960611,130.951730,377.947009,376.763013,375.305149,372.832488,373.214256,373.996801,374.492897,374.364971
2025-10-08 17:15:00,141.180347,140.171521,135.940941,133.964667,132.478592,131.624956,132.548152,130.784229,378.626267,376.866949,373.623998,373.751421,374.131257,373.173103,373.657952,371.670638
2025-10-08 17:30:00,139.826545,135.610044,133.647274,132.174151,131.332940,132.268053,130.515561,132.084217,376.829352,372.443940,371.773255,372.123683,371.880150,371.641874,371.371202,371.462989
2025-10-08 17:45:00,141.358879,139.161496,137.463335,136.406269,137.134337,135.183249,136.561414,137.688387,375.358908,372.734584,372.202747,371.573076,371.211347,372.156729,371.954143,371.877229
2025-10-08 18:00:00,140.767071,139.003385,137.883469,138.551252,136.542339,137.865039,138.938810,137.742777,377.525006,375.216359,374.101370,373.406842,371.005846,372.280341,371.755875,371.068276
2025-10-08 18:15:00,142.416943,141.157718,141.691877,139.554794,140.754553,141.710402,140.401259,141.156986,377.900035,376.417789,375.794862,372.470354,372.256687,371.097088,372.221653,372.327379
2025-10-08 18:30:00,138.602906,139.241328,137.204253,138.499939,139.547800,138.326914,139.167296,139.491203,373.988654,373.398898,371.368306,370.149549,371.491021,371.152819,371.248529,371.379096
2025-10-08 18:45:00,140.375202,138.291852,139.543153,140.548440,139.286717,140.087929,140.374264,140.927953,376.482456,372.886857,372.072815,371.341995,370.863176,370.564188,370.942483,371.334623
2025-10-08 19:00:00,138.619223,139.857164,140.849635,139.575621,140.365043,140.640068,141.182909,140.368588,374.625871,373.590747,372.243991,370.825420,371.092481,371.415893,371.675694,370.337289
2025-10-08 19:15:00,138.256534,139.314328,138.102970,138.952492,139.285165,139.883300,139.122016,137.642724,374.968882,373.854657,372.355553,371.532298,371.812159,372.310483,371.040238,370.772001
2025-10-08 19:30:00,140.248318,138.998843,139.811804,140.109408,140.673905,139.880356,138.370116,138.309507,375.115370,374.245968,374.166855,373.137972,373.656248,372.405142,372.215679,371.661423
2025-10-08 19:45:00,136.790925,137.693992,138.078024,138.725424,138.011393,136.577427,136.589979,135.023640,373.886622,374.377633,373.879400,374.373432,372.354876,371.800330,371.500694,369.520268
2025-10-08 20:00:00,136.005727,136.458659,137.172145,136.521505,135.148342,135.219215,133.708819,132.210646,375.708406,375.631393,376.075595,373.522826,372.666656,372.370476,370.107758,369.823079
2025-10-08 20:15:00,136.348368,137.066356,136.420033,135.051010,135.125856,133.619270,132.124751,129.922075,373.094357,373.351886,371.855030,370.357556,369.820552,368.707673,369.064786,365.194399
2025-10-08 20:30:00,135.721816,135.130365,133.813974,133.939304,132.481142,131.033071,128.874946,126.173607,372.644510,371.869761,371.461583,370.432936,369.321476,369.679951,366.826096,360.412648
2025-10-08 20:45:00,137.453480,136.042282,136.076673,134.531284,132.999545,130.761168,127.982851,126.041714,374.774171,373.397579,372.571350,371.159953,370.164672,369.412143,363.934667,356.269022
2025-10-08 21:00:00,138.792914,138.715051,137.061988,135.426970,133.089528,130.216190,128.183908,124.642584,375.179103,374.424952,371.988809,370.525114,369.490686,363.914648,355.820951,346.164011
2025-10-08 21:15:00,135.285784,133.772671,132.271892,130.063211,127.313378,125.399562,121.971868,120.979328,373.930900,371.976949,370.145669,367.368442,361.008479,353.393976,343.645589,332.223138
2025-10-08 21:30:00,133.693271,132.195733,129.990160,127.243308,125.332352,121.907401,120.917492,122.046220,374.702338,373.372312,371.257276,365.565115,358.521900,348.512556,337.278761,331.847367
2025-10-08 21:45:00,131.946554,129.751150,127.014052,125.112452,121.696475,120.715174,121.852159,121.567922,371.287050,369.889329,363.789476,356.128500,345.649759,334.318724,328.193979,324.388680
2025-10-08 22:00:00,130.377830,127.615157,125.689025,122.249518,121.245647,122.360983,122.055981,121.716182,372.311328,368.462682,362.058018,352.373215,341.969566,337.265317,333.710816,330.641612
2025-10-08 22:15:00,129.541044,127.536316,124.021420,122.945237,123.991212,123.619679,123.216065,120.750047,369.662186,367.396783,359.225125,349.638739,344.336202,340.484192,337.546975,333.884491
2025-10-08 22:30:00,125.072207,121.657873,120.678147,121.816644,121.533855,121.215365,118.830997,117.052391,365.103675,356.798022,346.143704,340.039609,336.423683,333.163229,328.839793,327.912304
2025-10-08 22:45:00,125.468543,124.333301,125.322629,124.896759,124.441027,121.925018,120.020144,117.906565,361.557094,349.832992,343.760425,338.847446,335.375893,330.603791,329.478159,328.330584
2025-10-08 23:00:00,127.042835,127.921585,127.389651,126.832182,124.218589,122.220113,120.016752,119.306919,360.883211,355.549515,350.880146,346.980459,341.410681,339.891146,338.045101,337.800595
2025-10-08 23:15:00,125.448815,125.017796,124.557124,122.036377,120.126958,118.009020,117.381124,116.595372,355.109829,350.491550,345.660039,339.124705,337.600739,335.501133,335.013416,335.057773
2025-10-08 23:30:00,119.297011,119.069807,116.773001,115.078383,113.166480,112.736211,112.140020,111.909040,353.473612,349.293618,342.791171,339.984671,337.857365,337.375586,337.425638,339.317353
2025-10-08 23:45:00,115.117198,112.981700,111.441807,109.678315,109.390399,108.930754,108.830745,109.377560,329.471685,324.738638,323.227703,321.852271,322.152130,322.039185,323.910354,327.810669
2025-10-09 00:00:00,114.213509,112.623345,110.811634,110.477467,109.973457,109.830895,110.336894,113.869094,322.168833,321.428082,319.898995,319.890298,320.855215,323.336197,325.736009,331.059784
2025-10-09 00:15:00,114.307176,112.426746,112.026666,111.459433,111.256227,111.704057,115.180462,116.498540,322.589781,321.582621,322.142765,323.192220,326.042552,329.581529,333.960258,335.290784
2025-10-09 00:30:00,112.474834,112.072791,111.503675,111.298664,111.744762,115.219506,116.535990,116.657834,322.777099,323.479971,324.999399,327.981046,331.948756,336.888963,338.006574,336.825384
2025-10-09 00:45:00,112.997108,112.390270,112.149077,112.560469,116.001924,117.286477,117.377693,118.615938,320.851314,322.108345,324.669550,328.990544,334.613615,335.706538,334.667240,333.534649
2025-10-09 01:00:00,113.028571,112.761328,113.147734,116.565222,117.826786,117.895952,119.113047,118.806647,312.647602,316.103004,320.521230,326.629512,328.460121,327.351155,326.548183,325.978824
2025-10-09 01:15:00,111.929205,112.349570,115.799632,117.092440,117.191575,118.437416,118.158589,117.672683,305.346489,311.188920,318.091586,320.259760,319.426816,318.921108,318.636882,319.492598
2025-10-09 01:30:00,111.866317,115.336100,116.647825,116.765106,118.028351,117.766218,117.296325,119.415171,312.885029,319.912714,321.682726,320.762774,320.125841,319.748254,320.514418,321.909685
2025-10-09 01:45:00,112.809269,114.224116,114.440309,115.798431,115.627302,115.244699,117.447273,117.856347,316.822920,319.426708,318.746310,318.334994,318.126047,319.086477,320.668081,322.575727
2025-10-09 02:00:00,113.442034,113.690144,115.078880,114.937116,114.582680,116.812272,117.247261,114.798297,311.821019,311.400126,311.257145,311.301422,312.456973,314.451312,316.862146,313.462477
2025-10-09 02:15:00,113.440621,114.839540,114.707545,114.362477,116.601055,117.044664,114.603968,114.445340,313.020741,312.830623,312.849108,313.995181,316.551501,318.922433,315.677561,314.044038
2025-10-09 02:30:00,113.356075,113.284620,112.997624,115.291902,115.788938,113.399489,113.290016,114.089863,310.265967,310.301364,311.463659,314.035538,316.421395,313.190839,311.571047,313.049412
2025-10-09 02:45:00,113.098614,112.819208,115.120768,115.624788,113.242038,113.138991,113.945002,114.846405,311.266284,313.194328,315.232409,317.297352,314.039527,313.190229,313.846859,316.642875
2025-10-09 03:00:00,113.265199,115.548557,116.035119,113.635624,113.516513,114.307118,115.193742,118.246520,316.066888,317.649625,319.558356,316.443183,315.450163,315.968937,318.340237,327.485659
2025-10-09 03:15:00,113.467283,114.038783,111.720759,111.679795,112.545357,113.503880,116.625622,115.304944,317.377388,319.346867,316.289962,315.352833,315.925217,318.347939,327.830946,329.219675
2025-10-09 03:30:00,113.807564,111.498976,111.467064,112.341307,113.308158,116.437887,115.124870,114.259492,320.836557,317.769895,316.823407,317.386814,319.800925,329.275673,330.656480,327.240115
2025-10-09 03:45:00,112.725464,112.643498,113.469730,114.390529,117.476087,116.120700,115.214681,115.338380,319.238576,318.179569,318.635048,320.945636,330.032824,331.606647,328.098923,323.817329
2025-10-09 04:00:00,113.931667,114.705329,115.575702,118.612892,117.211112,116.260593,116.341607,113.473783,316.008267,316.151257,318.162110,326.010758,327.176479,323.842533,319.664031,313.076983
2025-10-09 04:15:00,113.917624,114.820144,117.888169,116.515965,115.593815,115.702041,112.860318,114.444078,309.608465,311.521522,319.725440,320.783558,316.492913,312.370733,305.629903,307.549164
2025-10-09 04:30:00,116.090381,119.106567,117.684640,116.714795,116.777274,113.891670,115.433340,118.092621,319.837633,328.385403,328.885671,324.113819,319.101800,311.940018,313.741275,322.818322
2025-10-09 04:45:00,124.153689,122.525786,121.358372,121.231343,118.163966,119.531281,122.023324,121.073220,340.537495,341.107449,335.884700,330.156119,323.194384,324.988685,333.339130,336.725377
2025-10-09 05:00:00,124.765068,123.506268,123.291583,120.140126,121.426793,123.841479,122.817175,127.576386,342.355851,337.591185,331.330533,322.894345,324.309813,332.853006,335.890712,344.210854
2025-10-09 05:15:00,128.910455,128.475222,125.112219,126.195972,128.416025,127.205031,131.785171,133.398968,349.976262,343.882917,334.390463,334.469814,342.257760,344.256282,351.568233,351.465005
2025-10-09 05:30:00,126.607782,123.320989,124.477844,126.768014,125.624277,130.268929,131.944604,132.963454,345.309728,337.737232,337.469566,343.462698,345.799288,351.244684,351.553900,351.435492
2025-10-09 05:45:00,126.698081,127.717114,129.875088,128.604550,133.127575,134.686587,135.593535,135.627746,349.072529,349.435557,353.433691,353.472157,359.386391,359.320575,359.163558,358.706841
2025-10-09 06:00:00,127.118628,129.301026,128.053916,132.599412,134.179979,135.107602,135.161645,134.917049,347.084380,353.290865,352.918944,358.039422,358.107183,357.424277,356.655781,357.617316
2025-10-09 06:15:00,129.832687,128.563879,133.088564,134.649168,135.557644,135.593320,135.331107,135.674582,348.464771,350.184582,354.623064,354.349977,353.548457,353.220394,354.070521,355.380074
2025-10-09 06:30:00,126.735075,131.334395,132.966587,133.943730,134.045271,133.846234,134.250308,133.156620,346.552047,351.450058,351.114960,350.648281,350.236653,351.275444,351.927038,350.814120
2025-10-09 06:45:00,128.043542,129.810037,130.916000,131.141104,131.060588,131.578345,130.593701,131.435095,347.450473,347.886519,347.477071,346.941057,347.961881,349.647237,348.024578,348.559694
2025-10-09 07:00:00,128.145151,129.319059,129.609335,129.591332,130.169050,129.241920,130.138481,129.798304,347.199264,346.832227,345.763305,346.836203,348.308129,347.029394,347.531764,345.920802
2025-10-09 07:15:00,129.210436,129.505145,129.491394,130.073191,129.149973,130.050286,129.713708,126.947320,349.830429,349.109517,349.991759,350.914698,349.630940,350.446715,348.186038,341.071505
2025-10-09 07:30:00,133.644850,133.462155,133.881903,132.803250,133.554471,133.074885,130.171325,130.095649,353.600722,353.667315,355.005021,353.580018,353.394440,352.001857,346.122673,343.615523
2025-10-09 07:45:00,132.730384,133.179995,132.129987,132.908684,132.455454,129.577173,129.525744,127.481296,354.619856,355.313525,354.263495,354.938596,353.483525,348.517329,345.913757,343.321505
2025-10-09 08:00:00,133.924500,132.844108,133.593662,133.112477,130.207383,130.130235,128.061117,126.819321,353.199355,351.882351,351.966457,349.348854,341.820648,339.106630,336.398175,333.493190
2025-10-09 08:15:00,129.838333,130.710554,130.347030,127.554795,127.585900,125.620619,124.478421,123.903220,352.287464,352.981305,350.087219,341.159085,338.519879,335.457275,332.546636,331.527068
2025-10-09 08:30:00,128.486434,128.213677,125.508506,125.623122,123.737942,122.672577,122.171073,120.890481,350.279780,348.251139,339.602001,335.138574,332.121580,329.137248,328.198131,325.106988
2025-10-09 08:45:00,125.050610,122.474526,122.712960,120.946545,119.995099,119.602864,118.427082,116.850069,347.515983,340.762512,336.694702,332.735810,329.802208,328.330451,325.285982,321.026222
2025-10-09 09:00:00,131.090416,130.977230,128.873547,127.598595,126.896058,125.422636,123.560131,124.787898,352.412396,349.141245,344.502325,340.372217,338.452243,335.422333,330.791653,330.628245
2025-10-09 09:15:00,128.648361,126.639719,125.455932,124.840838,123.451291,121.669237,122.974173,123.613556,347.304683,344.093152,339.735566,336.453773,333.438359,328.821583,328.671512,330.788302
2025-10-09 09:30:00,135.117687,133.587909,132.640944,130.933071,128.845682,129.857743,130.216204,130.728326,349.273995,345.658463,342.206131,337.542381,332.352289,331.967422,333.858997,336.096747
2025-10-09 09:45:00,132.289775,131.395788,129.738730,127.700082,128.758896,129.162202,129.717339,127.508880,350.030616,347.753400,342.609869,336.529880,335.966378,337.748322,339.546927,336.863164
2025-10-09 10:00:00,124.125008,122.764675,121.010642,122.342456,123.007620,123.813929,121.846391,119.631485,335.656712,332.305844,326.636168,326.047947,328.040873,329.982520,327.560378,325.468428
2025-10-09 10:15:00,121.530218,119.826564,121.206700,121.918215,122.768983,120.844090,118.670088,119.767358,336.129450,331.384716,331.111908,332.801952,334.749483,332.332985,330.246450,328.873990
2025-10-09 10:30:00,114.162888,115.774162,116.707382,117.770807,116.049892,114.071544,115.356483,115.291886,326.287997,326.289393,328.063239,330.263050,328.088538,326.234112,325.084288,323.365868
2025-10-09 10:45:00,113.099172,114.141560,115.309697,113.689222,111.807214,113.184562,113.208602,113.046853,324.592098,327.260752,329.850549,328.050106,326.554484,325.748821,324.360516,321.561209
2025-10-09 11:00:00,110.555390,111.869881,110.389786,108.642430,110.148934,110.296861,110.253941,111.287618,326.967423,329.143265,327.924460,327.188608,326.796326,326.225778,323.965437,324.451791
2025-10-09 11:15:00,108.671914,107.322330,105.700159,107.326739,107.589840,107.657396,108.797038,108.641525,319.446471,318.626897,318.072113,318.168893,317.646202,315.290170,315.295382,310.954131
2025-10-09 11:30:00,110.422775,108.674073,110.179286,110.325973,110.281866,111.314402,111.056154,111.927311,322.408219,321.771908,322.123558,321.525858,319.097877,319.034078,316.031774,313.081955
2025-10-09 11:45:00,108.581701,110.090683,110.240987,110.200347,111.236211,110.981154,111.855372,111.962660,321.066179,321.312163,321.265657,319.046899,319.183784,316.173804,313.408624,311.611079
2025-10-09 12:00:00,110.561401,110.692494,110.633428,111.651618,111.379607,112.237564,112.329255,111.674445,326.666164,326.104222,324.043611,324.012711,320.841794,317.922245,315.976631,310.625364
2025-10-09 12:15:00,110.144707,110.107996,111.147629,110.896187,111.773873,111.884486,111.247828,111.748455,322.655841,320.571481,321.584747,318.118021,315.471446,313.787667,308.199820,311.003677
2025-10-09 12:30:00,110.585717,111.605853,111.335711,112.195459,112.288868,111.635707,112.120504,112.396164,329.328968,329.230024,326.160910,323.178757,321.173095,315.764230,317.723935,318.389028
2025-10-09 12:45:00,112.144668,111.852536,112.691193,112.764370,112.091804,112.557987,112.815793,113.997036,330.277467,326.318394,323.199567,321.062807,315.528194,317.551695,318.658053,321.309992
2025-10-09 13:00:00,110.035357,110.948174,111.092485,110.488149,111.019779,111.340359,112.581816,113.722169,328.805315,325.559922,323.301763,318.008321,319.134875,320.134097,322.683273,325.580397
2025-10-09 13:15:00,110.926954,111.072131,110.468626,111.001052,111.322397,112.564587,113.705643,115.252072,332.306244,329.685622,323.871944,323.577256,324.205456,326.398753,328.954521,341.007457
2025-10-09 13:30:00,115.207402,114.435134,114.805686,114.971761,116.065019,117.063220,118.472624,124.042031,332.618695,327.130554,329.208431,329.473942,330.491373,333.008550,344.973228,364.073511
2025-10-09 13:45:00,120.273553,120.405836,120.343366,121.217405,122.005335,123.213049,128.588996,132.741599,345.568531,346.295942,344.895221,346.178267,347.702350,359.585567,367.323129,371.957301
2025-10-09 14:00:00,130.282122,129.816596,130.304028,130.721127,131.573145,136.607912,140.433259,140.951146,356.265398,353.686078,353.549444,354.062991,361.360061,374.082322,381.639438,383.789185
2025-10-09 14:15:00,137.893116,138.050940,138.151884,138.700648,143.444538,146.990878,147.241146,150.002668,356.530342,356.404528,356.385206,365.162055,380.473700,387.743179,389.617028,392.303267
2025-10-09 14:30:00,136.894502,137.042641,137.636675,142.423986,146.011975,146.302192,149.102034,148.225364,358.772789,358.971056,367.205279,382.644383,389.796461,391.557699,394.135924,391.671860
2025-10-09 14:45:00,138.141151,138.690354,143.434664,146.981407,147.232061,149.993954,149.080885,148.579500,362.639160,370.121735,386.426437,392.853034,394.483499,396.936287,394.351906,391.934820
2025-10-09 15:00:00,138.854331,143.591948,147.132273,147.376770,150.132757,149.214023,148.707205,147.960324,367.267912,382.671906,389.415236,390.894499,393.582383,391.223502,389.022715,386.675345
2025-10-09 15:15:00,137.054966,140.862068,141.362456,144.363891,143.680587,143.399592,142.869317,140.603624,363.485219,369.666256,371.704267,375.007483,373.322543,371.768193,370.610942,368.302212
2025-10-09 15:30:00,138.544138,139.139122,142.231292,141.635021,141.437507,140.987306,138.798419,139.023858,364.576647,367.170729,370.609832,368.584318,367.404433,366.036302,364.146646,364.162911
2025-10-09 15:45:00,135.858514,139.084568,138.616717,138.542381,138.210332,136.134774,136.468919,136.052227,362.926745,366.374416,364.553631,362.878294,361.868767,360.455878,360.577196,360.229108
2025-10-09 16:00:00,138.049514,137.623904,137.590085,137.296900,135.258620,135.628521,135.246126,131.302117,363.594305,362.748464,362.045329,361.049343,360.330895,360.441811,359.889195,358.597906
2025-10-09 16:15:00,144.554671,144.238003,143.673513,141.375000,141.495288,140.873467,136.699804,132.491540,365.487460,364.703026,363.033794,360.417582,360.590778,359.834199,358.397068,356.026108
2025-10-09 16:30:00,144.191741,143.629138,141.332436,141.454461,140.834307,136.662241,132.455511,130.182879,368.868393,367.479940,364.778490,363.563664,362.497071,358.720336,355.878982,353.501505
2025-10-09 16:45:00,143.199634,140.920461,141.059299,140.455271,136.298674,132.106782,129.848381,129.841737,368.922869,367.025887,366.416295,364.805866,361.219032,359.584201,358.778768,358.441328
2025-10-09 17:00:00,143.294670,143.336615,142.639649,138.393907,134.116506,131.776088,131.690773,132.453762,370.990135,370.743390,369.455288,363.918040,360.462832,360.180992,360.632695,360.429215
2025-10-09 17:15:00,142.526785,141.862868,137.648827,133.401833,131.090581,131.033242,131.823065,132.286733,369.451207,368.145819,362.959630,359.681672,358.913510,359.376250,359.566221,358.193065
2025-10-09 17:30:00,143.558941,139.275682,134.962296,132.587361,132.468937,133.200169,133.607636,133.693016,372.184785,367.853726,363.649923,361.783427,362.107806,362.165062,362.834779,360.745337
2025-10-09 17:45:00,143.083950,138.615147,136.091136,135.829722,136.423798,136.699707,136.658898,140.293350,370.125625,364.517980,362.139982,362.338305,362.274648,360.883899,361.842344,361.214859
2025-10-09 18:00:00,142.200195,139.529877,139.128125,139.587592,139.734385,139.569729,143.085389,142.364855,372.404713,368.441107,368.365923,367.729273,366.070682,363.498482,361.925263,361.015641
2025-10-09 18:15:00,144.154864,143.564364,143.842785,143.815922,143.484696,146.840584,145.966798,143.846432,372.286928,373.646366,372.735788,369.922987,366.663709,363.404181,362.193525,361.319826
2025-10-09 18:30:00,144.469070,144.710570,144.648292,144.283096,147.606401,146.701362,144.551018,144.053112,370.955483,370.499471,368.300415,364.904001,361.606654,361.060021,360.920019,360.461907
2025-10-09 18:45:00,143.084911,143.088977,142.787418,146.171762,145.325272,143.231086,142.787047,142.365849,374.667675,372.783295,369.343495,364.652787,363.549118,362.491675,362.257207,362.361291
2025-10-09 19:00:00,145.087330,144.704217,148.010336,147.088812,144.922656,144.409583,143.922168,143.514772,378.327055,376.331318,371.017152,367.507764,365.685338,365.082057,364.652935,362.156397
2025-10-09 19:15:00,145.482543,148.756898,147.804906,145.609526,145.068421,144.554119,144.120933,142.626436,377.514719,373.880131,370.804636,366.454460,364.448148,364.569294,364.023249,363.478398
2025-10-09 19:30:00,148.408713,147.470931,145.289180,144.761149,144.259387,143.838229,142.355269,142.742905,381.207022,379.087125,374.869904,372.078424,371.966588,370.784731,369.169734,369.218235
2025-10-09 19:45:00,145.748404,143.636950,143.176347,142.739261,142.380141,140.956686,141.401399,139.821371,383.782781,380.441418,377.725111,377.468471,375.987121,374.495166,375.043595,373.042474
2025-10-09 20:00:00,146.892279,146.298825,145.734309,145.252958,143.712263,144.044519,142.356624,138.992642,383.904951,382.463371,382.131237,379.981291,378.271141,378.659409,376.079036,373.180088
2025-10-09 20:15:00,147.339043,146.732075,146.210006,144.630252,144.925045,143.201215,139.802765,137.624563,386.066213,385.447021,383.782779,381.766479,381.954754,379.426923,376.387395,373.872182
2025-10-09 20:30:00,147.202267,146.661008,145.062849,145.339987,143.599223,140.184531,137.990748,136.045020,377.039150,375.475454,373.535743,372.533175,370.284622,366.828416,364.953089,361.630944
2025-10-09 20:45:00,145.852710,144.287538,144.596317,142.885903,139.500321,137.334462,135.415517,134.212656,374.326859,373.642400,373.659256,369.998070,366.934960,364.591534,361.135581,359.305279
2025-10-09 21:00:00,146.343439,146.568316,144.777423,141.314647,139.074744,137.084777,135.813793,134.445522,375.785602,375.868826,374.666798,370.282852,367.566381,362.054665,359.238124,354.357148
2025-10-09 21:15:00,147.293056,145.472586,141.981441,139.714326,137.698257,136.402236,135.009951,134.301942,377.200004,374.309359,372.362004,369.179301,363.455176,359.759895,355.480287,345.518379
2025-10-09 21:30:00,151.830744,148.080119,145.564113,143.309312,141.784301,140.172370,139.253680,137.457832,377.006825,374.872736,372.636075,365.957673,361.477853,357.013779,347.000183,338.964773
2025-10-09 21:45:00,152.289487,149.601695,147.182117,145.499055,143.735523,142.671419,140.736091,138.043382,375.018852,373.667308,367.817577,362.265316,357.186902,347.271686,339.807617,335.067686
2025-10-09 22:00:00,149.281797,146.875275,145.204735,143.453215,142.400632,140.476355,137.794246,136.524535,370.589963,364.381137,359.542269,353.958920,344.655424,337.498900,333.047986,330.071710
2025-10-09 22:15:00,135.689603,134.475557,133.161900,132.529311,131.007888,128.712193,127.813125,125.850082,351.575440,346.688211,339.958274,328.246880,320.227724,316.199489,313.445516,309.413456
2025-10-09 22:30:00,128.508552,127.438411,127.039401,125.742024,123.661232,122.968297,121.202974,118.911697,331.767888,325.383092,314.992641,308.829392,305.168002,303.831217,300.283021,297.303230
2025-10-09 22:45:00,128.396123,127.958028,126.623161,124.506409,123.778982,121.980575,119.657563,119.247033,335.331715,324.196149,316.908511,311.870016,309.188953,305.998591,303.655125,301.765853
2025-10-09 23:00:00,127.733629,126.407920,124.299952,123.580950,121.790625,119.475366,119.072271,118.155258,336.832598,328.942696,323.614563,319.407940,315.217410,311.541390,308.964934,308.351608
2025-10-09 23:15:00,122.086752,120.155133,119.605284,117.977208,115.817576,115.563757,114.789929,114.202128,325.875618,321.978216,319.656641,315.491429,313.214419,311.402364,310.424517,311.570087
2025-10-09 23:30:00,112.796830,112.547277,111.207242,109.323896,109.335088,108.815455,108.471475,109.600974,319.722536,317.998509,314.692147,311.667824,309.716468,309.479714,310.565240,313.570922
2025-10-09 23:45:00,109.123903,107.923577,106.174240,106.313971,105.917631,105.691913,106.934847,107.842234,317.975996,314.552226,311.928987,309.753880,309.274429,310.898055,313.648984,316.743683
2025-10-10 00:00:00,104.995124,103.365298,103.619664,103.333280,103.213031,104.557130,105.561553,108.414427,309.710000,307.161605,305.666753,305.474399,307.373405,310.781950,314.130011,318.692532
2025-10-10 00:15:00,110.521482,110.483800,109.917287,109.528341,110.614709,111.371919,113.987669,115.055303,319.441352,317.755170,317.793691,319.516663,322.756360,325.548987,330.349634,333.256095
2025-10-10 00:30:00,109.090392,108.580745,108.246344,109.385030,110.192424,112.856310,113.970115,116.727609,317.505969,317.265816,319.533371,322.897939,326.203817,330.725877,333.811632,338.522956
2025-10-10 00:45:00,109.488309,109.116870,110.220030,110.993347,113.624546,114.707000,117.434421,119.183212,324.120276,325.813689,329.439430,332.339541,337.114102,340.064636,344.043714,343.876921
2025-10-10 01:00:00,109.866417,110.938987,111.682963,114.286019,115.341477,118.043005,119.766960,121.252833,319.577838,323.021458,327.107019,331.701810,334.857327,339.490997,339.512798,340.334663
2025-10-10 01:15:00,108.737777,109.571585,112.260808,113.398916,116.179721,117.979717,119.538528,118.660632,312.679281,317.253156,322.639469,326.176789,330.783205,331.156282,332.396522,331.725079
2025-10-10 01:30:00,113.716632,116.236693,117.212543,119.837711,121.488423,122.904042,121.888798,123.950501,327.192446,332.110689,335.199040,339.639092,339.436107,340.817529,339.766042,341.715728
2025-10-10 01:45:00,110.202511,111.424619,114.285996,116.163276,117.796218,116.989426,119.251075,121.297643,328.905409,331.640821,336.307097,336.207597,336.847176,335.740942,338.413785,342.992969
2025-10-10 02:00:00,115.130771,117.840898,119.573101,121.066885,120.126616,122.260235,124.183997,122.446664,338.675699,342.753470,342.368989,342.869979,341.888563,344.454308,349.179274,348.852406
2025-10-10 02:15:00,127.588751,128.923139,130.035344,128.729067,130.511614,132.098634,130.038300,129.823825,354.684126,353.709558,354.031555,352.120219,354.769642,358.995110,358.189129,358.357433
2025-10-10 02:30:00,136.900438,137.687084,136.068536,137.551556,138.851272,136.515358,136.036552,136.689859,360.886592,360.618298,359.818910,360.247091,361.424829,361.192090,361.567446,361.744266
2025-10-10 02:45:00,137.945474,136.316380,137.789286,139.079299,136.734080,136.246347,136.891093,137.250926,364.569485,362.489271,364.115548,364.904896,363.815969,364.094949,364.199284,364.965114
2025-10-10 03:00:00,138.902192,140.269568,141.458361,139.016051,138.435189,138.990607,139.264758,139.941220,360.830798,361.471331,364.254009,362.563643,362.122060,362.713194,363.369247,365.735896
2025-10-10 03:15:00,138.806653,140.055148,137.670104,137.144171,137.752276,138.076964,138.801901,137.002774,359.799969,362.141345,360.233991,359.728501,360.447972,360.861789,363.257460,361.412643
2025-10-10 03:30:00,139.503939,137.141390,136.637035,137.265837,137.610376,138.354355,136.573493,133.897274,359.115913,358.342482,357.672811,358.943458,359.099248,360.175829,359.471704,354.329331
2025-10-10 03:45:00,139.151561,138.565169,139.115283,139.384345,140.055927,138.205623,135.462796,132.349778,359.237730,359.051492,359.398018,359.313713,360.868675,359.250968,354.190302,343.262876
2025-10-10 04:00:00,137.625754,138.214205,138.520042,139.226896,137.410425,134.700051,131.618161,128.836531,358.116355,358.685542,358.676843,360.324409,358.396850,352.630161,342.423019,328.276984
2025-10-10 04:15:00,135.410532,135.830788,136.647392,134.936193,132.326793,129.341757,126.653029,127.860128,357.445195,357.620517,358.353122,356.384893,350.593172,340.438702,326.609315,323.937465
2025-10-10 04:30:00,130.577354,131.608353,130.102800,127.690653,124.894821,122.387574,123.768749,124.967705,347.708311,350.513648,348.623621,341.483019,329.192258,315.340335,313.115646,315.854161
2025-10-10 04:45:00,125.872677,124.601200,122.413576,119.833104,117.532429,119.111745,120.500756,120.744823,341.480694,340.464255,332.568293,320.309241,308.043793,305.610812,309.171792,307.879207
2025-10-10 05:00:00,126.417669,124.155914,121.504336,119.135457,120.649353,121.975613,122.159491,122.957567,339.675209,331.870072,320.224571,307.879406,305.526577,309.164438,307.945596,311.377154
2025-10-10 05:15:00,113.217724,111.012540,109.071837,110.996434,112.716635,113.278377,114.438896,111.620627,319.747385,309.152655,296.711159,294.940145,298.932973,298.059054,302.004060,296.829244
2025-10-10 05:30:00,108.396631,106.562685,108.589682,110.408103,111.064058,112.314945,109.583355,110.120460,312.513207,299.641895,297.460264,302.548140,301.872862,306.008404,300.754915,299.827234
2025-10-10 05:45:00,108.727618,110.666263,112.399938,112.974604,114.147521,111.341143,111.806511,111.670253,323.794255,321.430032,325.056963,323.827637,326.960876,321.572182,319.987552,319.084434
2025-10-10 06:00:00,111.943332,113.624889,114.149564,115.274530,112.422158,112.843410,112.664835,111.162904,336.259212,338.687490,337.295364,339.884319,334.221765,332.203520,331.806697,330.916129
2025-10-10 06:15:00,123.718666,123.831409,124.561253,121.329885,121.387608,120.860340,119.023945,118.994638,346.171063,343.917468,345.950603,338.568306,335.849356,334.255096,332.841599,333.928438
2025-10-10 06:30:00,109.114137,110.444601,107.789342,108.399661,108.402438,107.074458,107.532816,107.397802,317.811692,321.231440,314.683576,312.987510,311.911229,311.375262,313.303817,314.403617
2025-10-10 06:45:00,104.032386,101.638812,102.500138,102.743678,101.646635,102.326505,102.403964,103.793400,273.395990,268.148316,268.207570,268.881249,270.023824,274.846965,277.491099,282.074773
2025-10-10 07:00:00,106.313717,106.984257,107.044798,105.772224,106.283726,106.199689,107.434219,108.047347,243.792910,244.352999,245.507073,247.110438,257.544097,260.612178,267.011607,270.485797
2025-10-10 07:15:00,108.738495,108.727444,107.386200,107.831836,107.684619,108.858549,109.413549,108.883945,244.575795,245.851929,246.576993,249.523520,260.328991,268.339372,270.805459,270.633042
2025-10-10 07:30:00,108.832323,107.486799,107.928329,107.777174,108.947327,109.498704,108.965625,108.980831,254.034054,255.764350,258.216820,267.885001,271.541444,278.378502,278.214085,276.352244
2025-10-10 07:45:00,106.348794,106.836767,106.730159,107.943041,108.535404,108.041637,108.094552,107.871288,262.797785,274.276310,280.585291,285.512613,287.763346,287.384365,285.316715,285.973180
2025-10-10 08:00:00,109.193126,108.990354,110.110996,110.614883,110.036252,110.007765,109.706422,109.616359,256.354402,259.771188,263.108743,272.877827,272.918081,271.252559,272.294739,273.848827
2025-10-10 08:15:00,106.478862,107.701999,108.304199,107.819868,107.881833,107.667250,107.660408,107.967835,246.367389,250.695821,252.819432,252.126921,250.858109,252.280809,254.199887,254.035658
2025-10-10 08:30:00,108.688615,109.250550,108.727598,108.752518,108.502402,108.461476,108.736212,108.446546,256.333724,259.375054,259.213058,257.872792,259.226957,261.080295,260.853010,258.675164
2025-10-10 08:45:00,106.403001,105.996259,106.132647,105.989449,106.051079,106.424184,106.228873,105.835952,292.640997,292.249365,289.174201,288.672673,289.845622,288.965714,283.511436,274.860173
2025-10-10 09:00:00,106.126867,106.257925,106.109615,106.166340,106.534741,106.334919,105.937670,106.307551,290.306776,288.146675,288.173115,289.272169,288.321381,285.449559,278.445273,271.129094
2025-10-10 09:15:00,107.017835,106.838512,106.865491,107.205359,106.978168,106.554668,106.899369,105.810230,298.083392,298.284224,298.577265,296.674258,293.478600,287.125449,283.873959,287.330306
2025-10-10 09:30:00,109.687286,109.598004,109.826357,109.492202,108.966103,109.212392,108.028857,108.212763,296.485712,297.332516,295.685739,291.967232,285.702091,279.884576,286.072340,291.461756
2025-10-10 09:45:00,112.319309,112.436604,111.995924,111.367646,111.515927,110.238383,110.332117,110.417055,282.104751,281.369250,277.708549,268.575542,257.440527,269.736354,278.170965,280.043795
2025-10-10 10:00:00,108.276767,108.005852,107.540411,107.844883,106.717157,106.954594,107.177371,106.619662,282.912343,277.498253,267.759067,263.001606,266.839202,274.667193,279.110634,275.151539
2025-10-10 10:15:00,112.975798,112.307531,112.417455,111.103119,111.161563,111.212651,110.490260,111.768327,272.251856,265.568787,255.795507,263.716392,270.324031,272.200622,270.972153,270.630432
2025-10-10 10:30:00,113.207758,113.280943,111.931368,111.956010,111.974676,111.221187,112.469424,111.940051,248.889209,246.508293,250.258338,253.925276,261.251352,255.227609,255.193109,254.709118
2025-10-10 10:45:00,110.150219,108.928411,109.075606,109.211822,108.571086,109.927476,109.501841,109.519708,242.595998,247.035968,249.952647,250.928163,250.151106,250.242374,249.879019,249.287759
2025-10-10 11:00:00,103.002995,103.392010,103.760177,103.341926,104.911720,104.690781,104.904990,105.086093,213.390262,219.192014,221.591189,219.395034,220.576372,221.258601,221.670254,222.727865
2025-10-10 11:15:00,101.314833,101.767771,101.430831,103.078618,102.932490,103.218455,103.468386,102.940248,200.978401,205.033894,205.303919,204.075630,205.219832,206.074604,207.557251,208.261907
2025-10-10 11:30:00,97.970446,97.788477,99.584910,99.581362,100.004088,100.385200,99.982888,100.836336,198.335248,199.513711,200.826213,200.321081,201.455562,203.206502,204.168502,208.965772
2025-10-10 11:45:00,97.668438,99.469771,99.470921,99.898155,100.283589,99.885425,100.742850,100.060370,196.463841,198.095796,198.699574,196.456411,197.552193,199.172131,203.846866,207.159918
2025-10-10 12:00:00,100.461485,100.422163,100.810576,101.158775,100.724893,101.548059,100.832718,101.047061,198.407483,199.759946,198.710494,196.899743,198.401076,203.228810,206.688617,206.535062
2025-10-10 12:15:00,99.788834,100.203094,100.576084,100.165982,101.011958,100.318495,100.553824,102.968407,195.936884,197.111044,195.800858,194.016166,198.927523,202.500047,202.729140,207.158311
2025-10-10 12:30:00,106.668621,106.777750,106.114555,106.717766,105.791446,105.803421,108.003765,109.507107,202.134084,203.146603,201.909337,202.403828,206.122933,206.456404,210.712525,215.497425
2025-10-10 12:45:00,106.259704,105.617650,106.241140,105.334272,105.364904,107.583145,109.103653,110.281880,194.131327,196.043772,198.423951,199.454981,199.963613,204.802809,209.792549,216.025818
2025-10-10 13:00:00,106.891176,107.462693,106.505972,106.488787,108.661161,110.137674,111.273703,112.420262,200.956222,205.635390,206.654864,203.354224,208.143748,213.046085,219.195519,225.600302
2025-10-10 13:15:00,105.468838,104.593487,104.654352,106.901590,108.449913,109.654820,110.867446,112.255385,199.730417,203.535212,202.541149,207.077497,212.266497,218.723402,225.423107,236.350248
2025-10-10 13:30:00,108.218631,108.131551,110.236883,111.649090,112.723438,113.810832,115.078649,120.135365,186.738866,188.878518,195.955168,201.643257,208.188220,215.333798,227.134234,246.138354
2025-10-10 13:45:00,107.219372,109.361931,110.809846,111.918443,113.038689,114.338018,119.424960,121.113419,185.622935,194.489803,200.631366,207.777206,215.137730,228.072164,247.825012,255.967374
2025-10-10 14:00:00,108.707402,110.182028,111.316247,112.461069,113.783971,118.893524,120.603671,120.642290,190.557643,196.855366,204.150991,211.655188,224.727433,244.259563,252.528715,257.330804
2025-10-10 14:15:00,108.689360,109.884495,111.087748,112.466696,117.630007,119.391719,119.479799,121.731728,193.872269,201.318055,209.380682,222.179126,240.694041,249.090302,254.014312,260.596833
2025-10-10 14:30:00,109.123494,110.357804,111.766541,116.958426,118.747546,118.861915,121.139060,119.413705,192.906333,201.008105,213.969297,232.901491,241.698001,247.005926,253.956694,254.873931
2025-10-10 14:45:00,108.968273,110.433717,115.679996,117.521288,117.685702,120.010849,118.331537,117.807430,190.953159,204.486227,223.984288,233.056437,238.628750,245.833118,246.993605,249.627673
2025-10-10 15:00:00,107.885560,113.235830,115.176871,115.436961,117.853880,116.262596,115.822923,117.731070,197.749280,218.204862,226.895281,231.972127,239.427438,240.828626,243.693573,246.493812
2025-10-10 15:15:00,107.522862,109.697051,110.180776,112.812203,111.426672,111.184356,113.281805,113.127702,202.796554,212.790440,219.090603,225.239569,227.213487,230.627788,233.954964,236.681559
2025-10-10 15:30:00,107.827127,108.387164,111.091790,109.776470,109.601499,111.763546,111.671404,113.589760,208.631736,215.353499,223.660407,225.878438,229.526891,233.078662,236.020686,240.734772
2025-10-10 15:45:00,107.695387,110.428245,109.140004,108.991008,111.177969,111.109725,113.051004,112.414660,207.378880,215.993168,218.506036,222.437294,226.260328,229.462544,234.426204,236.817200
2025-10-10 16:00:00,107.983323,106.794861,106.741572,109.020333,109.040143,111.065883,110.510553,108.584464,208.391543,211.195043,215.405071,219.495500,222.954198,228.163873,230.790842,230.587361
2025-10-10 16:15:00,108.495871,108.373163,110.585338,110.541279,112.505757,111.891665,109.909212,110.027609,213.675259,217.742536,221.696039,225.023399,230.107096,232.613230,232.293844,235.541814
2025-10-10 16:30:00,102.547544,104.997466,105.181451,107.364666,106.960385,105.179180,105.490613,104.274664,222.609034,226.319388,228.822036,232.535672,234.827228,234.302021,237.352571,238.826365
2025-10-10 16:45:00,102.471492,102.758564,105.040658,104.731221,103.040989,103.439683,102.307433,103.818865,218.533711,221.961921,226.550864,227.246342,227.015955,230.349293,232.094335,236.626042
2025-10-10 17:00:00,104.486564,106.698138,106.321058,104.565945,104.902404,103.710460,105.164633,106.283620,220.658277,225.955702,228.012360,227.132525,230.569110,232.413185,237.039884,239.816336
2025-10-10 17:15:00,103.453905,103.209223,101.581106,102.039378,100.964275,102.530522,103.757009,103.649602,215.513716,218.561169,218.769615,222.523877,224.672666,229.591642,232.648444,234.861885
2025-10-10 17:30:00,102.469464,100.871537,101.358767,100.311440,101.904329,103.156371,103.073477,105.127284,213.926406,214.403580,218.415603,220.811633,225.967761,229.252036,231.683667,238.201839
2025-10-10 17:45:00,102.060449,102.499159,101.405293,102.953541,104.162764,104.038798,106.053210,107.922698,215.166923,219.170112,221.557669,226.705670,229.982150,232.406303,238.917304,244.063365
2025-10-10 18:00:00,102.314176,101.227859,102.783349,103.999517,103.882213,105.903016,107.778633,108.598287,211.264175,213.832636,219.154158,222.597077,225.180877,231.845009,237.137953,242.499699
2025-10-10 18:15:00,102.663010,104.159930,105.319920,105.148730,107.117845,108.943885,109.715984,111.295622,221.507049,226.652192,229.925930,232.347453,238.855931,243.999573,249.218111,253.566525
2025-10-10 18:30:00,100.037051,101.365298,101.355498,103.479417,105.453943,106.368468,108.084720,107.771941,217.461675,221.121012,223.912398,230.775644,236.259575,241.804515,246.466011,248.745272
2025-10-10 18:45:00,101.080544,101.082365,103.217431,105.202649,106.127429,107.853518,107.550175,109.249317,214.076769,217.005302,223.864203,229.454894,235.086975,239.864564,242.255179,248.617402
2025-10-10 19:00:00,106.811359,108.712621,110.473577,111.183249,112.703007,112.201753,113.711062,113.857859,212.602530,219.640561,225.156250,230.842578,235.624432,238.051645,244.448973,245.692949
2025-10-10 19:15:00,106.634724,108.480480,109.271491,110.869269,110.442851,112.023941,112.239591,110.787485,219.328987,225.183963,231.084804,236.068256,238.641072,245.210566,246.561934,249.810587
2025-10-10 19:30:00,107.282320,108.122228,109.766908,109.385478,111.009720,111.266761,109.854357,111.917166,217.141405,223.430918,228.806601,231.770901,238.683397,240.363768,243.927997,249.757029
2025-10-10 19:45:00,106.026327,107.756542,107.457156,109.160094,109.492619,108.152618,110.284876,110.521530,222.277656,227.757882,230.822459,237.831138,239.603768,243.256490,249.170404,250.312085
2025-10-10 20:00:00,106.015606,105.787269,107.558356,107.956248,106.678948,108.871347,109.165687,107.167190,231.655626,234.725025,241.738330,243.515396,247.172373,253.090369,254.235965,254.463170
2025-10-10 20:15:00,104.780474,106.592649,107.029952,105.790455,108.019113,108.348234,106.383097,106.155236,241.788345,248.479892,249.397362,252.758308,258.392353,259.265586,259.231544,255.661892
2025-10-10 20:30:00,104.992680,105.495279,104.318412,106.607146,106.993889,105.084024,104.909179,102.872323,248.939768,249.775749,252.732005,258.291075,259.092394,258.989372,254.714727,248.723902
2025-10-10 20:45:00,103.300583,102.213283,104.587928,105.057077,103.226254,103.127226,101.163092,101.830624,254.396377,257.045883,261.856689,261.229431,260.855702,256.506554,250.783694,250.526743
2025-10-10 21:00:00,103.592533,105.910890,106.326048,104.443438,104.294735,102.282955,102.904784,104.147045,257.133851,262.295845,269.009050,259.993074,255.778365,249.451422,249.110967,248.551894
2025-10-10 21:15:00,103.481049,103.995370,102.207876,102.150408,100.226139,100.931908,102.254684,103.991731,266.786666,267.102842,265.295901,259.719940,248.343474,247.914756,246.753995,245.688856
2025-10-10 21:30:00,104.764583,102.945697,102.858118,100.904967,101.583033,102.879235,104.590795,106.659867,255.345273,255.360656,249.457679,241.925691,241.249682,240.413396,239.369147,240.425301
2025-10-10 21:45:00,105.029526,104.856905,102.822182,103.422006,104.643159,106.282732,108.282755,108.141599,243.073699,239.399863,231.681372,228.256886,227.745591,227.013071,228.368231,231.002341
2025-10-10 22:00:00,104.588332,102.564570,103.174907,104.406144,106.055389,108.064690,107.932434,106.113985,233.987246,228.279954,225.392871,221.307643,220.714801,222.203939,224.966559,225.449648
2025-10-10 22:15:00,104.354888,104.892161,106.053316,107.635339,109.580162,109.386058,107.508286,104.875382,246.476049,245.607604,241.510241,237.772116,238.624556,240.808967,240.737445,240.551579
2025-10-10 22:30:00,104.314065,105.498813,107.103466,109.069994,108.896711,107.038909,104.425160,101.748450,219.557724,219.091423,216.032742,213.938737,216.934692,217.641593,218.276190,218.382755
2025-10-10 22:45:00,101.846125,103.599846,105.709359,105.673225,103.946975,101.459410,98.903734,99.464098,211.621943,211.569600,210.491968,209.867403,210.959828,211.964216,212.425481,213.574497
2025-10-10 23:00:00,98.162632,100.494041,100.670747,99.148651,96.856908,94.489062,95.229592,94.588293,202.311464,204.469610,205.634053,203.614773,204.917755,205.665429,207.089165,208.637546
2025-10-10 23:15:00,98.682975,98.933592,97.482390,95.258648,92.956028,93.759121,93.177833,92.550366,203.828428,207.283972,206.327719,204.799021,205.603840,207.082388,208.683345,210.428663
2025-10-10 23:30:00,99.920284,98.428814,96.166448,93.826780,94.594338,93.978964,93.318802,95.258228,191.973516,193.544226,192.767497,190.531498,192.018479,193.988934,196.088670,200.677102
2025-10-10 23:45:00,97.618000,95.388724,93.080795,93.878797,93.292625,92.660473,94.626766,95.060066,176.088874,178.325945,177.729704,178.381593,180.670185,183.436484,188.664277,192.905501
