fold,model,blend,target,horizon_step,horizon_minutes,mape,score_1_minus_mape,mae,rmse,samples
fold_1,direct_d5_relative,0.0,generator_1,1,15,0.03156391158699989,0.9684360884130001,2.3762598037719727,3.84385347366333,1440
fold_1,direct_d5_relative,0.05,generator_1,1,15,0.031365636736154556,0.9686343632638454,2.360443353652954,3.834022283554077,1440
fold_1,direct_d5_relative,0.1,generator_1,1,15,0.031191375106573105,0.9688086248934269,2.3467679023742676,3.825777530670166,1440
fold_1,direct_d5_relative,0.15,generator_1,1,15,0.031044576317071915,0.9689554236829281,2.3354005813598633,3.8191304206848145,1440
fold_1,direct_d5_relative,0.2,generator_1,1,15,0.030927451327443123,0.9690725486725569,2.3266212940216064,3.814088821411133,1440
fold_1,direct_d5_relative,0.25,generator_1,1,15,0.030841898173093796,0.9691581018269062,2.3207058906555176,3.810659170150757,1440
fold_1,direct_d5_relative,0.3,generator_1,1,15,0.03078361600637436,0.9692163839936256,2.3172426223754883,3.8088459968566895,1440
fold_1,direct_d5_relative,0.35,generator_1,1,15,0.030756039544939995,0.96924396045506,2.3162448406219482,3.8086516857147217,1440
fold_1,direct_d5_relative,0.4,generator_1,1,15,0.030761506408452988,0.969238493591547,2.3176565170288086,3.8100759983062744,1440
fold_1,direct_d5_relative,0.45,generator_1,1,15,0.030790753662586212,0.9692092463374138,2.3209547996520996,3.813117742538452,1440
fold_1,direct_d5_relative,0.5,generator_1,1,15,0.030852889642119408,0.9691471103578806,2.3269155025482178,3.817772626876831,1440
fold_1,direct_d5_relative,0.55,generator_1,1,15,0.03093975968658924,0.9690602403134108,2.3349480628967285,3.8240346908569336,1440
fold_1,direct_d5_relative,0.6,generator_1,1,15,0.031044986099004745,0.9689550139009953,2.3446505069732666,3.8318960666656494,1440
fold_1,direct_d5_relative,0.65,generator_1,1,15,0.03116738796234131,0.9688326120376587,2.355808973312378,3.8413474559783936,1440
fold_1,direct_d5_relative,0.7,generator_1,1,15,0.03130992874503136,0.9686900712549686,2.368741512298584,3.852376699447632,1440
fold_1,direct_d5_relative,0.75,generator_1,1,15,0.03147445619106293,0.9685255438089371,2.383472442626953,3.8649704456329346,1440
fold_1,direct_d5_relative,0.8,generator_1,1,15,0.03166196495294571,0.9683380350470543,2.4000680446624756,3.8791134357452393,1440
fold_1,direct_d5_relative,0.85,generator_1,1,15,0.03186539560556412,0.9681346043944359,2.417816400527954,3.894788980484009,1440
fold_1,direct_d5_relative,0.9,generator_1,1,15,0.03209637105464935,0.9679036289453506,2.4377949237823486,3.911978006362915,1440
fold_1,direct_d5_relative,0.95,generator_1,1,15,0.03234811872243881,0.9676518812775612,2.4594919681549072,3.930661201477051,1440
fold_1,direct_d5_relative,1.0,generator_1,1,15,0.032616905868053436,0.9673830941319466,2.4824883937835693,3.950817346572876,1440
fold_1,direct_d5_relative,0.0,generator_1,2,30,0.043275974690914154,0.9567240253090858,3.215257167816162,5.361660957336426,1440
fold_1,direct_d5_relative,0.05,generator_1,2,30,0.04310779273509979,0.9568922072649002,3.203211784362793,5.346781253814697,1440
fold_1,direct_d5_relative,0.1,generator_1,2,30,0.04298429563641548,0.9570157043635845,3.1947689056396484,5.3343682289123535,1440
fold_1,direct_d5_relative,0.15,generator_1,2,30,0.04291200637817383,0.9570879936218262,3.1904656887054443,5.324438095092773,1440
fold_1,direct_d5_relative,0.2,generator_1,2,30,0.042883750051259995,0.95711624994874,3.1902785301208496,5.3170061111450195,1440
fold_1,direct_d5_relative,0.25,generator_1,2,30,0.04289621859788895,0.957103781402111,3.193399429321289,5.312082290649414,1440
fold_1,direct_d5_relative,0.3,generator_1,2,30,0.04295522719621658,0.9570447728037834,3.200220823287964,5.309673309326172,1440
fold_1,direct_d5_relative,0.35,generator_1,2,30,0.0430518314242363,0.9569481685757637,3.2101285457611084,5.309782981872559,1440
fold_1,direct_d5_relative,0.4,generator_1,2,30,0.04319235309958458,0.9568076469004154,3.2238945960998535,5.312410831451416,1440
fold_1,direct_d5_relative,0.45,generator_1,2,30,0.04337334632873535,0.9566266536712646,3.2412312030792236,5.317553520202637,1440
fold_1,direct_d5_relative,0.5,generator_1,2,30,0.04359271749854088,0.9564072825014591,3.261826276779175,5.325202941894531,1440
fold_1,direct_d5_relative,0.55,generator_1,2,30,0.04385828971862793,0.9561417102813721,3.2866177558898926,5.335349082946777,1440
fold_1,direct_d5_relative,0.6,generator_1,2,30,0.04415811598300934,0.9558418840169907,3.3142917156219482,5.347978115081787,1440
fold_1,direct_d5_relative,0.65,generator_1,2,30,0.044495970010757446,0.9555040299892426,3.3447632789611816,5.363071441650391,1440
fold_1,direct_d5_relative,0.7,generator_1,2,30,0.04487209767103195,0.955127902328968,3.378190040588379,5.380608558654785,1440
fold_1,direct_d5_relative,0.75,generator_1,2,30,0.045278407633304596,0.9547215923666954,3.414041519165039,5.400566577911377,1440
fold_1,direct_d5_relative,0.8,generator_1,2,30,0.045716967433691025,0.954283032566309,3.452597141265869,5.422917366027832,1440
fold_1,direct_d5_relative,0.85,generator_1,2,30,0.046169672161340714,0.9538303278386593,3.492233991622925,5.447632789611816,1440
fold_1,direct_d5_relative,0.9,generator_1,2,30,0.04664645344018936,0.9533535465598106,3.534034490585327,5.474679946899414,1440
fold_1,direct_d5_relative,0.95,generator_1,2,30,0.04714839905500412,0.9528516009449959,3.5779354572296143,5.504024982452393,1440
fold_1,direct_d5_relative,1.0,generator_1,2,30,0.04766901955008507,0.9523309804499149,3.623406410217285,5.535630702972412,1440
fold_1,direct_d5_relative,0.0,generator_1,3,45,0.05293743312358856,0.9470625668764114,3.907463312149048,6.586505889892578,1440
fold_1,direct_d5_relative,0.05,generator_1,3,45,0.05277136713266373,0.9472286328673363,3.897308111190796,6.56721830368042,1440
fold_1,direct_d5_relative,0.1,generator_1,3,45,0.05268432945013046,0.9473156705498695,3.8942322731018066,6.5522003173828125,1440
fold_1,direct_d5_relative,0.15,generator_1,3,45,0.05267716571688652,0.9473228342831135,3.8985838890075684,6.5414814949035645,1440
fold_1,direct_d5_relative,0.2,generator_1,3,45,0.052759021520614624,0.9472409784793854,3.9102118015289307,6.535083293914795,1440
fold_1,direct_d5_relative,0.25,generator_1,3,45,0.05293479934334755,0.9470652006566525,3.9289541244506836,6.533018589019775,1440
fold_1,direct_d5_relative,0.3,generator_1,3,45,0.053207412362098694,0.9467925876379013,3.9555366039276123,6.535290718078613,1440
fold_1,direct_d5_relative,0.35,generator_1,3,45,0.053552743047475815,0.9464472569525242,3.98773193359375,6.541895389556885,1440
fold_1,direct_d5_relative,0.4,generator_1,3,45,0.05398188531398773,0.9460181146860123,4.027222156524658,6.552820205688477,1440
fold_1,direct_d5_relative,0.45,generator_1,3,45,0.05447208136320114,0.9455279186367989,4.071622848510742,6.568042755126953,1440
fold_1,direct_d5_relative,0.5,generator_1,3,45,0.05502558872103691,0.9449744112789631,4.120960235595703,6.587533473968506,1440
fold_1,direct_d5_relative,0.55,generator_1,3,45,0.0556379109621048,0.9443620890378952,4.174674034118652,6.611255645751953,1440
fold_1,direct_d5_relative,0.6,generator_1,3,45,0.056307896971702576,0.9436921030282974,4.232962608337402,6.639161586761475,1440
fold_1,direct_d5_relative,0.65,generator_1,3,45,0.05702909827232361,0.9429709017276764,4.295220851898193,6.671200752258301,1440
fold_1,direct_d5_relative,0.7,generator_1,3,45,0.057793889194726944,0.9422061108052731,4.361041069030762,6.707313537597656,1440
fold_1,direct_d5_relative,0.75,generator_1,3,45,0.058599863201379776,0.9414001367986202,4.430160045623779,6.747434139251709,1440
fold_1,direct_d5_relative,0.8,generator_1,3,45,0.05946686118841171,0.9405331388115883,4.504274368286133,6.791491508483887,1440
fold_1,direct_d5_relative,0.85,generator_1,3,45,0.06037586182355881,0.9396241381764412,4.581961631774902,6.839410305023193,1440
fold_1,direct_d5_relative,0.9,generator_1,3,45,0.06131507083773613,0.9386849291622639,4.6620774269104,6.891108989715576,1440
fold_1,direct_d5_relative,0.95,generator_1,3,45,0.062275853008031845,0.9377241469919682,4.743747711181641,6.94650411605835,1440
fold_1,direct_d5_relative,1.0,generator_1,3,45,0.06326288729906082,0.9367371127009392,4.82734489440918,7.005507469177246,1440
fold_1,direct_d5_relative,0.0,generator_1,4,60,0.06344591826200485,0.9365540817379951,4.6405253410339355,7.748594760894775,1440
fold_1,direct_d5_relative,0.05,generator_1,4,60,0.06322355568408966,0.9367764443159103,4.626192092895508,7.7239484786987305,1440
fold_1,direct_d5_relative,0.1,generator_1,4,60,0.06311386078596115,0.9368861392140388,4.621951103210449,7.704668045043945,1440
fold_1,direct_d5_relative,0.15,generator_1,4,60,0.06314368546009064,0.9368563145399094,4.629907131195068,7.690794467926025,1440
fold_1,direct_d5_relative,0.2,generator_1,4,60,0.06330834329128265,0.9366916567087173,4.648151874542236,7.682356834411621,1440
fold_1,direct_d5_relative,0.25,generator_1,4,60,0.06357841193675995,0.93642158806324,4.674947738647461,7.6793742179870605,1440
fold_1,direct_d5_relative,0.3,generator_1,4,60,0.06396777927875519,0.9360322207212448,4.712135314941406,7.681850910186768,1440
fold_1,direct_d5_relative,0.35,generator_1,4,60,0.06444873660802841,0.9355512633919716,4.757115364074707,7.689782619476318,1440
fold_1,direct_d5_relative,0.4,generator_1,4,60,0.06501316279172897,0.934986837208271,4.808514595031738,7.703152656555176,1440
fold_1,direct_d5_relative,0.45,generator_1,4,60,0.06566153466701508,0.9343384653329849,4.866567611694336,7.721932888031006,1440
fold_1,direct_d5_relative,0.5,generator_1,4,60,0.06638434529304504,0.933615654706955,4.930136680603027,7.746083736419678,1440
fold_1,direct_d5_relative,0.55,generator_1,4,60,0.06719005107879639,0.9328099489212036,5.000139236450195,7.775555610656738,1440
fold_1,direct_d5_relative,0.6,generator_1,4,60,0.06805749237537384,0.9319425076246262,5.074798107147217,7.810286998748779,1440
fold_1,direct_d5_relative,0.65,generator_1,4,60,0.06899476796388626,0.9310052320361137,5.15472412109375,7.8502092361450195,1440
fold_1,direct_d5_relative,0.7,generator_1,4,60,0.07001393288373947,0.9299860671162605,5.240687847137451,7.895243167877197,1440
fold_1,direct_d5_relative,0.75,generator_1,4,60,0.07109973579645157,0.9289002642035484,5.331786632537842,7.9453020095825195,1440
fold_1,direct_d5_relative,0.8,generator_1,4,60,0.072255939245224,0.927744060754776,5.428417682647705,8.00029182434082,1440
fold_1,direct_d5_relative,0.85,generator_1,4,60,0.07346110790967941,0.9265388920903206,5.528563022613525,8.060110092163086,1440
fold_1,direct_d5_relative,0.9,generator_1,4,60,0.07471514493227005,0.92528485506773,5.6323113441467285,8.124651908874512,1440
fold_1,direct_d5_relative,0.95,generator_1,4,60,0.0760255828499794,0.9239744171500206,5.740146160125732,8.193804740905762,1440
fold_1,direct_d5_relative,1.0,generator_1,4,60,0.07737608253955841,0.9226239174604416,5.85074520111084,8.267454147338867,1440
fold_1,direct_d5_relative,0.0,generator_1,5,75,0.07216058671474457,0.9278394132852554,5.2519426345825195,8.712187767028809,1440
fold_1,direct_d5_relative,0.05,generator_1,5,75,0.07197696715593338,0.9280230328440666,5.242512226104736,8.684059143066406,1440
fold_1,direct_d5_relative,0.1,generator_1,5,75,0.07189527153968811,0.9281047284603119,5.241208076477051,8.662256240844727,1440
fold_1,direct_d5_relative,0.15,generator_1,5,75,0.07198082655668259,0.9280191734433174,5.253267288208008,8.64682674407959,1440
fold_1,direct_d5_relative,0.2,generator_1,5,75,0.07221415638923645,0.9277858436107635,5.277721881866455,8.637804985046387,1440
fold_1,direct_d5_relative,0.25,generator_1,5,75,0.07256517559289932,0.9274348244071007,5.3111348152160645,8.635210990905762,1440
fold_1,direct_d5_relative,0.3,generator_1,5,75,0.07305749505758286,0.9269425049424171,5.355257034301758,8.63905143737793,1440
fold_1,direct_d5_relative,0.35,generator_1,5,75,0.0737108364701271,0.9262891635298729,5.411800861358643,8.649316787719727,1440
fold_1,direct_d5_relative,0.4,generator_1,5,75,0.07449104636907578,0.9255089536309242,5.477711200714111,8.665984153747559,1440
fold_1,direct_d5_relative,0.45,generator_1,5,75,0.07539926469326019,0.9246007353067398,5.5531229972839355,8.689018249511719,1440
fold_1,direct_d5_relative,0.5,generator_1,5,75,0.0763998031616211,0.9236001968383789,5.634860038757324,8.718366622924805,1440
fold_1,direct_d5_relative,0.55,generator_1,5,75,0.07747073471546173,0.9225292652845383,5.721975326538086,8.75396728515625,1440
fold_1,direct_d5_relative,0.6,generator_1,5,75,0.07862938940525055,0.9213706105947495,5.816292762756348,8.79574203491211,1440
fold_1,direct_d5_relative,0.65,generator_1,5,75,0.07984495908021927,0.9201550409197807,5.915244102478027,8.843605995178223,1440
fold_1,direct_d5_relative,0.7,generator_1,5,75,0.08111682534217834,0.9188831746578217,6.018199920654297,8.897459983825684,1440
fold_1,direct_d5_relative,0.75,generator_1,5,75,0.0824909657239914,0.9175090342760086,6.128970146179199,8.957196235656738,1440
fold_1,direct_d5_relative,0.8,generator_1,5,75,0.08392339199781418,0.9160766080021858,6.243946075439453,9.022696495056152,1440
fold_1,direct_d5_relative,0.85,generator_1,5,75,0.08541465550661087,0.9145853444933891,6.363396644592285,9.09383773803711,1440
fold_1,direct_d5_relative,0.9,generator_1,5,75,0.08696809411048889,0.9130319058895111,6.48785924911499,9.170488357543945,1440
fold_1,direct_d5_relative,0.95,generator_1,5,75,0.08856794983148575,0.9114320501685143,6.61578369140625,9.252511024475098,1440
fold_1,direct_d5_relative,1.0,generator_1,5,75,0.09020935744047165,0.9097906425595284,6.747215270996094,9.339764595031738,1440
fold_1,direct_d5_relative,0.0,generator_1,6,90,0.08152056485414505,0.918479435145855,5.910423278808594,9.55147933959961,1440
fold_1,direct_d5_relative,0.05,generator_1,6,90,0.08127587288618088,0.9187241271138191,5.897193908691406,9.517570495605469,1440
fold_1,direct_d5_relative,0.1,generator_1,6,90,0.08115657418966293,0.9188434258103371,5.895138740539551,9.491186141967773,1440
fold_1,direct_d5_relative,0.15,generator_1,6,90,0.08115176856517792,0.9188482314348221,5.903172492980957,9.472389221191406,1440
fold_1,direct_d5_relative,0.2,generator_1,6,90,0.08130619674921036,0.9186938032507896,5.924839973449707,9.461224555969238,1440
fold_1,direct_d5_relative,0.25,generator_1,6,90,0.08167058974504471,0.9183294102549553,5.962425231933594,9.457719802856445,1440
fold_1,direct_d5_relative,0.3,generator_1,6,90,0.08222763240337372,0.9177723675966263,6.013621807098389,9.461882591247559,1440
fold_1,direct_d5_relative,0.35,generator_1,6,90,0.08294440060853958,0.9170555993914604,6.077357292175293,9.47370433807373,1440
fold_1,direct_d5_relative,0.4,generator_1,6,90,0.08378822356462479,0.9162117764353752,6.150546550750732,9.493154525756836,1440
fold_1,direct_d5_relative,0.45,generator_1,6,90,0.08478547632694244,0.9152145236730576,6.234675407409668,9.520187377929688,1440
fold_1,direct_d5_relative,0.5,generator_1,6,90,0.08589006215333939,0.9141099378466606,6.327119827270508,9.554738998413086,1440
fold_1,direct_d5_relative,0.55,generator_1,6,90,0.0871373862028122,0.9128626137971878,6.430112838745117,9.59672737121582,1440
fold_1,direct_d5_relative,0.6,generator_1,6,90,0.0884813591837883,0.9115186408162117,6.540313720703125,9.646056175231934,1440
fold_1,direct_d5_relative,0.65,generator_1,6,90,0.08990729600191116,0.9100927039980888,6.656998634338379,9.70261287689209,1440
fold_1,direct_d5_relative,0.7,generator_1,6,90,0.09139705449342728,0.9086029455065727,6.778706073760986,9.766271591186523,1440
fold_1,direct_d5_relative,0.75,generator_1,6,90,0.09295139461755753,0.9070486053824425,6.905202865600586,9.836895942687988,1440
fold_1,direct_d5_relative,0.8,generator_1,6,90,0.09457802027463913,0.9054219797253609,7.037713527679443,9.914334297180176,1440
fold_1,direct_d5_relative,0.85,generator_1,6,90,0.09626579284667969,0.9037342071533203,7.175259113311768,9.998431205749512,1440
fold_1,direct_d5_relative,0.9,generator_1,6,90,0.09803011268377304,0.901969887316227,7.31841516494751,10.089018821716309,1440
fold_1,direct_d5_relative,0.95,generator_1,6,90,0.09984350949525833,0.9001564905047417,7.464986324310303,10.18592357635498,1440
fold_1,direct_d5_relative,1.0,generator_1,6,90,0.10170499235391617,0.8982950076460838,7.615577697753906,10.288968086242676,1440
fold_1,direct_d5_relative,0.0,generator_1,7,105,0.08908943831920624,0.9109105616807938,6.44184684753418,10.235238075256348,1440
fold_1,direct_d5_relative,0.05,generator_1,7,105,0.0888441801071167,0.9111558198928833,6.430938243865967,10.199262619018555,1440
fold_1,direct_d5_relative,0.1,generator_1,7,105,0.08874904364347458,0.9112509563565254,6.43175745010376,10.171367645263672,1440
fold_1,direct_d5_relative,0.15,generator_1,7,105,0.08884821832180023,0.9111517816781998,6.446528434753418,10.151619911193848,1440
fold_1,direct_d5_relative,0.2,generator_1,7,105,0.08914253115653992,0.9108574688434601,6.477855682373047,10.140066146850586,1440
fold_1,direct_d5_relative,0.25,generator_1,7,105,0.08964186906814575,0.9103581309318542,6.524707794189453,10.136735916137695,1440
fold_1,direct_d5_relative,0.3,generator_1,7,105,0.09032479673624039,0.9096752032637596,6.585268974304199,10.14163589477539,1440
fold_1,direct_d5_relative,0.35,generator_1,7,105,0.09114497154951096,0.908855028450489,6.655873775482178,10.154755592346191,1440
fold_1,direct_d5_relative,0.4,generator_1,7,105,0.09209662675857544,0.9079033732414246,6.735831260681152,10.176060676574707,1440
fold_1,direct_d5_relative,0.45,generator_1,7,105,0.09316914528608322,0.9068308547139168,6.825472831726074,10.2055025100708,1440
fold_1,direct_d5_relative,0.5,generator_1,7,105,0.09434280544519424,0.9056571945548058,6.922710418701172,10.243010520935059,1440
fold_1,direct_d5_relative,0.55,generator_1,7,105,0.09567757695913315,0.9043224230408669,7.031238555908203,10.288496017456055,1440
fold_1,direct_d5_relative,0.6,generator_1,7,105,0.097126804292202,0.902873195707798,7.1476874351501465,10.341853141784668,1440
fold_1,direct_d5_relative,0.65,generator_1,7,105,0.09867650270462036,0.9013234972953796,7.271973133087158,10.402961730957031,1440
fold_1,direct_d5_relative,0.7,generator_1,7,105,0.10028593242168427,0.8997140675783157,7.400838851928711,10.471684455871582,1440
fold_1,direct_d5_relative,0.75,generator_1,7,105,0.10196208953857422,0.8980379104614258,7.534830570220947,10.54787540435791,1440
fold_1,direct_d5_relative,0.8,generator_1,7,105,0.10374431312084198,0.896255686879158,7.677430629730225,10.63137149810791,1440
fold_1,direct_d5_relative,0.85,generator_1,7,105,0.10560069978237152,0.8943993002176285,7.826653480529785,10.722002983093262,1440
fold_1,direct_d5_relative,0.9,generator_1,7,105,0.10751505941152573,0.8924849405884743,7.980240821838379,10.81959056854248,1440
fold_1,direct_d5_relative,0.95,generator_1,7,105,0.10951162874698639,0.8904883712530136,8.139886856079102,10.923948287963867,1440
fold_1,direct_d5_relative,1.0,generator_1,7,105,0.1115361824631691,0.8884638175368309,8.301456451416016,11.034882545471191,1440
fold_1,direct_d5_relative,0.0,generator_1,8,120,0.09574508666992188,0.9042549133300781,6.915420055389404,10.817008018493652,1440
fold_1,direct_d5_relative,0.05,generator_1,8,120,0.09543678164482117,0.9045632183551788,6.900136470794678,10.778609275817871,1440
fold_1,direct_d5_relative,0.1,generator_1,8,120,0.09536589682102203,0.904634103178978,6.903093338012695,10.748736381530762,1440
fold_1,direct_d5_relative,0.15,generator_1,8,120,0.09547975659370422,0.9045202434062958,6.920433044433594,10.727459907531738,1440
fold_1,direct_d5_relative,0.2,generator_1,8,120,0.09581097215414047,0.9041890278458595,6.954901695251465,10.714831352233887,1440
fold_1,direct_d5_relative,0.25,generator_1,8,120,0.09638620913028717,0.9036137908697128,7.007701396942139,10.710882186889648,1440
fold_1,direct_d5_relative,0.3,generator_1,8,120,0.0971515104174614,0.9028484895825386,7.072453022003174,10.715621948242188,1440
fold_1,direct_d5_relative,0.35,generator_1,8,120,0.09805221855640411,0.9019477814435959,7.148122787475586,10.729037284851074,1440
fold_1,direct_d5_relative,0.4,generator_1,8,120,0.0990724116563797,0.9009275883436203,7.23383903503418,10.751097679138184,1440
fold_1,direct_d5_relative,0.45,generator_1,8,120,0.1002424880862236,0.8997575119137764,7.329761505126953,10.781749725341797,1440
fold_1,direct_d5_relative,0.5,generator_1,8,120,0.10151568800210953,0.8984843119978905,7.433372497558594,10.820919036865234,1440
fold_1,direct_d5_relative,0.55,generator_1,8,120,0.10288770496845245,0.8971122950315475,7.545241832733154,10.868515968322754,1440
fold_1,direct_d5_relative,0.6,generator_1,8,120,0.10434525460004807,0.8956547453999519,7.663880825042725,10.92442798614502,1440
fold_1,direct_d5_relative,0.65,generator_1,8,120,0.10588094592094421,0.8941190540790558,7.788273811340332,10.988529205322266,1440
fold_1,direct_d5_relative,0.7,generator_1,8,120,0.10748420655727386,0.8925157934427261,7.917918682098389,11.060677528381348,1440
fold_1,direct_d5_relative,0.75,generator_1,8,120,0.1091751828789711,0.8908248171210289,8.054919242858887,11.140715599060059,1440
fold_1,direct_d5_relative,0.8,generator_1,8,120,0.11093392968177795,0.889066070318222,8.19715404510498,11.228476524353027,1440
fold_1,direct_d5_relative,0.85,generator_1,8,120,0.11276255548000336,0.8872374445199966,8.344925880432129,11.32377815246582,1440
fold_1,direct_d5_relative,0.9,generator_1,8,120,0.11465803533792496,0.885341964662075,8.496675491333008,11.426434516906738,1440
fold_1,direct_d5_relative,0.95,generator_1,8,120,0.11663197726011276,0.8833680227398872,8.654476165771484,11.536247253417969,1440
fold_1,direct_d5_relative,1.0,generator_1,8,120,0.11869204044342041,0.8813079595565796,8.818263053894043,11.65301513671875,1440
fold_1,direct_d5_relative,0.0,generator_all,1,15,0.021867629140615463,0.9781323708593845,4.078977584838867,6.210054397583008,1440
fold_1,direct_d5_relative,0.05,generator_all,1,15,0.021695513278245926,0.9783044867217541,4.047323226928711,6.15315580368042,1440
fold_1,direct_d5_relative,0.1,generator_all,1,15,0.02154277265071869,0.9784572273492813,4.019509792327881,6.0990800857543945,1440
fold_1,direct_d5_relative,0.15,generator_all,1,15,0.021405136212706566,0.9785948637872934,3.9943790435791016,6.047904968261719,1440
fold_1,direct_d5_relative,0.2,generator_all,1,15,0.02128358744084835,0.9787164125591516,3.9719698429107666,5.999703407287598,1440
fold_1,direct_d5_relative,0.25,generator_all,1,15,0.0211773794144392,0.9788226205855608,3.9524238109588623,5.954548358917236,1440
fold_1,direct_d5_relative,0.3,generator_all,1,15,0.021090542897582054,0.978909457102418,3.9367895126342773,5.912509918212891,1440
fold_1,direct_d5_relative,0.35,generator_all,1,15,0.02102164924144745,0.9789783507585526,3.9242663383483887,5.873653888702393,1440
fold_1,direct_d5_relative,0.4,generator_all,1,15,0.020966529846191406,0.9790334701538086,3.9143195152282715,5.8380446434021,1440
fold_1,direct_d5_relative,0.45,generator_all,1,15,0.02092411182820797,0.979075888171792,3.9067060947418213,5.805741310119629,1440
fold_1,direct_d5_relative,0.5,generator_all,1,15,0.020899780094623566,0.9791002199053764,3.9026730060577393,5.776800155639648,1440
fold_1,direct_d5_relative,0.55,generator_all,1,15,0.02088736928999424,0.9791126307100058,3.900984287261963,5.7512712478637695,1440
fold_1,direct_d5_relative,0.6,generator_all,1,15,0.020885970443487167,0.9791140295565128,3.90140438079834,5.72920036315918,1440
fold_1,direct_d5_relative,0.65,generator_all,1,15,0.02089802548289299,0.979101974517107,3.9045193195343018,5.710628032684326,1440
fold_1,direct_d5_relative,0.7,generator_all,1,15,0.02092783711850643,0.9790721628814936,3.911050796508789,5.695587635040283,1440
fold_1,direct_d5_relative,0.75,generator_all,1,15,0.02097204513847828,0.9790279548615217,3.92037296295166,5.684108257293701,1440
fold_1,direct_d5_relative,0.8,generator_all,1,15,0.0210243072360754,0.9789756927639246,3.931276559829712,5.676210880279541,1440
fold_1,direct_d5_relative,0.85,generator_all,1,15,0.021087078377604485,0.9789129216223955,3.944239616394043,5.671910285949707,1440
fold_1,direct_d5_relative,0.9,generator_all,1,15,0.021161286160349846,0.9788387138396502,3.9596197605133057,5.671215057373047,1440
fold_1,direct_d5_relative,0.95,generator_all,1,15,0.021242648363113403,0.9787573516368866,3.9762678146362305,5.674126625061035,1440
fold_1,direct_d5_relative,1.0,generator_all,1,15,0.021338630467653275,0.9786613695323467,3.9958441257476807,5.680638790130615,1440
fold_1,direct_d5_relative,0.0,generator_all,2,30,0.03446066007018089,0.9655393399298191,6.363779067993164,9.929483413696289,1440
fold_1,direct_d5_relative,0.05,generator_all,2,30,0.03404468297958374,0.9659553170204163,6.287669658660889,9.806511878967285,1440
fold_1,direct_d5_relative,0.1,generator_all,2,30,0.03368465229868889,0.9663153477013111,6.220038414001465,9.68957805633545,1440
fold_1,direct_d5_relative,0.15,generator_all,2,30,0.03339419513940811,0.9666058048605919,6.163083076477051,9.578904151916504,1440
fold_1,direct_d5_relative,0.2,generator_all,2,30,0.033142946660518646,0.9668570533394814,6.113207817077637,9.474709510803223,1440
fold_1,direct_d5_relative,0.25,generator_all,2,30,0.0329410694539547,0.9670589305460453,6.071099758148193,9.377208709716797,1440
fold_1,direct_d5_relative,0.3,generator_all,2,30,0.03278226777911186,0.9672177322208881,6.036463737487793,9.286613464355469,1440
fold_1,direct_d5_relative,0.35,generator_all,2,30,0.03267422318458557,0.9673257768154144,6.010197639465332,9.203128814697266,1440
fold_1,direct_d5_relative,0.4,generator_all,2,30,0.03262007236480713,0.9673799276351929,5.99276065826416,9.126948356628418,1440
fold_1,direct_d5_relative,0.45,generator_all,2,30,0.03262175992131233,0.9673782400786877,5.9853434562683105,9.058257102966309,1440
fold_1,direct_d5_relative,0.5,generator_all,2,30,0.032656531780958176,0.9673434682190418,5.984261512756348,8.99722671508789,1440
fold_1,direct_d5_relative,0.55,generator_all,2,30,0.03272170573472977,0.9672782942652702,5.989269256591797,8.944012641906738,1440
fold_1,direct_d5_relative,0.6,generator_all,2,30,0.03281601890921593,0.9671839810907841,6.000070571899414,8.898756980895996,1440
fold_1,direct_d5_relative,0.65,generator_all,2,30,0.03296196088194847,0.9670380391180515,6.019920349121094,8.861580848693848,1440
fold_1,direct_d5_relative,0.7,generator_all,2,30,0.033141836524009705,0.9668581634759903,6.045830726623535,8.832586288452148,1440
fold_1,direct_d5_relative,0.75,generator_all,2,30,0.033351555466651917,0.9666484445333481,6.076841354370117,8.811853408813477,1440
fold_1,direct_d5_relative,0.8,generator_all,2,30,0.03359784185886383,0.9664021581411362,6.113668441772461,8.79944133758545,1440
fold_1,direct_d5_relative,0.85,generator_all,2,30,0.033869050443172455,0.9661309495568275,6.15503454208374,8.79538631439209,1440
fold_1,direct_d5_relative,0.9,generator_all,2,30,0.03417247533798218,0.9658275246620178,6.202169418334961,8.799698829650879,1440
fold_1,direct_d5_relative,0.95,generator_all,2,30,0.034500278532505035,0.965499721467495,6.254076957702637,8.81236457824707,1440
fold_1,direct_d5_relative,1.0,generator_all,2,30,0.0348433218896389,0.9651566781103611,6.308726787567139,8.833351135253906,1440
fold_1,direct_d5_relative,0.0,generator_all,3,45,0.04592171683907509,0.9540782831609249,8.405503273010254,13.173080444335938,1440
fold_1,direct_d5_relative,0.05,generator_all,3,45,0.04527337849140167,0.9547266215085983,8.281668663024902,12.99692440032959,1440
fold_1,direct_d5_relative,0.1,generator_all,3,45,0.04480406269431114,0.9551959373056889,8.184091567993164,12.831456184387207,1440
fold_1,direct_d5_relative,0.15,generator_all,3,45,0.0444851890206337,0.9555148109793663,8.106220245361328,12.677094459533691,1440
fold_1,direct_d5_relative,0.2,generator_all,3,45,0.044278886169195175,0.9557211138308048,8.046232223510742,12.534250259399414,1440
fold_1,direct_d5_relative,0.25,generator_all,3,45,0.04414685443043709,0.9558531455695629,7.999499320983887,12.40332317352295,1440
fold_1,direct_d5_relative,0.3,generator_all,3,45,0.04409412667155266,0.9559058733284473,7.964506149291992,12.284690856933594,1440
fold_1,direct_d5_relative,0.35,generator_all,3,45,0.044129110872745514,0.9558708891272545,7.9438395500183105,12.178715705871582,1440
fold_1,direct_d5_relative,0.4,generator_all,3,45,0.04423346370458603,0.955766536295414,7.936506271362305,12.085729598999023,1440
fold_1,direct_d5_relative,0.45,generator_all,3,45,0.04437512904405594,0.9556248709559441,7.936206817626953,12.00603199005127,1440
fold_1,direct_d5_relative,0.5,generator_all,3,45,0.04458392411470413,0.9554160758852959,7.94835901260376,11.939892768859863,1440
fold_1,direct_d5_relative,0.55,generator_all,3,45,0.04487492889165878,0.9551250711083412,7.9752888679504395,11.88753604888916,1440
fold_1,direct_d5_relative,0.6,generator_all,3,45,0.04523920640349388,0.9547607935965061,8.015471458435059,11.849145889282227,1440
fold_1,direct_d5_relative,0.65,generator_all,3,45,0.045660533010959625,0.9543394669890404,8.066702842712402,11.82485580444336,1440
fold_1,direct_d5_relative,0.7,generator_all,3,45,0.04613589122891426,0.9538641087710857,8.128691673278809,11.814756393432617,1440
fold_1,direct_d5_relative,0.75,generator_all,3,45,0.04666117951273918,0.9533388204872608,8.200552940368652,11.818881034851074,1440
fold_1,direct_d5_relative,0.8,generator_all,3,45,0.04724029079079628,0.9527597092092037,8.28138256072998,11.8372163772583,1440
fold_1,direct_d5_relative,0.85,generator_all,3,45,0.04786640778183937,0.9521335922181606,8.370243072509766,11.869694709777832,1440
fold_1,direct_d5_relative,0.9,generator_all,3,45,0.04854000359773636,0.9514599964022636,8.46727180480957,11.916203498840332,1440
fold_1,direct_d5_relative,0.95,generator_all,3,45,0.04926976561546326,0.9507302343845367,8.574642181396484,11.976576805114746,1440
fold_1,direct_d5_relative,1.0,generator_all,3,45,0.050050120800733566,0.9499498791992664,8.691085815429688,12.050606727600098,1440
fold_1,direct_d5_relative,0.0,generator_all,4,60,0.057118043303489685,0.9428819566965103,10.402521133422852,16.06088638305664,1440
fold_1,direct_d5_relative,0.05,generator_all,4,60,0.056302450597286224,0.9436975494027138,10.238119125366211,15.841207504272461,1440
fold_1,direct_d5_relative,0.1,generator_all,4,60,0.055832285434007645,0.9441677145659924,10.114686012268066,15.638348579406738,1440
fold_1,direct_d5_relative,0.15,generator_all,4,60,0.055605433881282806,0.9443945661187172,10.023258209228516,15.452974319458008,1440
fold_1,direct_d5_relative,0.2,generator_all,4,60,0.055487122386693954,0.944512877613306,9.950427055358887,15.285717964172363,1440
fold_1,direct_d5_relative,0.25,generator_all,4,60,0.055470794439315796,0.9445292055606842,9.89590072631836,15.13718318939209,1440
fold_1,direct_d5_relative,0.3,generator_all,4,60,0.055544111877679825,0.9444558881223202,9.857430458068848,15.00792407989502,1440
fold_1,direct_d5_relative,0.35,generator_all,4,60,0.05572845786809921,0.9442715421319008,9.83843994140625,14.898442268371582,1440
fold_1,direct_d5_relative,0.4,generator_all,4,60,0.05602980777621269,0.9439701922237873,9.84036636352539,14.80917739868164,1440
fold_1,direct_d5_relative,0.45,generator_all,4,60,0.05644611269235611,0.9435538873076439,9.86056900024414,14.740496635437012,1440
fold_1,direct_d5_relative,0.5,generator_all,4,60,0.05694860965013504,0.943051390349865,9.89586067199707,14.692687034606934,1440
fold_1,direct_d5_relative,0.55,generator_all,4,60,0.05752401426434517,0.9424759857356548,9.943900108337402,14.665955543518066,1440
fold_1,direct_d5_relative,0.6,generator_all,4,60,0.05817253887653351,0.9418274611234665,10.005352020263672,14.660415649414062,1440
fold_1,direct_d5_relative,0.65,generator_all,4,60,0.05889250338077545,0.9411074966192245,10.081198692321777,14.676091194152832,1440
fold_1,direct_d5_relative,0.7,generator_all,4,60,0.059690918773412704,0.9403090812265873,10.17115592956543,14.712913513183594,1440
fold_1,direct_d5_relative,0.75,generator_all,4,60,0.06055772677063942,0.9394422732293606,10.272917747497559,14.770727157592773,1440
fold_1,direct_d5_relative,0.8,generator_all,4,60,0.06148770824074745,0.9385122917592525,10.386191368103027,14.849286079406738,1440
fold_1,direct_d5_relative,0.85,generator_all,4,60,0.06251205503940582,0.9374879449605942,10.516642570495605,14.948261260986328,1440
fold_1,direct_d5_relative,0.9,generator_all,4,60,0.06362346559762955,0.9363765344023705,10.663355827331543,15.067252159118652,1440
fold_1,direct_d5_relative,0.95,generator_all,4,60,0.0647936537861824,0.9352063462138176,10.822051048278809,15.205788612365723,1440
fold_1,direct_d5_relative,1.0,generator_all,4,60,0.06600943952798843,0.9339905604720116,10.989727020263672,15.36334228515625,1440
fold_1,direct_d5_relative,0.0,generator_all,5,75,0.06733841449022293,0.9326615855097771,12.210098266601562,18.528236389160156,1440
fold_1,direct_d5_relative,0.05,generator_all,5,75,0.06659650057554245,0.9334034994244576,12.039542198181152,18.28780746459961,1440
fold_1,direct_d5_relative,0.1,generator_all,5,75,0.06631307303905487,0.9336869269609451,11.921052932739258,18.071775436401367,1440
fold_1,direct_d5_relative,0.15,generator_all,5,75,0.06623996794223785,0.9337600320577621,11.831751823425293,17.881025314331055,1440
fold_1,direct_d5_relative,0.2,generator_all,5,75,0.06629511713981628,0.9337048828601837,11.762845993041992,17.71637535095215,1440
fold_1,direct_d5_relative,0.25,generator_all,5,75,0.0665021762251854,0.9334978237748146,11.716818809509277,17.578554153442383,1440
fold_1,direct_d5_relative,0.3,generator_all,5,75,0.06686246395111084,0.9331375360488892,11.69582748413086,17.468198776245117,1440
fold_1,direct_d5_relative,0.35,generator_all,5,75,0.0673813596367836,0.9326186403632164,11.701473236083984,17.385835647583008,1440
fold_1,direct_d5_relative,0.4,generator_all,5,75,0.06800948083400726,0.9319905191659927,11.724701881408691,17.33186149597168,1440
fold_1,direct_d5_relative,0.45,generator_all,5,75,0.06875865906476974,0.9312413409352303,11.767382621765137,17.306541442871094,1440
fold_1,direct_d5_relative,0.5,generator_all,5,75,0.06958075612783432,0.9304192438721657,11.823948860168457,17.309999465942383,1440
fold_1,direct_d5_relative,0.55,generator_all,5,75,0.07052964717149734,0.9294703528285027,11.903696060180664,17.34222412109375,1440
fold_1,direct_d5_relative,0.6,generator_all,5,75,0.07160768657922745,0.9283923134207726,12.00691032409668,17.403047561645508,1440
fold_1,direct_d5_relative,0.65,generator_all,5,75,0.0727720856666565,0.9272279143333435,12.126714706420898,17.492177963256836,1440
fold_1,direct_d5_relative,0.7,generator_all,5,75,0.07400567084550858,0.9259943291544914,12.26024055480957,17.60918426513672,1440
fold_1,direct_d5_relative,0.75,generator_all,5,75,0.07531217485666275,0.9246878251433372,12.408045768737793,17.75351333618164,1440
fold_1,direct_d5_relative,0.8,generator_all,5,75,0.07672449946403503,0.923275500535965,12.574784278869629,17.92450714111328,1440
fold_1,direct_d5_relative,0.85,generator_all,5,75,0.07822657376527786,0.9217734262347221,12.758230209350586,18.121408462524414,1440
fold_1,direct_d5_relative,0.9,generator_all,5,75,0.07978884130716324,0.9202111586928368,12.953694343566895,18.343385696411133,1440
fold_1,direct_d5_relative,0.95,generator_all,5,75,0.08140003681182861,0.9185999631881714,13.15832805633545,18.58953857421875,1440
fold_1,direct_d5_relative,1.0,generator_all,5,75,0.08306582272052765,0.9169341772794724,13.371637344360352,18.85892105102539,1440
fold_1,direct_d5_relative,0.0,generator_all,6,90,0.07712961733341217,0.9228703826665878,13.94482135772705,20.69964027404785,1440
fold_1,direct_d5_relative,0.05,generator_all,6,90,0.07638981938362122,0.9236101806163788,13.763054847717285,20.431724548339844,1440
fold_1,direct_d5_relative,0.1,generator_all,6,90,0.07623986154794693,0.9237601384520531,13.64680004119873,20.19597053527832,1440
fold_1,direct_d5_relative,0.15,generator_all,6,90,0.07630247622728348,0.9236975237727165,13.564911842346191,19.99352264404297,1440
fold_1,direct_d5_relative,0.2,generator_all,6,90,0.07655880600214005,0.92344119399786,13.51396656036377,19.825393676757812,1440
fold_1,direct_d5_relative,0.25,generator_all,6,90,0.07696609199047089,0.9230339080095291,13.487359046936035,19.692466735839844,1440
fold_1,direct_d5_relative,0.3,generator_all,6,90,0.07750807702541351,0.9224919229745865,13.483802795410156,19.595457077026367,1440
fold_1,direct_d5_relative,0.35,generator_all,6,90,0.07823358476161957,0.9217664152383804,13.509952545166016,19.534900665283203,1440
fold_1,direct_d5_relative,0.4,generator_all,6,90,0.0791059359908104,0.9208940640091896,13.558747291564941,19.511137008666992,1440
fold_1,direct_d5_relative,0.45,generator_all,6,90,0.0801151916384697,0.9198848083615303,13.63086986541748,19.52429962158203,1440
fold_1,direct_d5_relative,0.5,generator_all,6,90,0.0812959223985672,0.9187040776014328,13.733301162719727,19.574312210083008,1440
fold_1,direct_d5_relative,0.55,generator_all,6,90,0.08258233964443207,0.9174176603555679,13.855452537536621,19.66089630126953,1440
fold_1,direct_d5_relative,0.6,generator_all,6,90,0.08397269994020462,0.9160273000597954,13.995125770568848,19.783571243286133,1440
fold_1,direct_d5_relative,0.65,generator_all,6,90,0.08549652248620987,0.9145034775137901,14.15857982635498,19.94167137145996,1440
fold_1,direct_d5_relative,0.7,generator_all,6,90,0.08711957186460495,0.912880428135395,14.340250968933105,20.13435935974121,1440
fold_1,direct_d5_relative,0.75,generator_all,6,90,0.08882565796375275,0.9111743420362473,14.536474227905273,20.36065673828125,1440
fold_1,direct_d5_relative,0.8,generator_all,6,90,0.09061306715011597,0.909386932849884,14.74626636505127,20.619457244873047,1440
fold_1,direct_d5_relative,0.85,generator_all,6,90,0.092474065721035,0.907525934278965,14.969688415527344,20.909549713134766,1440
fold_1,direct_d5_relative,0.9,generator_all,6,90,0.09442533552646637,0.9055746644735336,15.209757804870605,21.229656219482422,1440
fold_1,direct_d5_relative,0.95,generator_all,6,90,0.09647250920534134,0.9035274907946587,15.465858459472656,21.57843780517578,1440
fold_1,direct_d5_relative,1.0,generator_all,6,90,0.09857577085494995,0.90142422914505,15.731651306152344,21.95452880859375,1440
fold_1,direct_d5_relative,0.0,generator_all,7,105,0.08517687022686005,0.91482312977314,15.34381103515625,22.480789184570312,1440
fold_1,direct_d5_relative,0.05,generator_all,7,105,0.08458003401756287,0.9154199659824371,15.17248249053955,22.20928382873535,1440
fold_1,direct_d5_relative,0.1,generator_all,7,105,0.0845642164349556,0.9154357835650444,15.059815406799316,21.974258422851562,1440
fold_1,direct_d5_relative,0.15,generator_all,7,105,0.0847151130437851,0.9152848869562149,14.973665237426758,21.77689552307129,1440
fold_1,direct_d5_relative,0.2,generator_all,7,105,0.08507923036813736,0.9149207696318626,14.920854568481445,21.618221282958984,1440
fold_1,direct_d5_relative,0.25,generator_all,7,105,0.08550871908664703,0.914491280913353,14.879693031311035,21.49909782409668,1440
fold_1,direct_d5_relative,0.3,generator_all,7,105,0.08612353354692459,0.9138764664530754,14.867521286010742,21.420183181762695,1440
fold_1,direct_d5_relative,0.35,generator_all,7,105,0.08691912889480591,0.9130808711051941,14.884117126464844,21.381921768188477,1440
fold_1,direct_d5_relative,0.4,generator_all,7,105,0.08787094801664352,0.9121290519833565,14.925880432128906,21.384532928466797,1440
fold_1,direct_d5_relative,0.45,generator_all,7,105,0.08898963034152985,0.9110103696584702,14.995172500610352,21.428001403808594,1440
fold_1,direct_d5_relative,0.5,generator_all,7,105,0.09025371074676514,0.9097462892532349,15.088401794433594,21.5120792388916,1440
fold_1,direct_d5_relative,0.55,generator_all,7,105,0.09166561812162399,0.908334381878376,15.207894325256348,21.63629150390625,1440
fold_1,direct_d5_relative,0.6,generator_all,7,105,0.09316961467266083,0.9068303853273392,15.345297813415527,21.79995346069336,1440
fold_1,direct_d5_relative,0.65,generator_all,7,105,0.09477678686380386,0.9052232131361961,15.500553131103516,22.002185821533203,1440
fold_1,direct_d5_relative,0.7,generator_all,7,105,0.09653398394584656,0.9034660160541534,15.679275512695312,22.2419376373291,1440
fold_1,direct_d5_relative,0.75,generator_all,7,105,0.09840577095746994,0.9015942290425301,15.876827239990234,22.518007278442383,1440
fold_1,direct_d5_relative,0.8,generator_all,7,105,0.1003861352801323,0.8996138647198677,16.092546463012695,22.829078674316406,1440
fold_1,direct_d5_relative,0.85,generator_all,7,105,0.10243987292051315,0.8975601270794868,16.321666717529297,23.173742294311523,1440
fold_1,direct_d5_relative,0.9,generator_all,7,105,0.10455998033285141,0.8954400196671486,16.562808990478516,23.550521850585938,1440
fold_1,direct_d5_relative,0.95,generator_all,7,105,0.10674653947353363,0.8932534605264664,16.816680908203125,23.957902908325195,1440
fold_1,direct_d5_relative,1.0,generator_all,7,105,0.10903603583574295,0.890963964164257,17.088668823242188,24.394357681274414,1440
fold_1,direct_d5_relative,0.0,generator_all,8,120,0.09254614263772964,0.9074538573622704,16.64529037475586,23.961599349975586,1440
fold_1,direct_d5_relative,0.05,generator_all,8,120,0.0920323058962822,0.9079676941037178,16.469783782958984,23.671415328979492,1440
fold_1,direct_d5_relative,0.1,generator_all,8,120,0.09211603552103043,0.9078839644789696,16.357086181640625,23.42464256286621,1440
fold_1,direct_d5_relative,0.15,generator_all,8,120,0.09239550679922104,0.907604493200779,16.273670196533203,23.222667694091797,1440
fold_1,direct_d5_relative,0.2,generator_all,8,120,0.09285715222358704,0.907142847776413,16.217002868652344,23.06667137145996,1440
fold_1,direct_d5_relative,0.25,generator_all,8,120,0.09344176948070526,0.9065582305192947,16.18006134033203,22.957582473754883,1440
fold_1,direct_d5_relative,0.3,generator_all,8,120,0.09419197589159012,0.9058080241084099,16.16854476928711,22.89607810974121,1440
fold_1,direct_d5_relative,0.35,generator_all,8,120,0.09511835128068924,0.9048816487193108,16.185894012451172,22.882539749145508,1440
fold_1,direct_d5_relative,0.4,generator_all,8,120,0.09618975222110748,0.9038102477788925,16.22803497314453,22.91705322265625,1440
fold_1,direct_d5_relative,0.45,generator_all,8,120,0.09740468859672546,0.9025953114032745,16.293140411376953,22.999401092529297,1440
fold_1,direct_d5_relative,0.5,generator_all,8,120,0.09882641583681107,0.9011735841631889,16.390522003173828,23.129074096679688,1440
fold_1,direct_d5_relative,0.55,generator_all,8,120,0.10035434365272522,0.8996456563472748,16.505985260009766,23.305278778076172,1440
fold_1,direct_d5_relative,0.6,generator_all,8,120,0.10201616585254669,0.8979838341474533,16.645042419433594,23.526975631713867,1440
fold_1,direct_d5_relative,0.65,generator_all,8,120,0.1038699820637703,0.8961300179362297,16.815032958984375,23.792884826660156,1440
fold_1,direct_d5_relative,0.7,generator_all,8,120,0.1059107705950737,0.8940892294049263,17.015419006347656,24.101552963256836,1440
fold_1,direct_d5_relative,0.75,generator_all,8,120,0.1080811619758606,0.8919188380241394,17.239057540893555,24.451351165771484,1440
fold_1,direct_d5_relative,0.8,generator_all,8,120,0.1103270947933197,0.8896729052066803,17.47604751586914,24.84054946899414,1440
fold_1,direct_d5_relative,0.85,generator_all,8,120,0.11266302317380905,0.887336976826191,17.72832489013672,25.267322540283203,1440
fold_1,direct_d5_relative,0.9,generator_all,8,120,0.11512018740177155,0.8848798125982285,18.000686645507812,25.729801177978516,1440
fold_1,direct_d5_relative,0.95,generator_all,8,120,0.11766205728054047,0.8823379427194595,18.288129806518555,26.226099014282227,1440
fold_1,direct_d5_relative,1.0,generator_all,8,120,0.12030129134654999,0.87969870865345,18.594148635864258,26.754331588745117,1440
fold_2,direct_d5_relative,0.0,generator_1,1,15,0.034366410225629807,0.9656335897743702,1.4209353923797607,2.2386233806610107,1440
fold_2,direct_d5_relative,0.05,generator_1,1,15,0.034210070967674255,0.9657899290323257,1.4145176410675049,2.232144832611084,1440
fold_2,direct_d5_relative,0.1,generator_1,1,15,0.03405855596065521,0.9659414440393448,1.4083044528961182,2.225867748260498,1440
fold_2,direct_d5_relative,0.15,generator_1,1,15,0.033914964646101,0.966085035353899,1.4024566411972046,2.2197937965393066,1440
fold_2,direct_d5_relative,0.2,generator_1,1,15,0.03377819061279297,0.966221809387207,1.3968899250030518,2.2139248847961426,1440
fold_2,direct_d5_relative,0.25,generator_1,1,15,0.03364773467183113,0.9663522653281689,1.3915696144104004,2.2082619667053223,1440
fold_2,direct_d5_relative,0.3,generator_1,1,15,0.03352466970682144,0.9664753302931786,1.3865504264831543,2.2028071880340576,1440
fold_2,direct_d5_relative,0.35,generator_1,1,15,0.03340963274240494,0.9665903672575951,1.3818739652633667,2.1975619792938232,1440
fold_2,direct_d5_relative,0.4,generator_1,1,15,0.03330551087856293,0.9666944891214371,1.377647876739502,2.1925277709960938,1440
fold_2,direct_d5_relative,0.45,generator_1,1,15,0.03321048989892006,0.9667895101010799,1.3738011121749878,2.187706232070923,1440
fold_2,direct_d5_relative,0.5,generator_1,1,15,0.03312132507562637,0.9668786749243736,1.3702000379562378,2.183098316192627,1440
fold_2,direct_d5_relative,0.55,generator_1,1,15,0.03304124251008034,0.9669587574899197,1.3669902086257935,2.1787056922912598,1440
fold_2,direct_d5_relative,0.6,generator_1,1,15,0.03297015652060509,0.9670298434793949,1.364173173904419,2.174530029296875,1440
fold_2,direct_d5_relative,0.65,generator_1,1,15,0.03290856257081032,0.9670914374291897,1.3617465496063232,2.170571804046631,1440
fold_2,direct_d5_relative,0.7,generator_1,1,15,0.032852333039045334,0.9671476669609547,1.3595373630523682,2.166832685470581,1440
fold_2,direct_d5_relative,0.75,generator_1,1,15,0.03280259296298027,0.9671974070370197,1.3575719594955444,2.163313865661621,1440
fold_2,direct_d5_relative,0.8,generator_1,1,15,0.032758649438619614,0.9672413505613804,1.3558505773544312,2.1600160598754883,1440
fold_2,direct_d5_relative,0.85,generator_1,1,15,0.032721634954214096,0.9672783650457859,1.3544148206710815,2.156940460205078,1440
fold_2,direct_d5_relative,0.9,generator_1,1,15,0.03269241377711296,0.967307586222887,1.3532962799072266,2.154088258743286,1440
fold_2,direct_d5_relative,0.95,generator_1,1,15,0.03267046436667442,0.9673295356333256,1.3525019884109497,2.1514601707458496,1440
fold_2,direct_d5_relative,1.0,generator_1,1,15,0.032658956944942474,0.9673410430550575,1.3521322011947632,2.1490566730499268,1440
fold_2,direct_d5_relative,0.0,generator_1,2,30,0.04905669018626213,0.9509433098137379,2.025379180908203,3.1833860874176025,1440
fold_2,direct_d5_relative,0.05,generator_1,2,30,0.04882536083459854,0.9511746391654015,2.0160810947418213,3.1717453002929688,1440
fold_2,direct_d5_relative,0.1,generator_1,2,30,0.04860128462314606,0.9513987153768539,2.007093906402588,3.1604371070861816,1440
fold_2,direct_d5_relative,0.15,generator_1,2,30,0.04838362708687782,0.9516163729131222,1.9983571767807007,3.149465799331665,1440
fold_2,direct_d5_relative,0.2,generator_1,2,30,0.048178911209106445,0.9518210887908936,1.9901511669158936,3.138834238052368,1440
fold_2,direct_d5_relative,0.25,generator_1,2,30,0.04798493906855583,0.9520150609314442,1.982395052909851,3.1285464763641357,1440
fold_2,direct_d5_relative,0.3,generator_1,2,30,0.047799620777368546,0.9522003792226315,1.9750285148620605,3.118605613708496,1440
fold_2,direct_d5_relative,0.35,generator_1,2,30,0.04762329161167145,0.9523767083883286,1.9680328369140625,3.1090149879455566,1440
fold_2,direct_d5_relative,0.4,generator_1,2,30,0.0474637970328331,0.9525362029671669,1.961694359779358,3.099777936935425,1440
fold_2,direct_d5_relative,0.45,generator_1,2,30,0.04731914773583412,0.9526808522641659,1.9559530019760132,3.090897798538208,1440
fold_2,direct_d5_relative,0.5,generator_1,2,30,0.04719598591327667,0.9528040140867233,1.9511305093765259,3.0823774337768555,1440
fold_2,direct_d5_relative,0.55,generator_1,2,30,0.04710286110639572,0.9528971388936043,1.9475175142288208,3.0742199420928955,1440
fold_2,direct_d5_relative,0.6,generator_1,2,30,0.04703206568956375,0.9529679343104362,1.9447723627090454,3.066427707672119,1440
fold_2,direct_d5_relative,0.65,generator_1,2,30,0.04697352647781372,0.9530264735221863,1.9425619840621948,3.059004306793213,1440
fold_2,direct_d5_relative,0.7,generator_1,2,30,0.04692726209759712,0.9530727379024029,1.9408745765686035,3.0519521236419678,1440
fold_2,direct_d5_relative,0.75,generator_1,2,30,0.04689104110002518,0.9531089588999748,1.939621090888977,3.045273542404175,1440
fold_2,direct_d5_relative,0.8,generator_1,2,30,0.0468672439455986,0.9531327560544014,1.938929557800293,3.038971185684204,1440
fold_2,direct_d5_relative,0.85,generator_1,2,30,0.046857334673404694,0.9531426653265953,1.9388664960861206,3.0330474376678467,1440
fold_2,direct_d5_relative,0.9,generator_1,2,30,0.04685939848423004,0.95314060151577,1.939341425895691,3.0275046825408936,1440
fold_2,direct_d5_relative,0.95,generator_1,2,30,0.04687196761369705,0.953128032386303,1.940247654914856,3.0223445892333984,1440
fold_2,direct_d5_relative,1.0,generator_1,2,30,0.046893734484910965,0.953106265515089,1.941503882408142,3.017569065093994,1440
fold_2,direct_d5_relative,0.0,generator_1,3,45,0.058899298310279846,0.9411007016897202,2.4220409393310547,3.8447861671447754,1440
fold_2,direct_d5_relative,0.05,generator_1,3,45,0.05863888934254646,0.9413611106574535,2.411724090576172,3.82942795753479,1440
fold_2,direct_d5_relative,0.1,generator_1,3,45,0.05839437246322632,0.9416056275367737,2.4021098613739014,3.8144516944885254,1440
fold_2,direct_d5_relative,0.15,generator_1,3,45,0.05816718563437462,0.9418328143656254,2.393207550048828,3.79986310005188,1440
fold_2,direct_d5_relative,0.2,generator_1,3,45,0.05795970559120178,0.9420402944087982,2.3851571083068848,3.785665512084961,1440
fold_2,direct_d5_relative,0.25,generator_1,3,45,0.057778410613536835,0.9422215893864632,2.3781802654266357,3.7718639373779297,1440
fold_2,direct_d5_relative,0.3,generator_1,3,45,0.057618629187345505,0.9423813708126545,2.372148036956787,3.75846266746521,1440
fold_2,direct_d5_relative,0.35,generator_1,3,45,0.057474587112665176,0.9425254128873348,2.3667972087860107,3.7454662322998047,1440
fold_2,direct_d5_relative,0.4,generator_1,3,45,0.05734876170754433,0.9426512382924557,2.3622868061065674,3.7328782081604004,1440
fold_2,direct_d5_relative,0.45,generator_1,3,45,0.0572383739054203,0.9427616260945797,2.358428716659546,3.720703601837158,1440
fold_2,direct_d5_relative,0.5,generator_1,3,45,0.05713728442788124,0.9428627155721188,2.354959487915039,3.7089455127716064,1440
fold_2,direct_d5_relative,0.55,generator_1,3,45,0.05705104395747185,0.9429489560425282,2.3521158695220947,3.697608470916748,1440
fold_2,direct_d5_relative,0.6,generator_1,3,45,0.0569785013794899,0.9430214986205101,2.3498237133026123,3.686696767807007,1440
fold_2,direct_d5_relative,0.65,generator_1,3,45,0.05693080648779869,0.9430691935122013,2.3485212326049805,3.676213502883911,1440
fold_2,direct_d5_relative,0.7,generator_1,3,45,0.056898921728134155,0.9431010782718658,2.3478739261627197,3.6661624908447266,1440
fold_2,direct_d5_relative,0.75,generator_1,3,45,0.056888315826654434,0.9431116841733456,2.3481032848358154,3.6565473079681396,1440
fold_2,direct_d5_relative,0.8,generator_1,3,45,0.05689249187707901,0.943107508122921,2.3489341735839844,3.647371530532837,1440
fold_2,direct_d5_relative,0.85,generator_1,3,45,0.05691127851605415,0.9430887214839458,2.3503317832946777,3.638638734817505,1440
fold_2,direct_d5_relative,0.9,generator_1,3,45,0.056947775185108185,0.9430522248148918,2.3524506092071533,3.6303515434265137,1440
fold_2,direct_d5_relative,0.95,generator_1,3,45,0.05699479952454567,0.9430052004754543,2.354994773864746,3.6225132942199707,1440
fold_2,direct_d5_relative,1.0,generator_1,3,45,0.05704837292432785,0.9429516270756721,2.3578250408172607,3.6151270866394043,1440
fold_2,direct_d5_relative,0.0,generator_1,4,60,0.06910600513219833,0.9308939948678017,2.842660903930664,4.379054069519043,1440
fold_2,direct_d5_relative,0.05,generator_1,4,60,0.06873580068349838,0.9312641993165016,2.8283114433288574,4.3567633628845215,1440
fold_2,direct_d5_relative,0.1,generator_1,4,60,0.06840618699789047,0.9315938130021095,2.815763235092163,4.335070610046387,1440
fold_2,direct_d5_relative,0.15,generator_1,4,60,0.06811593472957611,0.9318840652704239,2.804872751235962,4.313983917236328,1440
fold_2,direct_d5_relative,0.2,generator_1,4,60,0.06784538924694061,0.9321546107530594,2.794858694076538,4.29351282119751,1440
fold_2,direct_d5_relative,0.25,generator_1,4,60,0.06759975105524063,0.9324002489447594,2.7859113216400146,4.273665904998779,1440
fold_2,direct_d5_relative,0.3,generator_1,4,60,0.067379429936409,0.932620570063591,2.77803373336792,4.254451751708984,1440
fold_2,direct_d5_relative,0.35,generator_1,4,60,0.0671907588839531,0.9328092411160469,2.7714195251464844,4.235879421234131,1440
fold_2,direct_d5_relative,0.4,generator_1,4,60,0.06701752543449402,0.932982474565506,2.765427589416504,4.21795654296875,1440
fold_2,direct_d5_relative,0.45,generator_1,4,60,0.0668620616197586,0.9331379383802414,2.760228395462036,4.200692653656006,1440
fold_2,direct_d5_relative,0.5,generator_1,4,60,0.06672245264053345,0.9332775473594666,2.7557613849639893,4.1840949058532715,1440
fold_2,direct_d5_relative,0.55,generator_1,4,60,0.06661894172430038,0.9333810582756996,2.7528700828552246,4.1681718826293945,1440
fold_2,direct_d5_relative,0.6,generator_1,4,60,0.0665399357676506,0.9334600642323494,2.75103497505188,4.152930736541748,1440
fold_2,direct_d5_relative,0.65,generator_1,4,60,0.06647492200136185,0.9335250779986382,2.749774694442749,4.138379096984863,1440
fold_2,direct_d5_relative,0.7,generator_1,4,60,0.06642627716064453,0.9335737228393555,2.7491796016693115,4.12452507019043,1440
fold_2,direct_d5_relative,0.75,generator_1,4,60,0.06640090048313141,0.9335990995168686,2.749601125717163,4.111374855041504,1440
fold_2,direct_d5_relative,0.8,generator_1,4,60,0.06638888269662857,0.9336111173033714,2.750598907470703,4.098935604095459,1440
fold_2,direct_d5_relative,0.85,generator_1,4,60,0.06638755649328232,0.9336124435067177,2.752060890197754,4.087213516235352,1440
fold_2,direct_d5_relative,0.9,generator_1,4,60,0.06639815121889114,0.9336018487811089,2.754053831100464,4.0762152671813965,1440
fold_2,direct_d5_relative,0.95,generator_1,4,60,0.06642317771911621,0.9335768222808838,2.756603240966797,4.065946102142334,1440
fold_2,direct_d5_relative,1.0,generator_1,4,60,0.06646434217691422,0.9335356578230858,2.759781837463379,4.056412220001221,1440
fold_2,direct_d5_relative,0.0,generator_1,5,75,0.07843227684497833,0.9215677231550217,3.2316243648529053,4.838404178619385,1440
fold_2,direct_d5_relative,0.05,generator_1,5,75,0.07799271494150162,0.9220072850584984,3.21479868888855,4.809764862060547,1440
fold_2,direct_d5_relative,0.1,generator_1,5,75,0.07759380340576172,0.9224061965942383,3.199756622314453,4.781952857971191,1440
fold_2,direct_d5_relative,0.15,generator_1,5,75,0.07723823934793472,0.9227617606520653,3.186596393585205,4.754981517791748,1440
fold_2,direct_d5_relative,0.2,generator_1,5,75,0.07690354436635971,0.9230964556336403,3.174337387084961,4.7288665771484375,1440
fold_2,direct_d5_relative,0.25,generator_1,5,75,0.07659750431776047,0.9234024956822395,3.1632487773895264,4.7036213874816895,1440
fold_2,direct_d5_relative,0.3,generator_1,5,75,0.07631753385066986,0.9236824661493301,3.1533169746398926,4.679260730743408,1440
fold_2,direct_d5_relative,0.35,generator_1,5,75,0.07607613503932953,0.9239238649606705,3.1450345516204834,4.655798435211182,1440
fold_2,direct_d5_relative,0.4,generator_1,5,75,0.07587768882513046,0.9241223111748695,3.138624668121338,4.633247375488281,1440
fold_2,direct_d5_relative,0.45,generator_1,5,75,0.07570597529411316,0.9242940247058868,3.13337779045105,4.611621856689453,1440
fold_2,direct_d5_relative,0.5,generator_1,5,75,0.07556475698947906,0.9244352430105209,3.1295456886291504,4.5909342765808105,1440
fold_2,direct_d5_relative,0.55,generator_1,5,75,0.07544196397066116,0.9245580360293388,3.126479387283325,4.571197509765625,1440
fold_2,direct_d5_relative,0.6,generator_1,5,75,0.07534027099609375,0.9246597290039062,3.124343156814575,4.552424430847168,1440
fold_2,direct_d5_relative,0.65,generator_1,5,75,0.07526501268148422,0.9247349873185158,3.123415470123291,4.534626483917236,1440
fold_2,direct_d5_relative,0.7,generator_1,5,75,0.07521363347768784,0.9247863665223122,3.1235647201538086,4.517815113067627,1440
fold_2,direct_d5_relative,0.75,generator_1,5,75,0.07520517706871033,0.9247948229312897,3.125556468963623,4.502001762390137,1440
fold_2,direct_d5_relative,0.8,generator_1,5,75,0.07521436363458633,0.9247856363654137,3.128293752670288,4.487196922302246,1440
fold_2,direct_d5_relative,0.85,generator_1,5,75,0.07523088157176971,0.9247691184282303,3.1313672065734863,4.473410129547119,1440
fold_2,direct_d5_relative,0.9,generator_1,5,75,0.0752626582980156,0.9247373417019844,3.1350862979888916,4.460651397705078,1440
fold_2,direct_d5_relative,0.95,generator_1,5,75,0.07531009614467621,0.9246899038553238,3.1394283771514893,4.448929309844971,1440
fold_2,direct_d5_relative,1.0,generator_1,5,75,0.07538186758756638,0.9246181324124336,3.1448278427124023,4.4382524490356445,1440
fold_2,direct_d5_relative,0.0,generator_1,6,90,0.08647526800632477,0.9135247319936752,3.5643534660339355,5.230025768280029,1440
fold_2,direct_d5_relative,0.05,generator_1,6,90,0.08589302748441696,0.914106972515583,3.54148006439209,5.195247173309326,1440
fold_2,direct_d5_relative,0.1,generator_1,6,90,0.08536847680807114,0.9146315231919289,3.521188735961914,5.161623001098633,1440
fold_2,direct_d5_relative,0.15,generator_1,6,90,0.08488896489143372,0.9151110351085663,3.503002643585205,5.129176139831543,1440
fold_2,direct_d5_relative,0.2,generator_1,6,90,0.08445819467306137,0.9155418053269386,3.4870011806488037,5.097929000854492,1440
fold_2,direct_d5_relative,0.25,generator_1,6,90,0.08406662195920944,0.9159333780407906,3.47267484664917,5.0679030418396,1440
fold_2,direct_d5_relative,0.3,generator_1,6,90,0.08372120559215546,0.9162787944078445,3.4604084491729736,5.039121627807617,1440
fold_2,direct_d5_relative,0.35,generator_1,6,90,0.08341345191001892,0.9165865480899811,3.4499292373657227,5.0116047859191895,1440
fold_2,direct_d5_relative,0.4,generator_1,6,90,0.08315476030111313,0.9168452396988869,3.441671371459961,4.985374450683594,1440
fold_2,direct_d5_relative,0.45,generator_1,6,90,0.08293983340263367,0.9170601665973663,3.435335397720337,4.960450649261475,1440
fold_2,direct_d5_relative,0.5,generator_1,6,90,0.08277980983257294,0.9172201901674271,3.431490421295166,4.936852931976318,1440
fold_2,direct_d5_relative,0.55,generator_1,6,90,0.08266547322273254,0.9173345267772675,3.4297783374786377,4.914600849151611,1440
fold_2,direct_d5_relative,0.6,generator_1,6,90,0.08259901404380798,0.917400985956192,3.4301748275756836,4.893712043762207,1440
fold_2,direct_d5_relative,0.65,generator_1,6,90,0.08257409930229187,0.9174259006977081,3.432429313659668,4.874204635620117,1440
fold_2,direct_d5_relative,0.7,generator_1,6,90,0.08258974552154541,0.9174102544784546,3.4364030361175537,4.856095314025879,1440
fold_2,direct_d5_relative,0.75,generator_1,6,90,0.0826377123594284,0.9173622876405716,3.441739797592163,4.839399814605713,1440
fold_2,direct_d5_relative,0.8,generator_1,6,90,0.0827016606926918,0.9172983393073082,3.4477641582489014,4.824131965637207,1440
fold_2,direct_d5_relative,0.85,generator_1,6,90,0.08279427140951157,0.9172057285904884,3.4550132751464844,4.810306549072266,1440
fold_2,direct_d5_relative,0.9,generator_1,6,90,0.08290982991456985,0.9170901700854301,3.4632513523101807,4.797935485839844,1440
fold_2,direct_d5_relative,0.95,generator_1,6,90,0.08304862678050995,0.91695137321949,3.4725534915924072,4.78702974319458,1440
fold_2,direct_d5_relative,1.0,generator_1,6,90,0.08321302384138107,0.9167869761586189,3.4829704761505127,4.777599811553955,1440
fold_2,direct_d5_relative,0.0,generator_1,7,105,0.09424041956663132,0.9057595804333687,3.8819611072540283,5.565253734588623,1440
fold_2,direct_d5_relative,0.05,generator_1,7,105,0.09355968981981277,0.9064403101801872,3.8552136421203613,5.524898529052734,1440
fold_2,direct_d5_relative,0.1,generator_1,7,105,0.09293258190155029,0.9070674180984497,3.830923557281494,5.4858198165893555,1440
fold_2,direct_d5_relative,0.15,generator_1,7,105,0.09234856814146042,0.9076514318585396,3.808662176132202,5.448046684265137,1440
fold_2,direct_d5_relative,0.2,generator_1,7,105,0.09182742238044739,0.9081725776195526,3.7892415523529053,5.411605358123779,1440
fold_2,direct_d5_relative,0.25,generator_1,7,105,0.09135742485523224,0.9086425751447678,3.772076368331909,5.376523017883301,1440
fold_2,direct_d5_relative,0.3,generator_1,7,105,0.09092399477958679,0.9090760052204132,3.7566399574279785,5.3428263664245605,1440
fold_2,direct_d5_relative,0.35,generator_1,7,105,0.09051335602998734,0.9094866439700127,3.7422940731048584,5.310542583465576,1440
fold_2,direct_d5_relative,0.4,generator_1,7,105,0.09015578031539917,0.9098442196846008,3.7302768230438232,5.279696464538574,1440
fold_2,direct_d5_relative,0.45,generator_1,7,105,0.08985233306884766,0.9101476669311523,3.7206404209136963,5.250314235687256,1440
fold_2,direct_d5_relative,0.5,generator_1,7,105,0.08959037065505981,0.9104096293449402,3.712782382965088,5.2224202156066895,1440
fold_2,direct_d5_relative,0.55,generator_1,7,105,0.08936601132154465,0.9106339886784554,3.7066524028778076,5.196038246154785,1440
fold_2,direct_d5_relative,0.6,generator_1,7,105,0.08918619900941849,0.9108138009905815,3.702461004257202,5.171192169189453,1440
fold_2,direct_d5_relative,0.65,generator_1,7,105,0.08906383812427521,0.9109361618757248,3.7008087635040283,5.147902965545654,1440
fold_2,direct_d5_relative,0.7,generator_1,7,105,0.08897709101438522,0.9110229089856148,3.7007012367248535,5.126193046569824,1440
fold_2,direct_d5_relative,0.75,generator_1,7,105,0.08891896903514862,0.9110810309648514,3.7018494606018066,5.106081962585449,1440
fold_2,direct_d5_relative,0.8,generator_1,7,105,0.08889271318912506,0.9111072868108749,3.704418659210205,5.087588787078857,1440
fold_2,direct_d5_relative,0.85,generator_1,7,105,0.08888937532901764,0.9111106246709824,3.7079899311065674,5.070731163024902,1440
fold_2,direct_d5_relative,0.9,generator_1,7,105,0.08891405165195465,0.9110859483480453,3.712782859802246,5.055525302886963,1440
fold_2,direct_d5_relative,0.95,generator_1,7,105,0.08896699547767639,0.9110330045223236,3.7188305854797363,5.04198694229126,1440
fold_2,direct_d5_relative,1.0,generator_1,7,105,0.08904707431793213,0.9109529256820679,3.7260918617248535,5.030128479003906,1440
fold_2,direct_d5_relative,0.0,generator_1,8,120,0.10060849785804749,0.8993915021419525,4.1388325691223145,5.8719587326049805,1440
fold_2,direct_d5_relative,0.05,generator_1,8,120,0.0998086929321289,0.9001913070678711,4.107326984405518,5.826423168182373,1440
fold_2,direct_d5_relative,0.1,generator_1,8,120,0.09910383075475693,0.9008961692452431,4.0802154541015625,5.78226900100708,1440
fold_2,direct_d5_relative,0.15,generator_1,8,120,0.09847649186849594,0.9015235081315041,4.056512355804443,5.739527702331543,1440
fold_2,direct_d5_relative,0.2,generator_1,8,120,0.09792686998844147,0.9020731300115585,4.03628396987915,5.698232650756836,1440
fold_2,direct_d5_relative,0.25,generator_1,8,120,0.09744130074977875,0.9025586992502213,4.01901912689209,5.658414363861084,1440
fold_2,direct_d5_relative,0.3,generator_1,8,120,0.09702140092849731,0.9029785990715027,4.00466251373291,5.6201043128967285,1440
fold_2,direct_d5_relative,0.35,generator_1,8,120,0.09666493535041809,0.9033350646495819,3.993088483810425,5.583333492279053,1440
fold_2,direct_d5_relative,0.4,generator_1,8,120,0.09635918587446213,0.9036408141255379,3.983893394470215,5.548132419586182,1440
fold_2,direct_d5_relative,0.45,generator_1,8,120,0.0960870310664177,0.9039129689335823,3.9761877059936523,5.51453161239624,1440
fold_2,direct_d5_relative,0.5,generator_1,8,120,0.09585589170455933,0.9041441082954407,3.9702744483947754,5.482560157775879,1440
fold_2,direct_d5_relative,0.55,generator_1,8,120,0.0956757441163063,0.9043242558836937,3.9664924144744873,5.45224666595459,1440
fold_2,direct_d5_relative,0.6,generator_1,8,120,0.09551798552274704,0.904482014477253,3.963696002960205,5.423619270324707,1440
fold_2,direct_d5_relative,0.65,generator_1,8,120,0.09539627283811569,0.9046037271618843,3.96243953704834,5.39670467376709,1440
fold_2,direct_d5_relative,0.7,generator_1,8,120,0.09531307220458984,0.9046869277954102,3.96291446685791,5.371528148651123,1440
fold_2,direct_d5_relative,0.75,generator_1,8,120,0.09525115042924881,0.9047488495707512,3.964383363723755,5.348114967346191,1440
fold_2,direct_d5_relative,0.8,generator_1,8,120,0.09519882500171661,0.9048011749982834,3.9662489891052246,5.326488018035889,1440
fold_2,direct_d5_relative,0.85,generator_1,8,120,0.09516700357198715,0.9048329964280128,3.9689064025878906,5.306669235229492,1440
fold_2,direct_d5_relative,0.9,generator_1,8,120,0.09514615684747696,0.904853843152523,3.972003936767578,5.2886786460876465,1440
fold_2,direct_d5_relative,0.95,generator_1,8,120,0.09514066576957703,0.904859334230423,3.975752115249634,5.27253532409668,1440
fold_2,direct_d5_relative,1.0,generator_1,8,120,0.09515539556741714,0.9048446044325829,3.9803316593170166,5.258256435394287,1440
fold_2,direct_d5_relative,0.0,generator_all,1,15,0.018177062273025513,0.9818229377269745,4.562545299530029,7.207851886749268,1440
fold_2,direct_d5_relative,0.05,generator_all,1,15,0.01797100529074669,0.9820289947092533,4.512922286987305,7.135007858276367,1440
fold_2,direct_d5_relative,0.1,generator_all,1,15,0.017775453627109528,0.9822245463728905,4.465848922729492,7.064215660095215,1440
fold_2,direct_d5_relative,0.15,generator_all,1,15,0.017595577985048294,0.9824044220149517,4.422445774078369,6.995538234710693,1440
fold_2,direct_d5_relative,0.2,generator_all,1,15,0.01742914505302906,0.9825708549469709,4.381911754608154,6.9290385246276855,1440
fold_2,direct_d5_relative,0.25,generator_all,1,15,0.017275366932153702,0.9827246330678463,4.34422492980957,6.864779949188232,1440
fold_2,direct_d5_relative,0.3,generator_all,1,15,0.017130030319094658,0.9828699696809053,4.308690547943115,6.802825450897217,1440
fold_2,direct_d5_relative,0.35,generator_all,1,15,0.016996130347251892,0.9830038696527481,4.276051998138428,6.743238925933838,1440
fold_2,direct_d5_relative,0.4,generator_all,1,15,0.016874810680747032,0.983125189319253,4.24654483795166,6.686083793640137,1440
fold_2,direct_d5_relative,0.45,generator_all,1,15,0.016764625906944275,0.9832353740930557,4.219930171966553,6.63142204284668,1440
fold_2,direct_d5_relative,0.5,generator_all,1,15,0.016666419804096222,0.9833335801959038,4.196249008178711,6.57931661605835,1440
fold_2,direct_d5_relative,0.55,generator_all,1,15,0.016577869653701782,0.9834221303462982,4.174952507019043,6.529829025268555,1440
fold_2,direct_d5_relative,0.6,generator_all,1,15,0.01650283858180046,0.9834971614181995,4.157088756561279,6.483018398284912,1440
fold_2,direct_d5_relative,0.65,generator_all,1,15,0.016441134735941887,0.9835588652640581,4.142558574676514,6.438943386077881,1440
fold_2,direct_d5_relative,0.7,generator_all,1,15,0.01638837717473507,0.9836116228252649,4.130177974700928,6.397660732269287,1440
fold_2,direct_d5_relative,0.75,generator_all,1,15,0.01634873077273369,0.9836512692272663,4.120943546295166,6.359224796295166,1440
fold_2,direct_d5_relative,0.8,generator_all,1,15,0.016323434188961983,0.983676565811038,4.115238189697266,6.3236870765686035,1440
fold_2,direct_d5_relative,0.85,generator_all,1,15,0.016306640580296516,0.9836933594197035,4.111584663391113,6.291097164154053,1440
fold_2,direct_d5_relative,0.9,generator_all,1,15,0.016295762732625008,0.983704237267375,4.109304428100586,6.261500835418701,1440
fold_2,direct_d5_relative,0.95,generator_all,1,15,0.016291093081235886,0.9837089069187641,4.1085286140441895,6.234941005706787,1440
fold_2,direct_d5_relative,1.0,generator_all,1,15,0.0162944532930851,0.9837055467069149,4.109618663787842,6.211456298828125,1440
fold_2,direct_d5_relative,0.0,generator_all,2,30,0.030040554702281952,0.969959445297718,7.4697747230529785,11.87929630279541,1440
fold_2,direct_d5_relative,0.05,generator_all,2,30,0.029685981571674347,0.9703140184283257,7.384300231933594,11.754621505737305,1440
fold_2,direct_d5_relative,0.1,generator_all,2,30,0.029354535043239594,0.9706454649567604,7.304348945617676,11.633679389953613,1440
fold_2,direct_d5_relative,0.15,generator_all,2,30,0.0290460754185915,0.9709539245814085,7.230345249176025,11.51658821105957,1440
fold_2,direct_d5_relative,0.2,generator_all,2,30,0.028774140402674675,0.9712258595973253,7.164870738983154,11.40346622467041,1440
fold_2,direct_d5_relative,0.25,generator_all,2,30,0.028527798131108284,0.9714722018688917,7.10554313659668,11.294431686401367,1440
fold_2,direct_d5_relative,0.3,generator_all,2,30,0.02829592302441597,0.971704076975584,7.050036430358887,11.189606666564941,1440
fold_2,direct_d5_relative,0.35,generator_all,2,30,0.02808447740972042,0.9719155225902796,6.999580383300781,11.08910846710205,1440
fold_2,direct_d5_relative,0.4,generator_all,2,30,0.027885720133781433,0.9721142798662186,6.95230770111084,10.99305534362793,1440
fold_2,direct_d5_relative,0.45,generator_all,2,30,0.02770690992474556,0.9722930900752544,6.9102253913879395,10.901566505432129,1440
fold_2,direct_d5_relative,0.5,generator_all,2,30,0.02756238728761673,0.9724376127123833,6.876893520355225,10.814757347106934,1440
fold_2,direct_d5_relative,0.55,generator_all,2,30,0.027440987527370453,0.9725590124726295,6.849369525909424,10.73274040222168,1440
fold_2,direct_d5_relative,0.6,generator_all,2,30,0.02733059972524643,0.9726694002747536,6.824650287628174,10.655628204345703,1440
fold_2,direct_d5_relative,0.65,generator_all,2,30,0.027233488857746124,0.9727665111422539,6.803215026855469,10.583525657653809,1440
fold_2,direct_d5_relative,0.7,generator_all,2,30,0.02715485915541649,0.9728451408445835,6.786317825317383,10.5165376663208,1440
fold_2,direct_d5_relative,0.75,generator_all,2,30,0.02709444984793663,0.9729055501520634,6.774028778076172,10.454761505126953,1440
fold_2,direct_d5_relative,0.8,generator_all,2,30,0.027057498693466187,0.9729425013065338,6.767650127410889,10.39828872680664,1440
fold_2,direct_d5_relative,0.85,generator_all,2,30,0.02703878842294216,0.9729612115770578,6.765933036804199,10.347209930419922,1440
fold_2,direct_d5_relative,0.9,generator_all,2,30,0.027030831202864647,0.9729691687971354,6.76695442199707,10.301603317260742,1440
fold_2,direct_d5_relative,0.95,generator_all,2,30,0.027027757838368416,0.9729722421616316,6.7691168785095215,10.261540412902832,1440
fold_2,direct_d5_relative,1.0,generator_all,2,30,0.02703932859003544,0.9729606714099646,6.774769306182861,10.22708797454834,1440
fold_2,direct_d5_relative,0.0,generator_all,3,45,0.040090564638376236,0.9599094353616238,9.94885540008545,15.638508796691895,1440
fold_2,direct_d5_relative,0.05,generator_all,3,45,0.039588529616594315,0.9604114703834057,9.827693939208984,15.465624809265137,1440
fold_2,direct_d5_relative,0.1,generator_all,3,45,0.039119794964790344,0.9608802050352097,9.714736938476562,15.298460960388184,1440
fold_2,direct_d5_relative,0.15,generator_all,3,45,0.03869842365384102,0.961301576346159,9.61326789855957,15.13720703125,1440
fold_2,direct_d5_relative,0.2,generator_all,3,45,0.038316186517477036,0.961683813482523,9.521523475646973,14.982054710388184,1440
fold_2,direct_d5_relative,0.25,generator_all,3,45,0.03796757385134697,0.962032426148653,9.438724517822266,14.833195686340332,1440
fold_2,direct_d5_relative,0.3,generator_all,3,45,0.0376584529876709,0.9623415470123291,9.366194725036621,14.69081974029541,1440
fold_2,direct_d5_relative,0.35,generator_all,3,45,0.037384819239377975,0.962615180760622,9.30284595489502,14.5551176071167,1440
fold_2,direct_d5_relative,0.4,generator_all,3,45,0.037141863256692886,0.9628581367433071,9.24750804901123,14.426278114318848,1440
fold_2,direct_d5_relative,0.45,generator_all,3,45,0.036921389400959015,0.963078610599041,9.198077201843262,14.304487228393555,1440
fold_2,direct_d5_relative,0.5,generator_all,3,45,0.03672456741333008,0.9632754325866699,9.154692649841309,14.189925193786621,1440
fold_2,direct_d5_relative,0.55,generator_all,3,45,0.03655078634619713,0.9634492136538029,9.116949081420898,14.082768440246582,1440
fold_2,direct_d5_relative,0.6,generator_all,3,45,0.03640218824148178,0.9635978117585182,9.085511207580566,13.98318862915039,1440
fold_2,direct_d5_relative,0.65,generator_all,3,45,0.03627326339483261,0.9637267366051674,9.05898666381836,13.89134693145752,1440
fold_2,direct_d5_relative,0.7,generator_all,3,45,0.036173541098833084,0.9638264589011669,9.039399147033691,13.807398796081543,1440
fold_2,direct_d5_relative,0.75,generator_all,3,45,0.036112044006586075,0.9638879559934139,9.02924919128418,13.731489181518555,1440
fold_2,direct_d5_relative,0.8,generator_all,3,45,0.036067280918359756,0.9639327190816402,9.023152351379395,13.663752555847168,1440
fold_2,direct_d5_relative,0.85,generator_all,3,45,0.036053579300642014,0.963946420699358,9.025002479553223,13.604308128356934,1440
fold_2,direct_d5_relative,0.9,generator_all,3,45,0.036061033606529236,0.9639389663934708,9.032306671142578,13.553269386291504,1440
fold_2,direct_d5_relative,0.95,generator_all,3,45,0.03609202802181244,0.9639079719781876,9.045674324035645,13.510727882385254,1440
fold_2,direct_d5_relative,1.0,generator_all,3,45,0.03615165129303932,0.9638483487069607,9.066072463989258,13.476765632629395,1440
fold_2,direct_d5_relative,0.0,generator_all,4,60,0.04936646297574043,0.9506335370242596,12.233983993530273,18.81503677368164,1440
fold_2,direct_d5_relative,0.05,generator_all,4,60,0.048695530742406845,0.9513044692575932,12.07182788848877,18.603137969970703,1440
fold_2,direct_d5_relative,0.1,generator_all,4,60,0.048071928322315216,0.9519280716776848,11.922272682189941,18.398679733276367,1440
fold_2,direct_d5_relative,0.15,generator_all,4,60,0.04750542715191841,0.9524945728480816,11.78758430480957,18.201913833618164,1440
fold_2,direct_d5_relative,0.2,generator_all,4,60,0.04700436070561409,0.9529956392943859,11.669723510742188,18.013093948364258,1440
fold_2,direct_d5_relative,0.25,generator_all,4,60,0.04656245931982994,0.9534375406801701,11.566974639892578,17.83247184753418,1440
fold_2,direct_d5_relative,0.3,generator_all,4,60,0.046168431639671326,0.9538315683603287,11.47655200958252,17.660297393798828,1440
fold_2,direct_d5_relative,0.35,generator_all,4,60,0.045832306146621704,0.9541676938533783,11.400840759277344,17.4968204498291,1440
fold_2,direct_d5_relative,0.4,generator_all,4,60,0.04553212225437164,0.9544678777456284,11.334349632263184,17.34228515625,1440
fold_2,direct_d5_relative,0.45,generator_all,4,60,0.04526563361287117,0.9547343663871288,11.276151657104492,17.196937561035156,1440
fold_2,direct_d5_relative,0.5,generator_all,4,60,0.04504126310348511,0.9549587368965149,11.22899055480957,17.06100845336914,1440
fold_2,direct_d5_relative,0.55,generator_all,4,60,0.0448618158698082,0.9551381841301918,11.193093299865723,16.93472671508789,1440
fold_2,direct_d5_relative,0.6,generator_all,4,60,0.0447261817753315,0.9552738182246685,11.16805362701416,16.81830596923828,1440
fold_2,direct_d5_relative,0.65,generator_all,4,60,0.04461732879281044,0.9553826712071896,11.149925231933594,16.711957931518555,1440
fold_2,direct_d5_relative,0.7,generator_all,4,60,0.04454301297664642,0.9554569870233536,11.140592575073242,16.61587142944336,1440
fold_2,direct_d5_relative,0.75,generator_all,4,60,0.044489145278930664,0.9555108547210693,11.136067390441895,16.530227661132812,1440
fold_2,direct_d5_relative,0.8,generator_all,4,60,0.04447571933269501,0.955524280667305,11.141645431518555,16.455188751220703,1440
fold_2,direct_d5_relative,0.85,generator_all,4,60,0.0444876030087471,0.9555123969912529,11.153576850891113,16.390901565551758,1440
fold_2,direct_d5_relative,0.9,generator_all,4,60,0.04453551024198532,0.9554644897580147,11.174600601196289,16.337491989135742,1440
fold_2,direct_d5_relative,0.95,generator_all,4,60,0.04460965096950531,0.9553903490304947,11.20234489440918,16.295066833496094,1440
fold_2,direct_d5_relative,1.0,generator_all,4,60,0.04469903185963631,0.9553009681403637,11.234024047851562,16.263713836669922,1440
fold_2,direct_d5_relative,0.0,generator_all,5,75,0.05768168345093727,0.9423183165490627,14.289566993713379,21.462692260742188,1440
fold_2,direct_d5_relative,0.05,generator_all,5,75,0.05695569887757301,0.943044301122427,14.114550590515137,21.22439956665039,1440
fold_2,direct_d5_relative,0.1,generator_all,5,75,0.05627865716814995,0.94372134283185,13.952510833740234,20.99521827697754,1440
fold_2,direct_d5_relative,0.15,generator_all,5,75,0.05565354600548744,0.9443464539945126,13.804397583007812,20.775449752807617,1440
fold_2,direct_d5_relative,0.2,generator_all,5,75,0.055091507732868195,0.9449084922671318,13.673027992248535,20.565393447875977,1440
fold_2,direct_d5_relative,0.25,generator_all,5,75,0.054586563259363174,0.9454134367406368,13.55691909790039,20.3653507232666,1440
fold_2,direct_d5_relative,0.3,generator_all,5,75,0.05416163429617882,0.9458383657038212,13.4613618850708,20.17561912536621,1440
fold_2,direct_d5_relative,0.35,generator_all,5,75,0.053775276988744736,0.9462247230112553,13.376120567321777,19.99649429321289,1440
fold_2,direct_d5_relative,0.4,generator_all,5,75,0.053450748324394226,0.9465492516756058,13.307207107543945,19.828264236450195,1440
fold_2,direct_d5_relative,0.45,generator_all,5,75,0.053195636719465256,0.9468043632805347,13.255680084228516,19.671201705932617,1440
fold_2,direct_d5_relative,0.5,generator_all,5,75,0.05297030508518219,0.9470296949148178,13.211645126342773,19.525585174560547,1440
fold_2,direct_d5_relative,0.55,generator_all,5,75,0.05278821662068367,0.9472117833793163,13.177929878234863,19.391666412353516,1440
fold_2,direct_d5_relative,0.6,generator_all,5,75,0.052666377276182175,0.9473336227238178,13.159013748168945,19.269689559936523,1440
fold_2,direct_d5_relative,0.65,generator_all,5,75,0.05258642137050629,0.9474135786294937,13.150419235229492,19.159887313842773,1440
fold_2,direct_d5_relative,0.7,generator_all,5,75,0.05255218595266342,0.9474478140473366,13.153031349182129,19.06246566772461,1440
fold_2,direct_d5_relative,0.75,generator_all,5,75,0.05257406830787659,0.9474259316921234,13.170127868652344,18.977617263793945,1440
fold_2,direct_d5_relative,0.8,generator_all,5,75,0.052618544548749924,0.9473814554512501,13.193082809448242,18.90550994873047,1440
fold_2,direct_d5_relative,0.85,generator_all,5,75,0.0526994988322258,0.9473005011677742,13.225056648254395,18.846290588378906,1440
fold_2,direct_d5_relative,0.9,generator_all,5,75,0.05281936749815941,0.9471806325018406,13.266997337341309,18.800081253051758,1440
fold_2,direct_d5_relative,0.95,generator_all,5,75,0.052966680377721786,0.9470333196222782,13.315902709960938,18.766979217529297,1440
fold_2,direct_d5_relative,1.0,generator_all,5,75,0.053139038383960724,0.9468609616160393,13.371015548706055,18.747051239013672,1440
fold_2,direct_d5_relative,0.0,generator_all,6,90,0.06492988020181656,0.9350701197981834,16.083654403686523,23.576641082763672,1440
fold_2,direct_d5_relative,0.05,generator_all,6,90,0.0641351044178009,0.9358648955821991,15.893294334411621,23.317554473876953,1440
fold_2,direct_d5_relative,0.1,generator_all,6,90,0.06342758983373642,0.9365724101662636,15.726653099060059,23.068363189697266,1440
fold_2,direct_d5_relative,0.15,generator_all,6,90,0.06277679651975632,0.9372232034802437,15.575067520141602,22.829391479492188,1440
fold_2,direct_d5_relative,0.2,generator_all,6,90,0.06216459348797798,0.937835406512022,15.434020042419434,22.60096549987793,1440
fold_2,direct_d5_relative,0.25,generator_all,6,90,0.06162936985492706,0.9383706301450729,15.314176559448242,22.383405685424805,1440
fold_2,direct_d5_relative,0.3,generator_all,6,90,0.06116154044866562,0.9388384595513344,15.212011337280273,22.177032470703125,1440
fold_2,direct_d5_relative,0.35,generator_all,6,90,0.06076565384864807,0.9392343461513519,15.129106521606445,21.982160568237305,1440
fold_2,direct_d5_relative,0.4,generator_all,6,90,0.06042668968439102,0.939573310315609,15.060286521911621,21.79909896850586,1440
fold_2,direct_d5_relative,0.45,generator_all,6,90,0.06013978272676468,0.9398602172732353,15.005121231079102,21.628149032592773,1440
fold_2,direct_d5_relative,0.5,generator_all,6,90,0.05990172550082207,0.9400982744991779,14.962042808532715,21.46959686279297,1440
fold_2,direct_d5_relative,0.55,generator_all,6,90,0.05970512330532074,0.9402948766946793,14.929365158081055,21.323720932006836,1440
fold_2,direct_d5_relative,0.6,generator_all,6,90,0.059536367654800415,0.9404636323451996,14.904077529907227,21.19078254699707,1440
fold_2,direct_d5_relative,0.65,generator_all,6,90,0.05940983444452286,0.9405901655554771,14.88963794708252,21.071027755737305,1440
fold_2,direct_d5_relative,0.7,generator_all,6,90,0.05931359529495239,0.9406864047050476,14.88296127319336,20.96468162536621,1440
fold_2,direct_d5_relative,0.75,generator_all,6,90,0.05924829840660095,0.940751701593399,14.884252548217773,20.8719482421875,1440
fold_2,direct_d5_relative,0.8,generator_all,6,90,0.0592060349881649,0.9407939650118351,14.891315460205078,20.793010711669922,1440
fold_2,direct_d5_relative,0.85,generator_all,6,90,0.05919448658823967,0.9408055134117603,14.906111717224121,20.728025436401367,1440
fold_2,direct_d5_relative,0.9,generator_all,6,90,0.05923706293106079,0.9407629370689392,14.934182167053223,20.677127838134766,1440
fold_2,direct_d5_relative,0.95,generator_all,6,90,0.059341058135032654,0.9406589418649673,14.977554321289062,20.640417098999023,1440
fold_2,direct_d5_relative,1.0,generator_all,6,90,0.0595012828707695,0.9404987171292305,15.034597396850586,20.617971420288086,1440
fold_2,direct_d5_relative,0.0,generator_all,7,105,0.07053549587726593,0.9294645041227341,17.456785202026367,25.309850692749023,1440
fold_2,direct_d5_relative,0.05,generator_all,7,105,0.06969188898801804,0.930308111011982,17.25559425354004,25.03159523010254,1440
fold_2,direct_d5_relative,0.1,generator_all,7,105,0.06893846392631531,0.9310615360736847,17.0792236328125,24.764324188232422,1440
fold_2,direct_d5_relative,0.15,generator_all,7,105,0.0682901069521904,0.9317098930478096,16.932008743286133,24.508398056030273,1440
fold_2,direct_d5_relative,0.2,generator_all,7,105,0.0677306279540062,0.9322693720459938,16.809097290039062,24.264179229736328,1440
fold_2,direct_d5_relative,0.25,generator_all,7,105,0.06723948568105698,0.932760514318943,16.704797744750977,24.032014846801758,1440
fold_2,direct_d5_relative,0.3,generator_all,7,105,0.0668061375617981,0.9331938624382019,16.616228103637695,23.812267303466797,1440
fold_2,direct_d5_relative,0.35,generator_all,7,105,0.06643927097320557,0.9335607290267944,16.544523239135742,23.60527992248535,1440
fold_2,direct_d5_relative,0.4,generator_all,7,105,0.06612052768468857,0.9338794723153114,16.485261917114258,23.41139030456543,1440
fold_2,direct_d5_relative,0.45,generator_all,7,105,0.06583058834075928,0.9341694116592407,16.43338966369629,23.230926513671875,1440
fold_2,direct_d5_relative,0.5,generator_all,7,105,0.0656009167432785,0.9343990832567215,16.39682388305664,23.064205169677734,1440
fold_2,direct_d5_relative,0.55,generator_all,7,105,0.06541171669960022,0.9345882833003998,16.370569229125977,22.911521911621094,1440
fold_2,direct_d5_relative,0.6,generator_all,7,105,0.0652671530842781,0.9347328469157219,16.355588912963867,22.77316665649414,1440
fold_2,direct_d5_relative,0.65,generator_all,7,105,0.06517007946968079,0.9348299205303192,16.352705001831055,22.649394989013672,1440
fold_2,direct_d5_relative,0.7,generator_all,7,105,0.0651155486702919,0.9348844513297081,16.360883712768555,22.540451049804688,1440
fold_2,direct_d5_relative,0.75,generator_all,7,105,0.06510500609874725,0.9348949939012527,16.38033103942871,22.446550369262695,1440
fold_2,direct_d5_relative,0.8,generator_all,7,105,0.06513470411300659,0.9348652958869934,16.409942626953125,22.36787986755371,1440
fold_2,direct_d5_relative,0.85,generator_all,7,105,0.06523425132036209,0.9347657486796379,16.456296920776367,22.304603576660156,1440
fold_2,direct_d5_relative,0.9,generator_all,7,105,0.0653785914182663,0.9346214085817337,16.51386260986328,22.256853103637695,1440
fold_2,direct_d5_relative,0.95,generator_all,7,105,0.06557203829288483,0.9344279617071152,16.58348846435547,22.2247257232666,1440
fold_2,direct_d5_relative,1.0,generator_all,7,105,0.06579571217298508,0.9342042878270149,16.660465240478516,22.208290100097656,1440
fold_2,direct_d5_relative,0.0,generator_all,8,120,0.07541573792695999,0.92458426207304,18.646808624267578,26.726089477539062,1440
fold_2,direct_d5_relative,0.05,generator_all,8,120,0.07450763136148453,0.9254923686385155,18.436508178710938,26.404958724975586,1440
fold_2,direct_d5_relative,0.1,generator_all,8,120,0.07374957203865051,0.9262504279613495,18.267980575561523,26.098859786987305,1440
fold_2,direct_d5_relative,0.15,generator_all,8,120,0.0730915516614914,0.9269084483385086,18.12729835510254,25.808320999145508,1440
fold_2,direct_d5_relative,0.2,generator_all,8,120,0.0725257396697998,0.9274742603302002,18.01207160949707,25.533876419067383,1440
fold_2,direct_d5_relative,0.25,generator_all,8,120,0.07202661037445068,0.9279733896255493,17.9152774810791,25.276050567626953,1440
fold_2,direct_d5_relative,0.3,generator_all,8,120,0.07160744071006775,0.9283925592899323,17.839527130126953,25.035358428955078,1440
fold_2,direct_d5_relative,0.35,generator_all,8,120,0.0712599828839302,0.9287400171160698,17.782337188720703,24.812297821044922,1440
fold_2,direct_d5_relative,0.4,generator_all,8,120,0.07098613679409027,0.9290138632059097,17.7448787689209,24.60734748840332,1440
fold_2,direct_d5_relative,0.45,generator_all,8,120,0.07077285647392273,0.9292271435260773,17.72342872619629,24.420963287353516,1440
fold_2,direct_d5_relative,0.5,generator_all,8,120,0.07061483711004257,0.9293851628899574,17.716764450073242,24.253572463989258,1440
fold_2,direct_d5_relative,0.55,generator_all,8,120,0.07051360607147217,0.9294863939285278,17.724943161010742,24.105573654174805,1440
fold_2,direct_d5_relative,0.6,generator_all,8,120,0.07046887278556824,0.9295311272144318,17.747404098510742,23.97732162475586,1440
fold_2,direct_d5_relative,0.65,generator_all,8,120,0.07047799229621887,0.9295220077037811,17.783838272094727,23.869140625,1440
fold_2,direct_d5_relative,0.7,generator_all,8,120,0.07053021341562271,0.9294697865843773,17.831300735473633,23.78129768371582,1440
fold_2,direct_d5_relative,0.75,generator_all,8,120,0.07064761221408844,0.9293523877859116,17.89520263671875,23.71402359008789,1440
fold_2,direct_d5_relative,0.8,generator_all,8,120,0.07084041833877563,0.9291595816612244,17.977474212646484,23.66749382019043,1440
fold_2,direct_d5_relative,0.85,generator_all,8,120,0.0710839107632637,0.9289160892367363,18.072219848632812,23.641828536987305,1440
fold_2,direct_d5_relative,0.9,generator_all,8,120,0.07138526439666748,0.9286147356033325,18.1809024810791,23.637094497680664,1440
fold_2,direct_d5_relative,0.95,generator_all,8,120,0.071726493537426,0.928273506462574,18.299562454223633,23.653308868408203,1440
fold_2,direct_d5_relative,1.0,generator_all,8,120,0.07212324440479279,0.9278767555952072,18.431903839111328,23.690425872802734,1440
fold_3,direct_d5_relative,0.0,generator_1,1,15,0.027609962970018387,0.9723900370299816,2.8940157890319824,4.343934059143066,1423
fold_3,direct_d5_relative,0.05,generator_1,1,15,0.027514366433024406,0.9724856335669756,2.8841311931610107,4.331608772277832,1423
fold_3,direct_d5_relative,0.1,generator_1,1,15,0.027424564585089684,0.9725754354149103,2.8748302459716797,4.319907188415527,1423
fold_3,direct_d5_relative,0.15,generator_1,1,15,0.02734432928264141,0.9726556707173586,2.8665199279785156,4.308834552764893,1423
fold_3,direct_d5_relative,0.2,generator_1,1,15,0.027272840961813927,0.9727271590381861,2.8591513633728027,4.298395156860352,1423
fold_3,direct_d5_relative,0.25,generator_1,1,15,0.027209654450416565,0.9727903455495834,2.852713108062744,4.2885942459106445,1423
fold_3,direct_d5_relative,0.3,generator_1,1,15,0.027151428163051605,0.9728485718369484,2.8468024730682373,4.279436111450195,1423
fold_3,direct_d5_relative,0.35,generator_1,1,15,0.027098527178168297,0.9729014728218317,2.8415064811706543,4.270925045013428,1423
fold_3,direct_d5_relative,0.4,generator_1,1,15,0.027051769196987152,0.9729482308030128,2.8368492126464844,4.263064384460449,1423
fold_3,direct_d5_relative,0.45,generator_1,1,15,0.02701139636337757,0.9729886036366224,2.8327953815460205,4.255857944488525,1423
fold_3,direct_d5_relative,0.5,generator_1,1,15,0.02697744220495224,0.9730225577950478,2.8293607234954834,4.249309539794922,1423
fold_3,direct_d5_relative,0.55,generator_1,1,15,0.02695012092590332,0.9730498790740967,2.8265769481658936,4.24342155456543,1423
fold_3,direct_d5_relative,0.6,generator_1,1,15,0.026931019499897957,0.973068980500102,2.8246688842773438,4.238197326660156,1423
fold_3,direct_d5_relative,0.65,generator_1,1,15,0.026924464851617813,0.9730755351483822,2.82401704788208,4.233638763427734,1423
fold_3,direct_d5_relative,0.7,generator_1,1,15,0.02692842297255993,0.9730715770274401,2.824469804763794,4.229748725891113,1423
fold_3,direct_d5_relative,0.75,generator_1,1,15,0.026941608637571335,0.9730583913624287,2.8257524967193604,4.226528644561768,1423
fold_3,direct_d5_relative,0.8,generator_1,1,15,0.0269622802734375,0.9730377197265625,2.827834367752075,4.2239789962768555,1423
fold_3,direct_d5_relative,0.85,generator_1,1,15,0.026994138956069946,0.97300586104393,2.8311357498168945,4.222103118896484,1423
fold_3,direct_d5_relative,0.9,generator_1,1,15,0.02703109011054039,0.9729689098894596,2.8350026607513428,4.220900058746338,1423
fold_3,direct_d5_relative,0.95,generator_1,1,15,0.027075089514255524,0.9729249104857445,2.839531421661377,4.220371723175049,1423
fold_3,direct_d5_relative,1.0,generator_1,1,15,0.027129456400871277,0.9728705435991287,2.845078945159912,4.220517635345459,1423
fold_3,direct_d5_relative,0.0,generator_1,2,30,0.03794446215033531,0.9620555378496647,3.9504013061523438,5.941202163696289,1423
fold_3,direct_d5_relative,0.05,generator_1,2,30,0.0378095768392086,0.9621904231607914,3.936344623565674,5.914303302764893,1423
fold_3,direct_d5_relative,0.1,generator_1,2,30,0.037691544741392136,0.9623084552586079,3.924084424972534,5.88883113861084,1423
fold_3,direct_d5_relative,0.15,generator_1,2,30,0.037585653364658356,0.9624143466353416,3.913274049758911,5.864804267883301,1423
fold_3,direct_d5_relative,0.2,generator_1,2,30,0.037492536008358,0.962507463991642,3.903829574584961,5.842242240905762,1423
fold_3,direct_d5_relative,0.25,generator_1,2,30,0.03741880878806114,0.9625811912119389,3.896406412124634,5.821160316467285,1423
fold_3,direct_d5_relative,0.3,generator_1,2,30,0.0373540073633194,0.9626459926366806,3.8900012969970703,5.801576137542725,1423
fold_3,direct_d5_relative,0.35,generator_1,2,30,0.03729801997542381,0.9627019800245762,3.8844921588897705,5.783502578735352,1423
fold_3,direct_d5_relative,0.4,generator_1,2,30,0.03725818172097206,0.9627418182790279,3.8805134296417236,5.766955852508545,1423
fold_3,direct_d5_relative,0.45,generator_1,2,30,0.037233609706163406,0.9627663902938366,3.878006935119629,5.751948356628418,1423
fold_3,direct_d5_relative,0.5,generator_1,2,30,0.03722263127565384,0.9627773687243462,3.876962423324585,5.738492488861084,1423
fold_3,direct_d5_relative,0.55,generator_1,2,30,0.037224408239126205,0.9627755917608738,3.8771860599517822,5.72659969329834,1423
fold_3,direct_d5_relative,0.6,generator_1,2,30,0.037240296602249146,0.9627597033977509,3.8788821697235107,5.716278076171875,1423
fold_3,direct_d5_relative,0.65,generator_1,2,30,0.03727099671959877,0.9627290032804012,3.882272481918335,5.707537651062012,1423
fold_3,direct_d5_relative,0.7,generator_1,2,30,0.03732304647564888,0.9626769535243511,3.888012409210205,5.700385570526123,1423
fold_3,direct_d5_relative,0.75,generator_1,2,30,0.03738923743367195,0.962610762566328,3.895289659500122,5.694827079772949,1423
fold_3,direct_d5_relative,0.8,generator_1,2,30,0.03746296465396881,0.9625370353460312,3.9033021926879883,5.6908674240112305,1423
fold_3,direct_d5_relative,0.85,generator_1,2,30,0.03754141926765442,0.9624585807323456,3.911682605743408,5.688509464263916,1423
fold_3,direct_d5_relative,0.9,generator_1,2,30,0.0376298613846302,0.9623701386153698,3.920947790145874,5.687755584716797,1423
fold_3,direct_d5_relative,0.95,generator_1,2,30,0.03773355484008789,0.9622664451599121,3.931820869445801,5.688606262207031,1423
fold_3,direct_d5_relative,1.0,generator_1,2,30,0.037851277738809586,0.9621487222611904,3.9441492557525635,5.691060543060303,1423
fold_3,direct_d5_relative,0.0,generator_1,3,45,0.045877065509557724,0.9541229344904423,4.774826526641846,7.216490745544434,1423
fold_3,direct_d5_relative,0.05,generator_1,3,45,0.04563431814312935,0.9543656818568707,4.749374866485596,7.168666362762451,1423
fold_3,direct_d5_relative,0.1,generator_1,3,45,0.04541700705885887,0.9545829929411411,4.726629257202148,7.123196601867676,1423
fold_3,direct_d5_relative,0.15,generator_1,3,45,0.045226920396089554,0.9547730796039104,4.706814289093018,7.080126762390137,1423
fold_3,direct_d5_relative,0.2,generator_1,3,45,0.04505728557705879,0.9549427144229412,4.689155101776123,7.0395002365112305,1423
fold_3,direct_d5_relative,0.25,generator_1,3,45,0.04492414742708206,0.9550758525729179,4.6751627922058105,7.0013604164123535,1423
fold_3,direct_d5_relative,0.3,generator_1,3,45,0.044824231415987015,0.955175768584013,4.664595603942871,6.965747833251953,1423
fold_3,direct_d5_relative,0.35,generator_1,3,45,0.044747818261384964,0.955252181738615,4.656593322753906,6.932701110839844,1423
fold_3,direct_d5_relative,0.4,generator_1,3,45,0.044701945036649704,0.9552980549633503,4.651525497436523,6.902256965637207,1423
fold_3,direct_d5_relative,0.45,generator_1,3,45,0.044684458523988724,0.9553155414760113,4.649542331695557,6.874451637268066,1423
fold_3,direct_d5_relative,0.5,generator_1,3,45,0.04468517005443573,0.9553148299455643,4.649655818939209,6.8493146896362305,1423
fold_3,direct_d5_relative,0.55,generator_1,3,45,0.04470418766140938,0.9552958123385906,4.651699066162109,6.826876640319824,1423
fold_3,direct_d5_relative,0.6,generator_1,3,45,0.04474036768078804,0.955259632319212,4.655405044555664,6.807165145874023,1423
fold_3,direct_d5_relative,0.65,generator_1,3,45,0.044788558036088943,0.9552114419639111,4.660279273986816,6.790203094482422,1423
fold_3,direct_d5_relative,0.7,generator_1,3,45,0.044854190200567245,0.9551458097994328,4.666991233825684,6.7760114669799805,1423
fold_3,direct_d5_relative,0.75,generator_1,3,45,0.04494074732065201,0.955059252679348,4.676072597503662,6.7646074295043945,1423
fold_3,direct_d5_relative,0.8,generator_1,3,45,0.04505326971411705,0.954946730285883,4.687741756439209,6.756004810333252,1423
fold_3,direct_d5_relative,0.85,generator_1,3,45,0.045187558978796005,0.954812441021204,4.701473712921143,6.750214576721191,1423
fold_3,direct_d5_relative,0.9,generator_1,3,45,0.045333825051784515,0.9546661749482155,4.716419219970703,6.747244834899902,1423
fold_3,direct_d5_relative,0.95,generator_1,3,45,0.04549456760287285,0.9545054323971272,4.73293399810791,6.747097969055176,1423
fold_3,direct_d5_relative,1.0,generator_1,3,45,0.04567078500986099,0.954329214990139,4.751152992248535,6.749774932861328,1423
fold_3,direct_d5_relative,0.0,generator_1,4,60,0.055551256984472275,0.9444487430155277,5.7941107749938965,8.561657905578613,1423
fold_3,direct_d5_relative,0.05,generator_1,4,60,0.05521107092499733,0.9447889290750027,5.759929656982422,8.503140449523926,1423
fold_3,direct_d5_relative,0.1,generator_1,4,60,0.05490434914827347,0.9450956508517265,5.729131698608398,8.447118759155273,1423
fold_3,direct_d5_relative,0.15,generator_1,4,60,0.05463466793298721,0.9453653320670128,5.702080726623535,8.393643379211426,1423
fold_3,direct_d5_relative,0.2,generator_1,4,60,0.05439236760139465,0.9456076323986053,5.677799701690674,8.342763900756836,1423
fold_3,direct_d5_relative,0.25,generator_1,4,60,0.054170046001672745,0.9458299539983273,5.6553215980529785,8.294527053833008,1423
fold_3,direct_d5_relative,0.3,generator_1,4,60,0.05398368090391159,0.9460163190960884,5.63631534576416,8.248977661132812,1423
fold_3,direct_d5_relative,0.35,generator_1,4,60,0.05382518097758293,0.9461748190224171,5.620253562927246,8.20616340637207,1423
fold_3,direct_d5_relative,0.4,generator_1,4,60,0.05370078980922699,0.946299210190773,5.607417106628418,8.166125297546387,1423
fold_3,direct_d5_relative,0.45,generator_1,4,60,0.05361035466194153,0.9463896453380585,5.597442626953125,8.12890625,1423
fold_3,direct_d5_relative,0.5,generator_1,4,60,0.0535447783768177,0.9464552216231823,5.5902557373046875,8.09454345703125,1423
fold_3,direct_d5_relative,0.55,generator_1,4,60,0.05350002646446228,0.9464999735355377,5.585236549377441,8.06307315826416,1423
fold_3,direct_d5_relative,0.6,generator_1,4,60,0.05348719283938408,0.9465128071606159,5.583580017089844,8.034530639648438,1423
fold_3,direct_d5_relative,0.65,generator_1,4,60,0.05349959805607796,0.946500401943922,5.584412097930908,8.008946418762207,1423
fold_3,direct_d5_relative,0.7,generator_1,4,60,0.05354297161102295,0.946457028388977,5.588320732116699,7.986349582672119,1423
fold_3,direct_d5_relative,0.75,generator_1,4,60,0.05361798405647278,0.9463820159435272,5.595470428466797,7.9667649269104,1423
fold_3,direct_d5_relative,0.8,generator_1,4,60,0.0537300668656826,0.9462699331343174,5.606483459472656,7.9502153396606445,1423
fold_3,direct_d5_relative,0.85,generator_1,4,60,0.053867995738983154,0.9461320042610168,5.620458602905273,7.9367194175720215,1423
fold_3,direct_d5_relative,0.9,generator_1,4,60,0.0540231354534626,0.9459768645465374,5.636170387268066,7.926292419433594,1423
fold_3,direct_d5_relative,0.95,generator_1,4,60,0.054186318069696426,0.9458136819303036,5.652674198150635,7.918946743011475,1423
fold_3,direct_d5_relative,1.0,generator_1,4,60,0.05436316877603531,0.9456368312239647,5.670579433441162,7.91469144821167,1423
fold_3,direct_d5_relative,0.0,generator_1,5,75,0.062458936125040054,0.93754106387496,6.532320022583008,9.458108901977539,1423
fold_3,direct_d5_relative,0.05,generator_1,5,75,0.06196015700697899,0.938039842993021,6.481119155883789,9.377603530883789,1423
fold_3,direct_d5_relative,0.1,generator_1,5,75,0.061494093388319016,0.938505906611681,6.433079242706299,9.300567626953125,1423
fold_3,direct_d5_relative,0.15,generator_1,5,75,0.06105603277683258,0.9389439672231674,6.387637138366699,9.227086067199707,1423
fold_3,direct_d5_relative,0.2,generator_1,5,75,0.06065336614847183,0.9393466338515282,6.345584392547607,9.157244682312012,1423
fold_3,direct_d5_relative,0.25,generator_1,5,75,0.06028304621577263,0.9397169537842274,6.306951999664307,9.091127395629883,1423
fold_3,direct_d5_relative,0.3,generator_1,5,75,0.059936072677373886,0.9400639273226261,6.270826816558838,9.028817176818848,1423
fold_3,direct_d5_relative,0.35,generator_1,5,75,0.05963512137532234,0.9403648786246777,6.239943504333496,8.970392227172852,1423
fold_3,direct_d5_relative,0.4,generator_1,5,75,0.0593869723379612,0.9406130276620388,6.214145660400391,8.915929794311523,1423
fold_3,direct_d5_relative,0.45,generator_1,5,75,0.05918744206428528,0.9408125579357147,6.193212509155273,8.865501403808594,1423
fold_3,direct_d5_relative,0.5,generator_1,5,75,0.05904562771320343,0.9409543722867966,6.178067684173584,8.81917667388916,1423
fold_3,direct_d5_relative,0.55,generator_1,5,75,0.05894806236028671,0.9410519376397133,6.167623043060303,8.777021408081055,1423
fold_3,direct_d5_relative,0.6,generator_1,5,75,0.05888434872031212,0.9411156512796879,6.160680770874023,8.739095687866211,1423
fold_3,direct_d5_relative,0.65,generator_1,5,75,0.05885932222008705,0.941140677779913,6.157548427581787,8.70545482635498,1423
fold_3,direct_d5_relative,0.7,generator_1,5,75,0.05887202173471451,0.9411279782652855,6.15830135345459,8.676148414611816,1423
fold_3,direct_d5_relative,0.75,generator_1,5,75,0.05892375111579895,0.941076248884201,6.163026332855225,8.651220321655273,1423
fold_3,direct_d5_relative,0.8,generator_1,5,75,0.05901553854346275,0.9409844614565372,6.17136287689209,8.630709648132324,1423
fold_3,direct_d5_relative,0.85,generator_1,5,75,0.05914192274212837,0.9408580772578716,6.183475494384766,8.614645957946777,1423
fold_3,direct_d5_relative,0.9,generator_1,5,75,0.059318676590919495,0.9406813234090805,6.20121431350708,8.603055000305176,1423
fold_3,direct_d5_relative,0.95,generator_1,5,75,0.05953265354037285,0.9404673464596272,6.222729206085205,8.595955848693848,1423
fold_3,direct_d5_relative,1.0,generator_1,5,75,0.05978504940867424,0.9402149505913258,6.248385906219482,8.593358993530273,1423
fold_3,direct_d5_relative,0.0,generator_1,6,90,0.06867434829473495,0.931325651705265,7.194429874420166,10.386507987976074,1423
fold_3,direct_d5_relative,0.05,generator_1,6,90,0.06807047128677368,0.9319295287132263,7.133917331695557,10.301892280578613,1423
fold_3,direct_d5_relative,0.1,generator_1,6,90,0.06751740723848343,0.9324825927615166,7.078582286834717,10.221351623535156,1423
fold_3,direct_d5_relative,0.15,generator_1,6,90,0.06702364981174469,0.9329763501882553,7.029534339904785,10.144981384277344,1423
fold_3,direct_d5_relative,0.2,generator_1,6,90,0.0665799081325531,0.9334200918674469,6.985833168029785,10.072877883911133,1423
fold_3,direct_d5_relative,0.25,generator_1,6,90,0.06619175523519516,0.9338082447648048,6.94810152053833,10.005131721496582,1423
fold_3,direct_d5_relative,0.3,generator_1,6,90,0.06586655229330063,0.9341334477066994,6.916475296020508,9.94183349609375,1423
fold_3,direct_d5_relative,0.35,generator_1,6,90,0.06558267027139664,0.9344173297286034,6.88895320892334,9.883068084716797,1423
fold_3,direct_d5_relative,0.4,generator_1,6,90,0.06534036248922348,0.9346596375107765,6.866007328033447,9.828916549682617,1423
fold_3,direct_d5_relative,0.45,generator_1,6,90,0.0651463195681572,0.9348536804318428,6.848348617553711,9.77945613861084,1423
fold_3,direct_d5_relative,0.5,generator_1,6,90,0.06501103192567825,0.9349889680743217,6.837061405181885,9.734757423400879,1423
fold_3,direct_d5_relative,0.55,generator_1,6,90,0.06491885334253311,0.9350811466574669,6.830404281616211,9.694887161254883,1423
fold_3,direct_d5_relative,0.6,generator_1,6,90,0.06487034261226654,0.9351296573877335,6.82844877243042,9.659905433654785,1423
fold_3,direct_d5_relative,0.65,generator_1,6,90,0.06486582010984421,0.9351341798901558,6.830789566040039,9.629863739013672,1423
fold_3,direct_d5_relative,0.7,generator_1,6,90,0.06490619480609894,0.9350938051939011,6.837896347045898,9.604809761047363,1423
fold_3,direct_d5_relative,0.75,generator_1,6,90,0.06499958038330078,0.9350004196166992,6.850589275360107,9.584782600402832,1423
fold_3,direct_d5_relative,0.8,generator_1,6,90,0.06512431055307388,0.9348756894469261,6.866586208343506,9.56981372833252,1423
fold_3,direct_d5_relative,0.85,generator_1,6,90,0.0652991309762001,0.9347008690237999,6.8879828453063965,9.559926986694336,1423
fold_3,direct_d5_relative,0.9,generator_1,6,90,0.06552081555128098,0.934479184448719,6.914029598236084,9.555137634277344,1423
fold_3,direct_d5_relative,0.95,generator_1,6,90,0.06576476246118546,0.9342352375388145,6.942379474639893,9.55545425415039,1423
fold_3,direct_d5_relative,1.0,generator_1,6,90,0.06604016572237015,0.9339598342776299,6.974146366119385,9.560874938964844,1423
fold_3,direct_d5_relative,0.0,generator_1,7,105,0.07389960438013077,0.9261003956198692,7.745500087738037,11.134293556213379,1423
fold_3,direct_d5_relative,0.05,generator_1,7,105,0.07325072586536407,0.9267492741346359,7.681215286254883,11.044036865234375,1423
fold_3,direct_d5_relative,0.1,generator_1,7,105,0.07267496734857559,0.9273250326514244,7.624453067779541,10.958272933959961,1423
fold_3,direct_d5_relative,0.15,generator_1,7,105,0.07215132564306259,0.9278486743569374,7.57301139831543,10.87710952758789,1423
fold_3,direct_d5_relative,0.2,generator_1,7,105,0.07168549299240112,0.9283145070075989,7.5279364585876465,10.800650596618652,1423
fold_3,direct_d5_relative,0.25,generator_1,7,105,0.07128002494573593,0.9287199750542641,7.489290237426758,10.728994369506836,1423
fold_3,direct_d5_relative,0.3,generator_1,7,105,0.07092329859733582,0.9290767014026642,7.455874919891357,10.662240028381348,1423
fold_3,direct_d5_relative,0.35,generator_1,7,105,0.07060595601797104,0.929394043982029,7.426784515380859,10.600480079650879,1423
fold_3,direct_d5_relative,0.4,generator_1,7,105,0.07034115493297577,0.9296588450670242,7.402921676635742,10.543800354003906,1423
fold_3,direct_d5_relative,0.45,generator_1,7,105,0.07011960446834564,0.9298803955316544,7.383787155151367,10.492284774780273,1423
fold_3,direct_d5_relative,0.5,generator_1,7,105,0.06994456052780151,0.9300554394721985,7.369645595550537,10.446009635925293,1423
fold_3,direct_d5_relative,0.55,generator_1,7,105,0.06982472538948059,0.9301752746105194,7.361628532409668,10.405044555664062,1423
fold_3,direct_d5_relative,0.6,generator_1,7,105,0.0697406679391861,0.9302593320608139,7.356872081756592,10.369452476501465,1423
fold_3,direct_d5_relative,0.65,generator_1,7,105,0.0697074681520462,0.9302925318479538,7.357462406158447,10.339289665222168,1423
fold_3,direct_d5_relative,0.7,generator_1,7,105,0.06971662491559982,0.9302833750844002,7.3623738288879395,10.31460189819336,1423
fold_3,direct_d5_relative,0.75,generator_1,7,105,0.06977597624063492,0.9302240237593651,7.372625350952148,10.295430183410645,1423
fold_3,direct_d5_relative,0.8,generator_1,7,105,0.06987255066633224,0.9301274493336678,7.3866777420043945,10.281805038452148,1423
fold_3,direct_d5_relative,0.85,generator_1,7,105,0.07000712305307388,0.9299928769469261,7.404763698577881,10.273747444152832,1423
fold_3,direct_d5_relative,0.9,generator_1,7,105,0.07020753622055054,0.9297924637794495,7.429670810699463,10.271271705627441,1423
fold_3,direct_d5_relative,0.95,generator_1,7,105,0.07045739889144897,0.929542601108551,7.459652900695801,10.274382591247559,1423
fold_3,direct_d5_relative,1.0,generator_1,7,105,0.07077199965715408,0.9292280003428459,7.496740341186523,10.283073425292969,1423
fold_3,direct_d5_relative,0.0,generator_1,8,120,0.07755813002586365,0.9224418699741364,8.157136917114258,11.642637252807617,1423
fold_3,direct_d5_relative,0.05,generator_1,8,120,0.07679074257612228,0.9232092574238777,8.07994270324707,11.544990539550781,1423
fold_3,direct_d5_relative,0.1,generator_1,8,120,0.07608643919229507,0.9239135608077049,8.008614540100098,11.451985359191895,1423
fold_3,direct_d5_relative,0.15,generator_1,8,120,0.07542357593774796,0.924576424062252,7.941340446472168,11.36373519897461,1423
fold_3,direct_d5_relative,0.2,generator_1,8,120,0.0748210921883583,0.9251789078116417,7.88014554977417,11.280351638793945,1423
fold_3,direct_d5_relative,0.25,generator_1,8,120,0.0742984414100647,0.9257015585899353,7.827798366546631,11.201942443847656,1423
fold_3,direct_d5_relative,0.3,generator_1,8,120,0.07385487854480743,0.9261451214551926,7.7838873863220215,11.128615379333496,1423
fold_3,direct_d5_relative,0.35,generator_1,8,120,0.07346289604902267,0.9265371039509773,7.745233058929443,11.060467720031738,1423
fold_3,direct_d5_relative,0.4,generator_1,8,120,0.07313865423202515,0.9268613457679749,7.7137651443481445,10.997599601745605,1423
fold_3,direct_d5_relative,0.45,generator_1,8,120,0.07286906242370605,0.927130937576294,7.68778133392334,10.940099716186523,1423
fold_3,direct_d5_relative,0.5,generator_1,8,120,0.0726526603102684,0.9273473396897316,7.666651725769043,10.888052940368652,1423
fold_3,direct_d5_relative,0.55,generator_1,8,120,0.07249599695205688,0.9275040030479431,7.651437282562256,10.84153938293457,1423
fold_3,direct_d5_relative,0.6,generator_1,8,120,0.07240550965070724,0.9275944903492928,7.6431779861450195,10.800630569458008,1423
fold_3,direct_d5_relative,0.65,generator_1,8,120,0.07238002866506577,0.9276199713349342,7.641269207000732,10.765387535095215,1423
fold_3,direct_d5_relative,0.7,generator_1,8,120,0.07238592952489853,0.9276140704751015,7.642712593078613,10.735869407653809,1423
fold_3,direct_d5_relative,0.75,generator_1,8,120,0.07242678850889206,0.9275732114911079,7.647896766662598,10.712121963500977,1423
fold_3,direct_d5_relative,0.8,generator_1,8,120,0.07251037657260895,0.927489623427391,7.657534599304199,10.694183349609375,1423
fold_3,direct_d5_relative,0.85,generator_1,8,120,0.0726393610239029,0.9273606389760971,7.671879291534424,10.682083129882812,1423
fold_3,direct_d5_relative,0.9,generator_1,8,120,0.072816863656044,0.927183136343956,7.691295623779297,10.67584228515625,1423
fold_3,direct_d5_relative,0.95,generator_1,8,120,0.07307663559913635,0.9269233644008636,7.719516754150391,10.675469398498535,1423
fold_3,direct_d5_relative,1.0,generator_1,8,120,0.07338935136795044,0.9266106486320496,7.75327205657959,10.680965423583984,1423
fold_3,direct_d5_relative,0.0,generator_all,1,15,0.016578083857893944,0.9834219161421061,5.14412784576416,8.061871528625488,1423
fold_3,direct_d5_relative,0.05,generator_all,1,15,0.01646101474761963,0.9835389852523804,5.108828544616699,8.0089111328125,1423
fold_3,direct_d5_relative,0.1,generator_all,1,15,0.01635122485458851,0.9836487751454115,5.075713634490967,7.95750617980957,1423
fold_3,direct_d5_relative,0.15,generator_all,1,15,0.016249828040599823,0.9837501719594002,5.045070648193359,7.907687187194824,1423
fold_3,direct_d5_relative,0.2,generator_all,1,15,0.016153201460838318,0.9838467985391617,5.015832424163818,7.859483242034912,1423
fold_3,direct_d5_relative,0.25,generator_all,1,15,0.016063231974840164,0.9839367680251598,4.988529205322266,7.812925338745117,1423
fold_3,direct_d5_relative,0.3,generator_all,1,15,0.015979861840605736,0.9840201381593943,4.963140964508057,7.768041610717773,1423
fold_3,direct_d5_relative,0.35,generator_all,1,15,0.015904990956187248,0.9840950090438128,4.940457820892334,7.724863052368164,1423
fold_3,direct_d5_relative,0.4,generator_all,1,15,0.015837209299206734,0.9841627907007933,4.919857501983643,7.683416843414307,1423
fold_3,direct_d5_relative,0.45,generator_all,1,15,0.015774328261613846,0.9842256717383862,4.900738716125488,7.643733501434326,1423
fold_3,direct_d5_relative,0.5,generator_all,1,15,0.0157157015055418,0.9842842984944582,4.88294792175293,7.605837345123291,1423
fold_3,direct_d5_relative,0.55,generator_all,1,15,0.015660090371966362,0.9843399096280336,4.866122245788574,7.569758892059326,1423
fold_3,direct_d5_relative,0.6,generator_all,1,15,0.015609197318553925,0.9843908026814461,4.850771903991699,7.535520553588867,1423
fold_3,direct_d5_relative,0.65,generator_all,1,15,0.015566417947411537,0.9844335820525885,4.83790922164917,7.50314998626709,1423
fold_3,direct_d5_relative,0.7,generator_all,1,15,0.015526431612670422,0.9844735683873296,4.825927734375,7.472671031951904,1423
fold_3,direct_d5_relative,0.75,generator_all,1,15,0.015490670688450336,0.9845093293115497,4.815224647521973,7.44410514831543,1423
fold_3,direct_d5_relative,0.8,generator_all,1,15,0.015463107265532017,0.984536892734468,4.806866645812988,7.417476654052734,1423
fold_3,direct_d5_relative,0.85,generator_all,1,15,0.015439240261912346,0.9845607597380877,4.799644470214844,7.392806053161621,1423
fold_3,direct_d5_relative,0.9,generator_all,1,15,0.015419022180140018,0.98458097781986,4.793615818023682,7.370112895965576,1423
fold_3,direct_d5_relative,0.95,generator_all,1,15,0.01540427841246128,0.9845957215875387,4.789267539978027,7.349414348602295,1423
fold_3,direct_d5_relative,1.0,generator_all,1,15,0.015394140034914017,0.984605859965086,4.7863450050354,7.330729007720947,1423
fold_3,direct_d5_relative,0.0,generator_all,2,30,0.025849835947155952,0.974150164052844,7.9883551597595215,12.54464054107666,1423
fold_3,direct_d5_relative,0.05,generator_all,2,30,0.025570884346961975,0.974429115653038,7.903881072998047,12.421052932739258,1423
fold_3,direct_d5_relative,0.1,generator_all,2,30,0.02531730756163597,0.974682692438364,7.827361106872559,12.302044868469238,1423
fold_3,direct_d5_relative,0.15,generator_all,2,30,0.02508796937763691,0.9749120306223631,7.75834846496582,12.187748908996582,1423
fold_3,direct_d5_relative,0.2,generator_all,2,30,0.024879852309823036,0.975120147690177,7.696037292480469,12.078300476074219,1423
fold_3,direct_d5_relative,0.25,generator_all,2,30,0.024692073464393616,0.9753079265356064,7.640209197998047,11.973831176757812,1423
fold_3,direct_d5_relative,0.3,generator_all,2,30,0.024526096880435944,0.9754739031195641,7.5913519859313965,11.874473571777344,1423
fold_3,direct_d5_relative,0.35,generator_all,2,30,0.02437562681734562,0.9756243731826544,7.54703426361084,11.780357360839844,1423
fold_3,direct_d5_relative,0.4,generator_all,2,30,0.024235432967543602,0.9757645670324564,7.505795001983643,11.691606521606445,1423
fold_3,direct_d5_relative,0.45,generator_all,2,30,0.024110661819577217,0.9758893381804228,7.469219207763672,11.60834789276123,1423
fold_3,direct_d5_relative,0.5,generator_all,2,30,0.024007104337215424,0.9759928956627846,7.439061164855957,11.530695915222168,1423
fold_3,direct_d5_relative,0.55,generator_all,2,30,0.023926451802253723,0.9760735481977463,7.416162014007568,11.458768844604492,1423
fold_3,direct_d5_relative,0.6,generator_all,2,30,0.02385745942592621,0.9761425405740738,7.397006034851074,11.39267349243164,1423
fold_3,direct_d5_relative,0.65,generator_all,2,30,0.02381027117371559,0.9761897288262844,7.384629726409912,11.332510948181152,1423
fold_3,direct_d5_relative,0.7,generator_all,2,30,0.0237820353358984,0.9762179646641016,7.378163814544678,11.278377532958984,1423
fold_3,direct_d5_relative,0.75,generator_all,2,30,0.023771343752741814,0.9762286562472582,7.376968860626221,11.23036003112793,1423
fold_3,direct_d5_relative,0.8,generator_all,2,30,0.02378544770181179,0.9762145522981882,7.383439064025879,11.188536643981934,1423
fold_3,direct_d5_relative,0.85,generator_all,2,30,0.023812994360923767,0.9761870056390762,7.394168853759766,11.152976989746094,1423
fold_3,direct_d5_relative,0.9,generator_all,2,30,0.02385503612458706,0.9761449638754129,7.409420013427734,11.12374210357666,1423
fold_3,direct_d5_relative,0.95,generator_all,2,30,0.023913010954856873,0.9760869890451431,7.429504871368408,11.100881576538086,1423
fold_3,direct_d5_relative,1.0,generator_all,2,30,0.023984679952263832,0.9760153200477362,7.453775405883789,11.08443546295166,1423
fold_3,direct_d5_relative,0.0,generator_all,3,45,0.03452293947339058,0.9654770605266094,10.652626037597656,16.254003524780273,1423
fold_3,direct_d5_relative,0.05,generator_all,3,45,0.03409424424171448,0.9659057557582855,10.522746086120605,16.066219329833984,1423
fold_3,direct_d5_relative,0.1,generator_all,3,45,0.03370218351483345,0.9662978164851665,10.404582977294922,15.885270118713379,1423
fold_3,direct_d5_relative,0.15,generator_all,3,45,0.0333457849919796,0.9666542150080204,10.297250747680664,15.711394309997559,1423
fold_3,direct_d5_relative,0.2,generator_all,3,45,0.03301694244146347,0.9669830575585365,10.198193550109863,15.544825553894043,1423
fold_3,direct_d5_relative,0.25,generator_all,3,45,0.03271390125155449,0.9672860987484455,10.10696029663086,15.38580322265625,1423
fold_3,direct_d5_relative,0.3,generator_all,3,45,0.03244134038686752,0.9675586596131325,10.025379180908203,15.234564781188965,1423
fold_3,direct_d5_relative,0.35,generator_all,3,45,0.032196592539548874,0.9678034074604511,9.952553749084473,15.091341972351074,1423
fold_3,direct_d5_relative,0.4,generator_all,3,45,0.03198137506842613,0.9680186249315739,9.889362335205078,14.956366539001465,1423
fold_3,direct_d5_relative,0.45,generator_all,3,45,0.03180738165974617,0.9681926183402538,9.839190483093262,14.829862594604492,1423
fold_3,direct_d5_relative,0.5,generator_all,3,45,0.03166058287024498,0.968339417129755,9.797135353088379,14.712051391601562,1423
fold_3,direct_d5_relative,0.55,generator_all,3,45,0.03154263272881508,0.9684573672711849,9.763785362243652,14.60313892364502,1423
fold_3,direct_d5_relative,0.6,generator_all,3,45,0.03145107999444008,0.9685489200055599,9.738566398620605,14.503328323364258,1423
fold_3,direct_d5_relative,0.65,generator_all,3,45,0.03138672187924385,0.9686132781207561,9.721942901611328,14.412809371948242,1423
fold_3,direct_d5_relative,0.7,generator_all,3,45,0.031342897564172745,0.9686571024358273,9.71158218383789,14.331754684448242,1423
fold_3,direct_d5_relative,0.75,generator_all,3,45,0.03132544085383415,0.9686745591461658,9.709436416625977,14.260331153869629,1423
fold_3,direct_d5_relative,0.8,generator_all,3,45,0.031341683119535446,0.9686583168804646,9.718024253845215,14.19867992401123,1423
fold_3,direct_d5_relative,0.85,generator_all,3,45,0.03137980028986931,0.9686201997101307,9.733537673950195,14.146928787231445,1423
fold_3,direct_d5_relative,0.9,generator_all,3,45,0.03143896907567978,0.9685610309243202,9.755699157714844,14.105189323425293,1423
fold_3,direct_d5_relative,0.95,generator_all,3,45,0.03152981400489807,0.9684701859951019,9.787574768066406,14.073548316955566,1423
fold_3,direct_d5_relative,1.0,generator_all,3,45,0.03165369853377342,0.9683463014662266,9.829978942871094,14.052074432373047,1423
fold_3,direct_d5_relative,0.0,generator_all,4,60,0.04247618094086647,0.9575238190591335,13.129419326782227,19.468996047973633,1423
fold_3,direct_d5_relative,0.05,generator_all,4,60,0.041913602501153946,0.958086397498846,12.958678245544434,19.229747772216797,1423
fold_3,direct_d5_relative,0.1,generator_all,4,60,0.04139392450451851,0.9586060754954815,12.801325798034668,19.0001220703125,1423
fold_3,direct_d5_relative,0.15,generator_all,4,60,0.04092273861169815,0.9590772613883018,12.659153938293457,18.780473709106445,1423
fold_3,direct_d5_relative,0.2,generator_all,4,60,0.0404929593205452,0.9595070406794548,12.529109001159668,18.57115364074707,1423
fold_3,direct_d5_relative,0.25,generator_all,4,60,0.04011807590723038,0.9598819240927696,12.416878700256348,18.372514724731445,1423
fold_3,direct_d5_relative,0.3,generator_all,4,60,0.039791084825992584,0.9602089151740074,12.320115089416504,18.184907913208008,1423
fold_3,direct_d5_relative,0.35,generator_all,4,60,0.03949866071343422,0.9605013392865658,12.234762191772461,18.008678436279297,1423
fold_3,direct_d5_relative,0.4,generator_all,4,60,0.03925178200006485,0.9607482179999352,12.163472175598145,17.84416389465332,1423
fold_3,direct_d5_relative,0.45,generator_all,4,60,0.03905459865927696,0.960945401340723,12.108108520507812,17.691688537597656,1423
fold_3,direct_d5_relative,0.5,generator_all,4,60,0.03890322893857956,0.9610967710614204,12.067139625549316,17.55156898498535,1423
fold_3,direct_d5_relative,0.55,generator_all,4,60,0.03878890722990036,0.9612110927700996,12.037651062011719,17.424102783203125,1423
fold_3,direct_d5_relative,0.6,generator_all,4,60,0.03871714696288109,0.9612828530371189,12.021828651428223,17.309566497802734,1423
fold_3,direct_d5_relative,0.65,generator_all,4,60,0.038679517805576324,0.9613204821944237,12.016539573669434,17.20822525024414,1423
fold_3,direct_d5_relative,0.7,generator_all,4,60,0.03867591544985771,0.9613240845501423,12.02206039428711,17.120304107666016,1423
fold_3,direct_d5_relative,0.75,generator_all,4,60,0.03869171813130379,0.9613082818686962,12.033502578735352,17.046018600463867,1423
fold_3,direct_d5_relative,0.8,generator_all,4,60,0.0387362577021122,0.9612637422978878,12.053391456604004,16.98554229736328,1423
fold_3,direct_d5_relative,0.85,generator_all,4,60,0.03881453350186348,0.9611854664981365,12.083562850952148,16.939027786254883,1423
fold_3,direct_d5_relative,0.9,generator_all,4,60,0.038921911269426346,0.9610780887305737,12.123072624206543,16.906585693359375,1423
fold_3,direct_d5_relative,0.95,generator_all,4,60,0.03906054422259331,0.9609394557774067,12.172259330749512,16.8882999420166,1423
fold_3,direct_d5_relative,1.0,generator_all,4,60,0.039229415357112885,0.9607705846428871,12.230725288391113,16.884214401245117,1423
fold_3,direct_d5_relative,0.0,generator_all,5,75,0.049257103353738785,0.9507428966462612,15.234405517578125,22.1178035736084,1423
fold_3,direct_d5_relative,0.05,generator_all,5,75,0.04862591251730919,0.9513740874826908,15.040818214416504,21.848709106445312,1423
fold_3,direct_d5_relative,0.1,generator_all,5,75,0.048049960285425186,0.9519500397145748,14.864862442016602,21.589860916137695,1423
fold_3,direct_d5_relative,0.15,generator_all,5,75,0.04750188812613487,0.9524981118738651,14.698118209838867,21.34162712097168,1423
fold_3,direct_d5_relative,0.2,generator_all,5,75,0.04698869585990906,0.9530113041400909,14.542384147644043,21.104387283325195,1423
fold_3,direct_d5_relative,0.25,generator_all,5,75,0.046519823372364044,0.953480176627636,14.400224685668945,20.878511428833008,1423
fold_3,direct_d5_relative,0.3,generator_all,5,75,0.04609175771474838,0.9539082422852516,14.2713041305542,20.66437339782715,1423
fold_3,direct_d5_relative,0.35,generator_all,5,75,0.045725803822278976,0.954274196177721,14.162808418273926,20.462343215942383,1423
fold_3,direct_d5_relative,0.4,generator_all,5,75,0.04541514068841934,0.9545848593115807,14.072115898132324,20.272781372070312,1423
fold_3,direct_d5_relative,0.45,generator_all,5,75,0.045156750828027725,0.9548432491719723,13.9976806640625,20.09604263305664,1423
fold_3,direct_d5_relative,0.5,generator_all,5,75,0.04493693262338638,0.9550630673766136,13.935449600219727,19.932466506958008,1423
fold_3,direct_d5_relative,0.55,generator_all,5,75,0.044763997197151184,0.9552360028028488,13.887456893920898,19.782379150390625,1423
fold_3,direct_d5_relative,0.6,generator_all,5,75,0.04463642090559006,0.9553635790944099,13.853899955749512,19.64609146118164,1423
fold_3,direct_d5_relative,0.65,generator_all,5,75,0.04455237835645676,0.9554476216435432,13.833549499511719,19.523889541625977,1423
fold_3,direct_d5_relative,0.7,generator_all,5,75,0.04450444132089615,0.9554955586791039,13.82438850402832,19.41604232788086,1423
fold_3,direct_d5_relative,0.75,generator_all,5,75,0.04448637366294861,0.9555136263370514,13.824684143066406,19.32278823852539,1423
fold_3,direct_d5_relative,0.8,generator_all,5,75,0.04450032114982605,0.955499678850174,13.835040092468262,19.244342803955078,1423
fold_3,direct_d5_relative,0.85,generator_all,5,75,0.04453746974468231,0.9554625302553177,13.85268783569336,19.18088150024414,1423
fold_3,direct_d5_relative,0.9,generator_all,5,75,0.04461797699332237,0.9553820230066776,13.8836088180542,19.132558822631836,1423
fold_3,direct_d5_relative,0.95,generator_all,5,75,0.0447496697306633,0.9552503302693367,13.930572509765625,19.099489212036133,1423
fold_3,direct_d5_relative,1.0,generator_all,5,75,0.044926464557647705,0.9550735354423523,13.991363525390625,19.081748962402344,1423
fold_3,direct_d5_relative,0.0,generator_all,6,90,0.055284030735492706,0.9447159692645073,17.10329246520996,24.392398834228516,1423
fold_3,direct_d5_relative,0.05,generator_all,6,90,0.054564833641052246,0.9454351663589478,16.881141662597656,24.097728729248047,1423
fold_3,direct_d5_relative,0.1,generator_all,6,90,0.05388907343149185,0.9461109265685081,16.6733455657959,23.81528091430664,1423
fold_3,direct_d5_relative,0.15,generator_all,6,90,0.05327071622014046,0.9467292837798595,16.484100341796875,23.54549789428711,1423
fold_3,direct_d5_relative,0.2,generator_all,6,90,0.052708178758621216,0.9472918212413788,16.31244468688965,23.288818359375,1423
fold_3,direct_d5_relative,0.25,generator_all,6,90,0.052195288240909576,0.9478047117590904,16.156545639038086,23.045679092407227,1423
fold_3,direct_d5_relative,0.3,generator_all,6,90,0.05173225328326225,0.9482677467167377,16.01673126220703,22.81651496887207,1423
fold_3,direct_d5_relative,0.35,generator_all,6,90,0.05131138116121292,0.9486886188387871,15.890350341796875,22.601749420166016,1423
fold_3,direct_d5_relative,0.4,generator_all,6,90,0.050949446856975555,0.9490505531430244,15.782387733459473,22.401796340942383,1423
fold_3,direct_d5_relative,0.45,generator_all,6,90,0.0506400428712368,0.9493599571287632,15.691441535949707,22.217058181762695,1423
fold_3,direct_d5_relative,0.5,generator_all,6,90,0.05038965865969658,0.9496103413403034,15.61935043334961,22.047914505004883,1423
fold_3,direct_d5_relative,0.55,generator_all,6,90,0.05020114779472351,0.9497988522052765,15.566593170166016,21.89472770690918,1423
fold_3,direct_d5_relative,0.6,generator_all,6,90,0.05006927624344826,0.9499307237565517,15.531102180480957,21.757837295532227,1423
fold_3,direct_d5_relative,0.65,generator_all,6,90,0.04996946081519127,0.9500305391848087,15.505574226379395,21.637548446655273,1423
fold_3,direct_d5_relative,0.7,generator_all,6,90,0.049924422055482864,0.9500755779445171,15.497391700744629,21.53413963317871,1423
fold_3,direct_d5_relative,0.75,generator_all,6,90,0.04992895573377609,0.9500710442662239,15.504850387573242,21.447860717773438,1423
fold_3,direct_d5_relative,0.8,generator_all,6,90,0.04998195916414261,0.9500180408358574,15.527249336242676,21.37891387939453,1423
fold_3,direct_d5_relative,0.85,generator_all,6,90,0.050074219703674316,0.9499257802963257,15.562283515930176,21.32746696472168,1423
fold_3,direct_d5_relative,0.9,generator_all,6,90,0.05020221322774887,0.9497977867722511,15.608592987060547,21.29364776611328,1423
fold_3,direct_d5_relative,0.95,generator_all,6,90,0.05037099868059158,0.9496290013194084,15.66808032989502,21.277542114257812,1423
fold_3,direct_d5_relative,1.0,generator_all,6,90,0.05059341713786125,0.9494065828621387,15.743916511535645,21.27918815612793,1423
fold_3,direct_d5_relative,0.0,generator_all,7,105,0.060042958706617355,0.9399570412933826,18.563161849975586,26.230043411254883,1423
fold_3,direct_d5_relative,0.05,generator_all,7,105,0.05915170907974243,0.9408482909202576,18.28795623779297,25.877946853637695,1423
fold_3,direct_d5_relative,0.1,generator_all,7,105,0.058328866958618164,0.9416711330413818,18.034542083740234,25.54169273376465,1423
fold_3,direct_d5_relative,0.15,generator_all,7,105,0.057604894042015076,0.9423951059579849,17.812335968017578,25.221912384033203,1423
fold_3,direct_d5_relative,0.2,generator_all,7,105,0.05698266252875328,0.9430173374712467,17.62285804748535,24.919239044189453,1423
fold_3,direct_d5_relative,0.25,generator_all,7,105,0.05641736090183258,0.9435826390981674,17.45210075378418,24.634305953979492,1423
fold_3,direct_d5_relative,0.3,generator_all,7,105,0.055913832038640976,0.944086167961359,17.30202293395996,24.36773681640625,1423
fold_3,direct_d5_relative,0.35,generator_all,7,105,0.055483754724264145,0.9445162452757359,17.175518035888672,24.120132446289062,1423
fold_3,direct_d5_relative,0.4,generator_all,7,105,0.05512302368879318,0.9448769763112068,17.071680068969727,23.892091751098633,1423
fold_3,direct_d5_relative,0.45,generator_all,7,105,0.054835863411426544,0.9451641365885735,16.991107940673828,23.684173583984375,1423
fold_3,direct_d5_relative,0.5,generator_all,7,105,0.05462449789047241,0.9453755021095276,16.933679580688477,23.496915817260742,1423
fold_3,direct_d5_relative,0.55,generator_all,7,105,0.05447078496217728,0.9455292150378227,16.893457412719727,23.330814361572266,1423
fold_3,direct_d5_relative,0.6,generator_all,7,105,0.054366666823625565,0.9456333331763744,16.869199752807617,23.186323165893555,1423
fold_3,direct_d5_relative,0.65,generator_all,7,105,0.054312076419591904,0.9456879235804081,16.86079216003418,23.06385040283203,1423
fold_3,direct_d5_relative,0.7,generator_all,7,105,0.05430455133318901,0.945695448666811,16.867061614990234,22.9637451171875,1423
fold_3,direct_d5_relative,0.75,generator_all,7,105,0.05435773730278015,0.9456422626972198,16.891706466674805,22.886306762695312,1423
fold_3,direct_d5_relative,0.8,generator_all,7,105,0.05446350947022438,0.9455364905297756,16.932849884033203,22.83176040649414,1423
fold_3,direct_d5_relative,0.85,generator_all,7,105,0.05461638420820236,0.9453836157917976,16.988508224487305,22.80027198791504,1423
fold_3,direct_d5_relative,0.9,generator_all,7,105,0.05484382435679436,0.9451561756432056,17.06728172302246,22.79193687438965,1423
fold_3,direct_d5_relative,0.95,generator_all,7,105,0.05513862520456314,0.9448613747954369,17.166292190551758,22.806779861450195,1423
fold_3,direct_d5_relative,1.0,generator_all,7,105,0.05548759549856186,0.9445124045014381,17.28164291381836,22.844758987426758,1423
fold_3,direct_d5_relative,0.0,generator_all,8,120,0.06411588937044144,0.9358841106295586,19.823543548583984,27.73310661315918,1423
fold_3,direct_d5_relative,0.05,generator_all,8,120,0.0631074532866478,0.9368925467133522,19.51384925842285,27.351106643676758,1423
fold_3,direct_d5_relative,0.1,generator_all,8,120,0.06219851225614548,0.9378014877438545,19.235898971557617,26.98812484741211,1423
fold_3,direct_d5_relative,0.15,generator_all,8,120,0.06137286126613617,0.9386271387338638,18.98430824279785,26.644939422607422,1423
fold_3,direct_d5_relative,0.2,generator_all,8,120,0.06064034625887871,0.9393596537411213,18.763248443603516,26.32231903076172,1423
fold_3,direct_d5_relative,0.25,generator_all,8,120,0.059989579021930695,0.9400104209780693,18.568876266479492,26.021032333374023,1423
fold_3,direct_d5_relative,0.3,generator_all,8,120,0.05945476144552231,0.9405452385544777,18.41318130493164,25.74182891845703,1423
fold_3,direct_d5_relative,0.35,generator_all,8,120,0.05901189148426056,0.9409881085157394,18.286935806274414,25.485431671142578,1423
fold_3,direct_d5_relative,0.4,generator_all,8,120,0.05864473804831505,0.941355261951685,18.1851749420166,25.252540588378906,1423
fold_3,direct_d5_relative,0.45,generator_all,8,120,0.05835882946848869,0.9416411705315113,18.10969352722168,25.043806076049805,1423
fold_3,direct_d5_relative,0.5,generator_all,8,120,0.05814798176288605,0.941852018237114,18.057964324951172,24.859840393066406,1423
fold_3,direct_d5_relative,0.55,generator_all,8,120,0.05801737308502197,0.941982626914978,18.03165626525879,24.701194763183594,1423
fold_3,direct_d5_relative,0.6,generator_all,8,120,0.057954881340265274,0.9420451186597347,18.026655197143555,24.568363189697266,1423
fold_3,direct_d5_relative,0.65,generator_all,8,120,0.057950545102357864,0.9420494548976421,18.04043960571289,24.461759567260742,1423
fold_3,direct_d5_relative,0.7,generator_all,8,120,0.057995717972517014,0.942004282027483,18.06963539123535,24.381732940673828,1423
fold_3,direct_d5_relative,0.75,generator_all,8,120,0.058125875890254974,0.941874124109745,18.12565803527832,24.32854461669922,1423
fold_3,direct_d5_relative,0.8,generator_all,8,120,0.0583028681576252,0.9416971318423748,18.1962947845459,24.302370071411133,1423
fold_3,direct_d5_relative,0.85,generator_all,8,120,0.05853350833058357,0.9414664916694164,18.28389549255371,24.30329704284668,1423
fold_3,direct_d5_relative,0.9,generator_all,8,120,0.05886871740221977,0.9411312825977802,18.404890060424805,24.331321716308594,1423
fold_3,direct_d5_relative,0.95,generator_all,8,120,0.05925538018345833,0.9407446198165417,18.541566848754883,24.3863525390625,1423
fold_3,direct_d5_relative,1.0,generator_all,8,120,0.0596947968006134,0.9403052031993866,18.694461822509766,24.46820831298828,1423
